# higher-detail knight model for Chess3D
# Generated procedural chess model. Units: Y-up, centered on origin.
o knight
v 0.420000 0.000000 0.000000
v 0.418402 0.000000 0.036605
v 0.413619 0.000000 0.072932
v 0.405689 0.000000 0.108704
v 0.394671 0.000000 0.143648
v 0.380649 0.000000 0.177500
v 0.363731 0.000000 0.210000
v 0.344044 0.000000 0.240902
v 0.321739 0.000000 0.269971
v 0.296985 0.000000 0.296985
v 0.269971 0.000000 0.321739
v 0.240902 0.000000 0.344044
v 0.210000 0.000000 0.363731
v 0.177500 0.000000 0.380649
v 0.143648 0.000000 0.394671
v 0.108704 0.000000 0.405689
v 0.072932 0.000000 0.413619
v 0.036605 0.000000 0.418402
v 0.000000 0.000000 0.420000
v -0.036605 0.000000 0.418402
v -0.072932 0.000000 0.413619
v -0.108704 0.000000 0.405689
v -0.143648 0.000000 0.394671
v -0.177500 0.000000 0.380649
v -0.210000 0.000000 0.363731
v -0.240902 0.000000 0.344044
v -0.269971 0.000000 0.321739
v -0.296985 0.000000 0.296985
v -0.321739 0.000000 0.269971
v -0.344044 0.000000 0.240902
v -0.363731 0.000000 0.210000
v -0.380649 0.000000 0.177500
v -0.394671 0.000000 0.143648
v -0.405689 0.000000 0.108704
v -0.413619 0.000000 0.072932
v -0.418402 0.000000 0.036605
v -0.420000 0.000000 0.000000
v -0.418402 0.000000 -0.036605
v -0.413619 0.000000 -0.072932
v -0.405689 0.000000 -0.108704
v -0.394671 0.000000 -0.143648
v -0.380649 0.000000 -0.177500
v -0.363731 0.000000 -0.210000
v -0.344044 0.000000 -0.240902
v -0.321739 0.000000 -0.269971
v -0.296985 0.000000 -0.296985
v -0.269971 0.000000 -0.321739
v -0.240902 0.000000 -0.344044
v -0.210000 0.000000 -0.363731
v -0.177500 0.000000 -0.380649
v -0.143648 0.000000 -0.394671
v -0.108704 0.000000 -0.405689
v -0.072932 0.000000 -0.413619
v -0.036605 0.000000 -0.418402
v -0.000000 0.000000 -0.420000
v 0.036605 0.000000 -0.418402
v 0.072932 0.000000 -0.413619
v 0.108704 0.000000 -0.405689
v 0.143648 0.000000 -0.394671
v 0.177500 0.000000 -0.380649
v 0.210000 0.000000 -0.363731
v 0.240902 0.000000 -0.344044
v 0.269971 0.000000 -0.321739
v 0.296985 0.000000 -0.296985
v 0.321739 0.000000 -0.269971
v 0.344044 0.000000 -0.240902
v 0.363731 0.000000 -0.210000
v 0.380649 0.000000 -0.177500
v 0.394671 0.000000 -0.143648
v 0.405689 0.000000 -0.108704
v 0.413619 0.000000 -0.072932
v 0.418402 0.000000 -0.036605
v 0.430000 0.035000 0.000000
v 0.428364 0.035000 0.037477
v 0.423467 0.035000 0.074669
v 0.415348 0.035000 0.111292
v 0.404068 0.035000 0.147069
v 0.389712 0.035000 0.181726
v 0.372391 0.035000 0.215000
v 0.352235 0.035000 0.246638
v 0.329399 0.035000 0.276399
v 0.304056 0.035000 0.304056
v 0.276399 0.035000 0.329399
v 0.246638 0.035000 0.352235
v 0.215000 0.035000 0.372391
v 0.181726 0.035000 0.389712
v 0.147069 0.035000 0.404068
v 0.111292 0.035000 0.415348
v 0.074669 0.035000 0.423467
v 0.037477 0.035000 0.428364
v 0.000000 0.035000 0.430000
v -0.037477 0.035000 0.428364
v -0.074669 0.035000 0.423467
v -0.111292 0.035000 0.415348
v -0.147069 0.035000 0.404068
v -0.181726 0.035000 0.389712
v -0.215000 0.035000 0.372391
v -0.246638 0.035000 0.352235
v -0.276399 0.035000 0.329399
v -0.304056 0.035000 0.304056
v -0.329399 0.035000 0.276399
v -0.352235 0.035000 0.246638
v -0.372391 0.035000 0.215000
v -0.389712 0.035000 0.181726
v -0.404068 0.035000 0.147069
v -0.415348 0.035000 0.111292
v -0.423467 0.035000 0.074669
v -0.428364 0.035000 0.037477
v -0.430000 0.035000 0.000000
v -0.428364 0.035000 -0.037477
v -0.423467 0.035000 -0.074669
v -0.415348 0.035000 -0.111292
v -0.404068 0.035000 -0.147069
v -0.389712 0.035000 -0.181726
v -0.372391 0.035000 -0.215000
v -0.352235 0.035000 -0.246638
v -0.329399 0.035000 -0.276399
v -0.304056 0.035000 -0.304056
v -0.276399 0.035000 -0.329399
v -0.246638 0.035000 -0.352235
v -0.215000 0.035000 -0.372391
v -0.181726 0.035000 -0.389712
v -0.147069 0.035000 -0.404068
v -0.111292 0.035000 -0.415348
v -0.074669 0.035000 -0.423467
v -0.037477 0.035000 -0.428364
v -0.000000 0.035000 -0.430000
v 0.037477 0.035000 -0.428364
v 0.074669 0.035000 -0.423467
v 0.111292 0.035000 -0.415348
v 0.147069 0.035000 -0.404068
v 0.181726 0.035000 -0.389712
v 0.215000 0.035000 -0.372391
v 0.246638 0.035000 -0.352235
v 0.276399 0.035000 -0.329399
v 0.304056 0.035000 -0.304056
v 0.329399 0.035000 -0.276399
v 0.352235 0.035000 -0.246638
v 0.372391 0.035000 -0.215000
v 0.389712 0.035000 -0.181726
v 0.404068 0.035000 -0.147069
v 0.415348 0.035000 -0.111292
v 0.423467 0.035000 -0.074669
v 0.428364 0.035000 -0.037477
v 0.390000 0.075000 0.000000
v 0.388516 0.075000 0.033991
v 0.384075 0.075000 0.067723
v 0.376711 0.075000 0.100939
v 0.366480 0.075000 0.133388
v 0.353460 0.075000 0.164821
v 0.337750 0.075000 0.195000
v 0.319469 0.075000 0.223695
v 0.298757 0.075000 0.250687
v 0.275772 0.075000 0.275772
v 0.250687 0.075000 0.298757
v 0.223695 0.075000 0.319469
v 0.195000 0.075000 0.337750
v 0.164821 0.075000 0.353460
v 0.133388 0.075000 0.366480
v 0.100939 0.075000 0.376711
v 0.067723 0.075000 0.384075
v 0.033991 0.075000 0.388516
v 0.000000 0.075000 0.390000
v -0.033991 0.075000 0.388516
v -0.067723 0.075000 0.384075
v -0.100939 0.075000 0.376711
v -0.133388 0.075000 0.366480
v -0.164821 0.075000 0.353460
v -0.195000 0.075000 0.337750
v -0.223695 0.075000 0.319469
v -0.250687 0.075000 0.298757
v -0.275772 0.075000 0.275772
v -0.298757 0.075000 0.250687
v -0.319469 0.075000 0.223695
v -0.337750 0.075000 0.195000
v -0.353460 0.075000 0.164821
v -0.366480 0.075000 0.133388
v -0.376711 0.075000 0.100939
v -0.384075 0.075000 0.067723
v -0.388516 0.075000 0.033991
v -0.390000 0.075000 0.000000
v -0.388516 0.075000 -0.033991
v -0.384075 0.075000 -0.067723
v -0.376711 0.075000 -0.100939
v -0.366480 0.075000 -0.133388
v -0.353460 0.075000 -0.164821
v -0.337750 0.075000 -0.195000
v -0.319469 0.075000 -0.223695
v -0.298757 0.075000 -0.250687
v -0.275772 0.075000 -0.275772
v -0.250687 0.075000 -0.298757
v -0.223695 0.075000 -0.319469
v -0.195000 0.075000 -0.337750
v -0.164821 0.075000 -0.353460
v -0.133388 0.075000 -0.366480
v -0.100939 0.075000 -0.376711
v -0.067723 0.075000 -0.384075
v -0.033991 0.075000 -0.388516
v -0.000000 0.075000 -0.390000
v 0.033991 0.075000 -0.388516
v 0.067723 0.075000 -0.384075
v 0.100939 0.075000 -0.376711
v 0.133388 0.075000 -0.366480
v 0.164821 0.075000 -0.353460
v 0.195000 0.075000 -0.337750
v 0.223695 0.075000 -0.319469
v 0.250687 0.075000 -0.298757
v 0.275772 0.075000 -0.275772
v 0.298757 0.075000 -0.250687
v 0.319469 0.075000 -0.223695
v 0.337750 0.075000 -0.195000
v 0.353460 0.075000 -0.164821
v 0.366480 0.075000 -0.133388
v 0.376711 0.075000 -0.100939
v 0.384075 0.075000 -0.067723
v 0.388516 0.075000 -0.033991
v 0.320000 0.110000 0.000000
v 0.318782 0.110000 0.027890
v 0.315138 0.110000 0.055567
v 0.309096 0.110000 0.082822
v 0.300702 0.110000 0.109446
v 0.290018 0.110000 0.135238
v 0.277128 0.110000 0.160000
v 0.262129 0.110000 0.183544
v 0.245134 0.110000 0.205692
v 0.226274 0.110000 0.226274
v 0.205692 0.110000 0.245134
v 0.183544 0.110000 0.262129
v 0.160000 0.110000 0.277128
v 0.135238 0.110000 0.290018
v 0.109446 0.110000 0.300702
v 0.082822 0.110000 0.309096
v 0.055567 0.110000 0.315138
v 0.027890 0.110000 0.318782
v 0.000000 0.110000 0.320000
v -0.027890 0.110000 0.318782
v -0.055567 0.110000 0.315138
v -0.082822 0.110000 0.309096
v -0.109446 0.110000 0.300702
v -0.135238 0.110000 0.290018
v -0.160000 0.110000 0.277128
v -0.183544 0.110000 0.262129
v -0.205692 0.110000 0.245134
v -0.226274 0.110000 0.226274
v -0.245134 0.110000 0.205692
v -0.262129 0.110000 0.183544
v -0.277128 0.110000 0.160000
v -0.290018 0.110000 0.135238
v -0.300702 0.110000 0.109446
v -0.309096 0.110000 0.082822
v -0.315138 0.110000 0.055567
v -0.318782 0.110000 0.027890
v -0.320000 0.110000 0.000000
v -0.318782 0.110000 -0.027890
v -0.315138 0.110000 -0.055567
v -0.309096 0.110000 -0.082822
v -0.300702 0.110000 -0.109446
v -0.290018 0.110000 -0.135238
v -0.277128 0.110000 -0.160000
v -0.262129 0.110000 -0.183544
v -0.245134 0.110000 -0.205692
v -0.226274 0.110000 -0.226274
v -0.205692 0.110000 -0.245134
v -0.183544 0.110000 -0.262129
v -0.160000 0.110000 -0.277128
v -0.135238 0.110000 -0.290018
v -0.109446 0.110000 -0.300702
v -0.082822 0.110000 -0.309096
v -0.055567 0.110000 -0.315138
v -0.027890 0.110000 -0.318782
v -0.000000 0.110000 -0.320000
v 0.027890 0.110000 -0.318782
v 0.055567 0.110000 -0.315138
v 0.082822 0.110000 -0.309096
v 0.109446 0.110000 -0.300702
v 0.135238 0.110000 -0.290018
v 0.160000 0.110000 -0.277128
v 0.183544 0.110000 -0.262129
v 0.205692 0.110000 -0.245134
v 0.226274 0.110000 -0.226274
v 0.245134 0.110000 -0.205692
v 0.262129 0.110000 -0.183544
v 0.277128 0.110000 -0.160000
v 0.290018 0.110000 -0.135238
v 0.300702 0.110000 -0.109446
v 0.309096 0.110000 -0.082822
v 0.315138 0.110000 -0.055567
v 0.318782 0.110000 -0.027890
v 0.335000 0.155000 0.000000
v 0.333725 0.155000 0.029197
v 0.329911 0.155000 0.058172
v 0.323585 0.155000 0.086704
v 0.314797 0.155000 0.114577
v 0.303613 0.155000 0.141577
v 0.290119 0.155000 0.167500
v 0.274416 0.155000 0.192148
v 0.256625 0.155000 0.215334
v 0.236881 0.155000 0.236881
v 0.215334 0.155000 0.256625
v 0.192148 0.155000 0.274416
v 0.167500 0.155000 0.290119
v 0.141577 0.155000 0.303613
v 0.114577 0.155000 0.314797
v 0.086704 0.155000 0.323585
v 0.058172 0.155000 0.329911
v 0.029197 0.155000 0.333725
v 0.000000 0.155000 0.335000
v -0.029197 0.155000 0.333725
v -0.058172 0.155000 0.329911
v -0.086704 0.155000 0.323585
v -0.114577 0.155000 0.314797
v -0.141577 0.155000 0.303613
v -0.167500 0.155000 0.290119
v -0.192148 0.155000 0.274416
v -0.215334 0.155000 0.256625
v -0.236881 0.155000 0.236881
v -0.256625 0.155000 0.215334
v -0.274416 0.155000 0.192148
v -0.290119 0.155000 0.167500
v -0.303613 0.155000 0.141577
v -0.314797 0.155000 0.114577
v -0.323585 0.155000 0.086704
v -0.329911 0.155000 0.058172
v -0.333725 0.155000 0.029197
v -0.335000 0.155000 0.000000
v -0.333725 0.155000 -0.029197
v -0.329911 0.155000 -0.058172
v -0.323585 0.155000 -0.086704
v -0.314797 0.155000 -0.114577
v -0.303613 0.155000 -0.141577
v -0.290119 0.155000 -0.167500
v -0.274416 0.155000 -0.192148
v -0.256625 0.155000 -0.215334
v -0.236881 0.155000 -0.236881
v -0.215334 0.155000 -0.256625
v -0.192148 0.155000 -0.274416
v -0.167500 0.155000 -0.290119
v -0.141577 0.155000 -0.303613
v -0.114577 0.155000 -0.314797
v -0.086704 0.155000 -0.323585
v -0.058172 0.155000 -0.329911
v -0.029197 0.155000 -0.333725
v -0.000000 0.155000 -0.335000
v 0.029197 0.155000 -0.333725
v 0.058172 0.155000 -0.329911
v 0.086704 0.155000 -0.323585
v 0.114577 0.155000 -0.314797
v 0.141577 0.155000 -0.303613
v 0.167500 0.155000 -0.290119
v 0.192148 0.155000 -0.274416
v 0.215334 0.155000 -0.256625
v 0.236881 0.155000 -0.236881
v 0.256625 0.155000 -0.215334
v 0.274416 0.155000 -0.192148
v 0.290119 0.155000 -0.167500
v 0.303613 0.155000 -0.141577
v 0.314797 0.155000 -0.114577
v 0.323585 0.155000 -0.086704
v 0.329911 0.155000 -0.058172
v 0.333725 0.155000 -0.029197
v 0.265000 0.205000 0.000000
v 0.263992 0.205000 0.023096
v 0.260974 0.205000 0.046017
v 0.255970 0.205000 0.068587
v 0.249019 0.205000 0.090635
v 0.240172 0.205000 0.111994
v 0.229497 0.205000 0.132500
v 0.217075 0.205000 0.151998
v 0.203002 0.205000 0.170339
v 0.187383 0.205000 0.187383
v 0.170339 0.205000 0.203002
v 0.151998 0.205000 0.217075
v 0.132500 0.205000 0.229497
v 0.111994 0.205000 0.240172
v 0.090635 0.205000 0.249019
v 0.068587 0.205000 0.255970
v 0.046017 0.205000 0.260974
v 0.023096 0.205000 0.263992
v 0.000000 0.205000 0.265000
v -0.023096 0.205000 0.263992
v -0.046017 0.205000 0.260974
v -0.068587 0.205000 0.255970
v -0.090635 0.205000 0.249019
v -0.111994 0.205000 0.240172
v -0.132500 0.205000 0.229497
v -0.151998 0.205000 0.217075
v -0.170339 0.205000 0.203002
v -0.187383 0.205000 0.187383
v -0.203002 0.205000 0.170339
v -0.217075 0.205000 0.151998
v -0.229497 0.205000 0.132500
v -0.240172 0.205000 0.111994
v -0.249019 0.205000 0.090635
v -0.255970 0.205000 0.068587
v -0.260974 0.205000 0.046017
v -0.263992 0.205000 0.023096
v -0.265000 0.205000 0.000000
v -0.263992 0.205000 -0.023096
v -0.260974 0.205000 -0.046017
v -0.255970 0.205000 -0.068587
v -0.249019 0.205000 -0.090635
v -0.240172 0.205000 -0.111994
v -0.229497 0.205000 -0.132500
v -0.217075 0.205000 -0.151998
v -0.203002 0.205000 -0.170339
v -0.187383 0.205000 -0.187383
v -0.170339 0.205000 -0.203002
v -0.151998 0.205000 -0.217075
v -0.132500 0.205000 -0.229497
v -0.111994 0.205000 -0.240172
v -0.090635 0.205000 -0.249019
v -0.068587 0.205000 -0.255970
v -0.046017 0.205000 -0.260974
v -0.023096 0.205000 -0.263992
v -0.000000 0.205000 -0.265000
v 0.023096 0.205000 -0.263992
v 0.046017 0.205000 -0.260974
v 0.068587 0.205000 -0.255970
v 0.090635 0.205000 -0.249019
v 0.111994 0.205000 -0.240172
v 0.132500 0.205000 -0.229497
v 0.151998 0.205000 -0.217075
v 0.170339 0.205000 -0.203002
v 0.187383 0.205000 -0.187383
v 0.203002 0.205000 -0.170339
v 0.217075 0.205000 -0.151998
v 0.229497 0.205000 -0.132500
v 0.240172 0.205000 -0.111994
v 0.249019 0.205000 -0.090635
v 0.255970 0.205000 -0.068587
v 0.260974 0.205000 -0.046017
v 0.263992 0.205000 -0.023096
v 0.235000 0.270000 0.000000
v 0.234106 0.270000 0.020482
v 0.231430 0.270000 0.040807
v 0.226993 0.270000 0.060822
v 0.220828 0.270000 0.080375
v 0.212982 0.270000 0.099315
v 0.203516 0.270000 0.117500
v 0.192501 0.270000 0.134790
v 0.180020 0.270000 0.151055
v 0.166170 0.270000 0.166170
v 0.151055 0.270000 0.180020
v 0.134790 0.270000 0.192501
v 0.117500 0.270000 0.203516
v 0.099315 0.270000 0.212982
v 0.080375 0.270000 0.220828
v 0.060822 0.270000 0.226993
v 0.040807 0.270000 0.231430
v 0.020482 0.270000 0.234106
v 0.000000 0.270000 0.235000
v -0.020482 0.270000 0.234106
v -0.040807 0.270000 0.231430
v -0.060822 0.270000 0.226993
v -0.080375 0.270000 0.220828
v -0.099315 0.270000 0.212982
v -0.117500 0.270000 0.203516
v -0.134790 0.270000 0.192501
v -0.151055 0.270000 0.180020
v -0.166170 0.270000 0.166170
v -0.180020 0.270000 0.151055
v -0.192501 0.270000 0.134790
v -0.203516 0.270000 0.117500
v -0.212982 0.270000 0.099315
v -0.220828 0.270000 0.080375
v -0.226993 0.270000 0.060822
v -0.231430 0.270000 0.040807
v -0.234106 0.270000 0.020482
v -0.235000 0.270000 0.000000
v -0.234106 0.270000 -0.020482
v -0.231430 0.270000 -0.040807
v -0.226993 0.270000 -0.060822
v -0.220828 0.270000 -0.080375
v -0.212982 0.270000 -0.099315
v -0.203516 0.270000 -0.117500
v -0.192501 0.270000 -0.134790
v -0.180020 0.270000 -0.151055
v -0.166170 0.270000 -0.166170
v -0.151055 0.270000 -0.180020
v -0.134790 0.270000 -0.192501
v -0.117500 0.270000 -0.203516
v -0.099315 0.270000 -0.212982
v -0.080375 0.270000 -0.220828
v -0.060822 0.270000 -0.226993
v -0.040807 0.270000 -0.231430
v -0.020482 0.270000 -0.234106
v -0.000000 0.270000 -0.235000
v 0.020482 0.270000 -0.234106
v 0.040807 0.270000 -0.231430
v 0.060822 0.270000 -0.226993
v 0.080375 0.270000 -0.220828
v 0.099315 0.270000 -0.212982
v 0.117500 0.270000 -0.203516
v 0.134790 0.270000 -0.192501
v 0.151055 0.270000 -0.180020
v 0.166170 0.270000 -0.166170
v 0.180020 0.270000 -0.151055
v 0.192501 0.270000 -0.134790
v 0.203516 0.270000 -0.117500
v 0.212982 0.270000 -0.099315
v 0.220828 0.270000 -0.080375
v 0.226993 0.270000 -0.060822
v 0.231430 0.270000 -0.040807
v 0.234106 0.270000 -0.020482
v 0.255000 0.330000 0.000000
v 0.254030 0.330000 0.022225
v 0.251126 0.330000 0.044280
v 0.246311 0.330000 0.065999
v 0.239622 0.330000 0.087215
v 0.231108 0.330000 0.107768
v 0.220836 0.330000 0.127500
v 0.208884 0.330000 0.146262
v 0.195341 0.330000 0.163911
v 0.180312 0.330000 0.180312
v 0.163911 0.330000 0.195341
v 0.146262 0.330000 0.208884
v 0.127500 0.330000 0.220836
v 0.107768 0.330000 0.231108
v 0.087215 0.330000 0.239622
v 0.065999 0.330000 0.246311
v 0.044280 0.330000 0.251126
v 0.022225 0.330000 0.254030
v 0.000000 0.330000 0.255000
v -0.022225 0.330000 0.254030
v -0.044280 0.330000 0.251126
v -0.065999 0.330000 0.246311
v -0.087215 0.330000 0.239622
v -0.107768 0.330000 0.231108
v -0.127500 0.330000 0.220836
v -0.146262 0.330000 0.208884
v -0.163911 0.330000 0.195341
v -0.180312 0.330000 0.180312
v -0.195341 0.330000 0.163911
v -0.208884 0.330000 0.146262
v -0.220836 0.330000 0.127500
v -0.231108 0.330000 0.107768
v -0.239622 0.330000 0.087215
v -0.246311 0.330000 0.065999
v -0.251126 0.330000 0.044280
v -0.254030 0.330000 0.022225
v -0.255000 0.330000 0.000000
v -0.254030 0.330000 -0.022225
v -0.251126 0.330000 -0.044280
v -0.246311 0.330000 -0.065999
v -0.239622 0.330000 -0.087215
v -0.231108 0.330000 -0.107768
v -0.220836 0.330000 -0.127500
v -0.208884 0.330000 -0.146262
v -0.195341 0.330000 -0.163911
v -0.180312 0.330000 -0.180312
v -0.163911 0.330000 -0.195341
v -0.146262 0.330000 -0.208884
v -0.127500 0.330000 -0.220836
v -0.107768 0.330000 -0.231108
v -0.087215 0.330000 -0.239622
v -0.065999 0.330000 -0.246311
v -0.044280 0.330000 -0.251126
v -0.022225 0.330000 -0.254030
v -0.000000 0.330000 -0.255000
v 0.022225 0.330000 -0.254030
v 0.044280 0.330000 -0.251126
v 0.065999 0.330000 -0.246311
v 0.087215 0.330000 -0.239622
v 0.107768 0.330000 -0.231108
v 0.127500 0.330000 -0.220836
v 0.146262 0.330000 -0.208884
v 0.163911 0.330000 -0.195341
v 0.180312 0.330000 -0.180312
v 0.195341 0.330000 -0.163911
v 0.208884 0.330000 -0.146262
v 0.220836 0.330000 -0.127500
v 0.231108 0.330000 -0.107768
v 0.239622 0.330000 -0.087215
v 0.246311 0.330000 -0.065999
v 0.251126 0.330000 -0.044280
v 0.254030 0.330000 -0.022225
v 0.220000 0.370000 0.000000
v 0.219163 0.370000 0.019174
v 0.216658 0.370000 0.038203
v 0.212504 0.370000 0.056940
v 0.206732 0.370000 0.075244
v 0.199388 0.370000 0.092976
v 0.190526 0.370000 0.110000
v 0.180213 0.370000 0.126187
v 0.168530 0.370000 0.141413
v 0.155563 0.370000 0.155563
v 0.141413 0.370000 0.168530
v 0.126187 0.370000 0.180213
v 0.110000 0.370000 0.190526
v 0.092976 0.370000 0.199388
v 0.075244 0.370000 0.206732
v 0.056940 0.370000 0.212504
v 0.038203 0.370000 0.216658
v 0.019174 0.370000 0.219163
v 0.000000 0.370000 0.220000
v -0.019174 0.370000 0.219163
v -0.038203 0.370000 0.216658
v -0.056940 0.370000 0.212504
v -0.075244 0.370000 0.206732
v -0.092976 0.370000 0.199388
v -0.110000 0.370000 0.190526
v -0.126187 0.370000 0.180213
v -0.141413 0.370000 0.168530
v -0.155563 0.370000 0.155563
v -0.168530 0.370000 0.141413
v -0.180213 0.370000 0.126187
v -0.190526 0.370000 0.110000
v -0.199388 0.370000 0.092976
v -0.206732 0.370000 0.075244
v -0.212504 0.370000 0.056940
v -0.216658 0.370000 0.038203
v -0.219163 0.370000 0.019174
v -0.220000 0.370000 0.000000
v -0.219163 0.370000 -0.019174
v -0.216658 0.370000 -0.038203
v -0.212504 0.370000 -0.056940
v -0.206732 0.370000 -0.075244
v -0.199388 0.370000 -0.092976
v -0.190526 0.370000 -0.110000
v -0.180213 0.370000 -0.126187
v -0.168530 0.370000 -0.141413
v -0.155563 0.370000 -0.155563
v -0.141413 0.370000 -0.168530
v -0.126187 0.370000 -0.180213
v -0.110000 0.370000 -0.190526
v -0.092976 0.370000 -0.199388
v -0.075244 0.370000 -0.206732
v -0.056940 0.370000 -0.212504
v -0.038203 0.370000 -0.216658
v -0.019174 0.370000 -0.219163
v -0.000000 0.370000 -0.220000
v 0.019174 0.370000 -0.219163
v 0.038203 0.370000 -0.216658
v 0.056940 0.370000 -0.212504
v 0.075244 0.370000 -0.206732
v 0.092976 0.370000 -0.199388
v 0.110000 0.370000 -0.190526
v 0.126187 0.370000 -0.180213
v 0.141413 0.370000 -0.168530
v 0.155563 0.370000 -0.155563
v 0.168530 0.370000 -0.141413
v 0.180213 0.370000 -0.126187
v 0.190526 0.370000 -0.110000
v 0.199388 0.370000 -0.092976
v 0.206732 0.370000 -0.075244
v 0.212504 0.370000 -0.056940
v 0.216658 0.370000 -0.038203
v 0.219163 0.370000 -0.019174
v 0.000000 0.000000 0.000000
v 0.420000 0.000000 0.000000
v 0.418402 0.000000 0.036605
v 0.413619 0.000000 0.072932
v 0.405689 0.000000 0.108704
v 0.394671 0.000000 0.143648
v 0.380649 0.000000 0.177500
v 0.363731 0.000000 0.210000
v 0.344044 0.000000 0.240902
v 0.321739 0.000000 0.269971
v 0.296985 0.000000 0.296985
v 0.269971 0.000000 0.321739
v 0.240902 0.000000 0.344044
v 0.210000 0.000000 0.363731
v 0.177500 0.000000 0.380649
v 0.143648 0.000000 0.394671
v 0.108704 0.000000 0.405689
v 0.072932 0.000000 0.413619
v 0.036605 0.000000 0.418402
v 0.000000 0.000000 0.420000
v -0.036605 0.000000 0.418402
v -0.072932 0.000000 0.413619
v -0.108704 0.000000 0.405689
v -0.143648 0.000000 0.394671
v -0.177500 0.000000 0.380649
v -0.210000 0.000000 0.363731
v -0.240902 0.000000 0.344044
v -0.269971 0.000000 0.321739
v -0.296985 0.000000 0.296985
v -0.321739 0.000000 0.269971
v -0.344044 0.000000 0.240902
v -0.363731 0.000000 0.210000
v -0.380649 0.000000 0.177500
v -0.394671 0.000000 0.143648
v -0.405689 0.000000 0.108704
v -0.413619 0.000000 0.072932
v -0.418402 0.000000 0.036605
v -0.420000 0.000000 0.000000
v -0.418402 0.000000 -0.036605
v -0.413619 0.000000 -0.072932
v -0.405689 0.000000 -0.108704
v -0.394671 0.000000 -0.143648
v -0.380649 0.000000 -0.177500
v -0.363731 0.000000 -0.210000
v -0.344044 0.000000 -0.240902
v -0.321739 0.000000 -0.269971
v -0.296985 0.000000 -0.296985
v -0.269971 0.000000 -0.321739
v -0.240902 0.000000 -0.344044
v -0.210000 0.000000 -0.363731
v -0.177500 0.000000 -0.380649
v -0.143648 0.000000 -0.394671
v -0.108704 0.000000 -0.405689
v -0.072932 0.000000 -0.413619
v -0.036605 0.000000 -0.418402
v -0.000000 0.000000 -0.420000
v 0.036605 0.000000 -0.418402
v 0.072932 0.000000 -0.413619
v 0.108704 0.000000 -0.405689
v 0.143648 0.000000 -0.394671
v 0.177500 0.000000 -0.380649
v 0.210000 0.000000 -0.363731
v 0.240902 0.000000 -0.344044
v 0.269971 0.000000 -0.321739
v 0.296985 0.000000 -0.296985
v 0.321739 0.000000 -0.269971
v 0.344044 0.000000 -0.240902
v 0.363731 0.000000 -0.210000
v 0.380649 0.000000 -0.177500
v 0.394671 0.000000 -0.143648
v 0.405689 0.000000 -0.108704
v 0.413619 0.000000 -0.072932
v 0.418402 0.000000 -0.036605
v 0.000000 0.370000 0.000000
v 0.220000 0.370000 0.000000
v 0.219163 0.370000 0.019174
v 0.216658 0.370000 0.038203
v 0.212504 0.370000 0.056940
v 0.206732 0.370000 0.075244
v 0.199388 0.370000 0.092976
v 0.190526 0.370000 0.110000
v 0.180213 0.370000 0.126187
v 0.168530 0.370000 0.141413
v 0.155563 0.370000 0.155563
v 0.141413 0.370000 0.168530
v 0.126187 0.370000 0.180213
v 0.110000 0.370000 0.190526
v 0.092976 0.370000 0.199388
v 0.075244 0.370000 0.206732
v 0.056940 0.370000 0.212504
v 0.038203 0.370000 0.216658
v 0.019174 0.370000 0.219163
v 0.000000 0.370000 0.220000
v -0.019174 0.370000 0.219163
v -0.038203 0.370000 0.216658
v -0.056940 0.370000 0.212504
v -0.075244 0.370000 0.206732
v -0.092976 0.370000 0.199388
v -0.110000 0.370000 0.190526
v -0.126187 0.370000 0.180213
v -0.141413 0.370000 0.168530
v -0.155563 0.370000 0.155563
v -0.168530 0.370000 0.141413
v -0.180213 0.370000 0.126187
v -0.190526 0.370000 0.110000
v -0.199388 0.370000 0.092976
v -0.206732 0.370000 0.075244
v -0.212504 0.370000 0.056940
v -0.216658 0.370000 0.038203
v -0.219163 0.370000 0.019174
v -0.220000 0.370000 0.000000
v -0.219163 0.370000 -0.019174
v -0.216658 0.370000 -0.038203
v -0.212504 0.370000 -0.056940
v -0.206732 0.370000 -0.075244
v -0.199388 0.370000 -0.092976
v -0.190526 0.370000 -0.110000
v -0.180213 0.370000 -0.126187
v -0.168530 0.370000 -0.141413
v -0.155563 0.370000 -0.155563
v -0.141413 0.370000 -0.168530
v -0.126187 0.370000 -0.180213
v -0.110000 0.370000 -0.190526
v -0.092976 0.370000 -0.199388
v -0.075244 0.370000 -0.206732
v -0.056940 0.370000 -0.212504
v -0.038203 0.370000 -0.216658
v -0.019174 0.370000 -0.219163
v -0.000000 0.370000 -0.220000
v 0.019174 0.370000 -0.219163
v 0.038203 0.370000 -0.216658
v 0.056940 0.370000 -0.212504
v 0.075244 0.370000 -0.206732
v 0.092976 0.370000 -0.199388
v 0.110000 0.370000 -0.190526
v 0.126187 0.370000 -0.180213
v 0.141413 0.370000 -0.168530
v 0.155563 0.370000 -0.155563
v 0.168530 0.370000 -0.141413
v 0.180213 0.370000 -0.126187
v 0.190526 0.370000 -0.110000
v 0.199388 0.370000 -0.092976
v 0.206732 0.370000 -0.075244
v 0.212504 0.370000 -0.056940
v 0.216658 0.370000 -0.038203
v 0.219163 0.370000 -0.019174
v -0.010000 0.435000 0.150000
v 0.090000 0.505000 0.150000
v 0.175000 0.570000 0.150000
v 0.280000 0.590000 0.150000
v 0.350000 0.650000 0.150000
v 0.265000 0.700000 0.150000
v 0.375000 0.715000 0.150000
v 0.410000 0.790000 0.150000
v 0.320000 0.865000 0.150000
v 0.225000 0.885000 0.150000
v 0.140000 0.975000 0.150000
v 0.050000 1.030000 0.150000
v -0.035000 0.995000 0.150000
v -0.110000 1.145000 0.150000
v -0.145000 0.972000 0.150000
v -0.230000 0.995000 0.150000
v -0.135000 0.855000 0.150000
v -0.165000 0.660000 0.150000
v -0.215000 0.450000 0.150000
v -0.010000 0.435000 -0.150000
v 0.090000 0.505000 -0.150000
v 0.175000 0.570000 -0.150000
v 0.280000 0.590000 -0.150000
v 0.350000 0.650000 -0.150000
v 0.265000 0.700000 -0.150000
v 0.375000 0.715000 -0.150000
v 0.410000 0.790000 -0.150000
v 0.320000 0.865000 -0.150000
v 0.225000 0.885000 -0.150000
v 0.140000 0.975000 -0.150000
v 0.050000 1.030000 -0.150000
v -0.035000 0.995000 -0.150000
v -0.110000 1.145000 -0.150000
v -0.145000 0.972000 -0.150000
v -0.230000 0.995000 -0.150000
v -0.135000 0.855000 -0.150000
v -0.165000 0.660000 -0.150000
v -0.215000 0.450000 -0.150000
v -0.010000 0.435000 -0.150000
v 0.090000 0.505000 -0.150000
v 0.090000 0.505000 0.150000
v -0.010000 0.435000 0.150000
v 0.090000 0.505000 -0.150000
v 0.175000 0.570000 -0.150000
v 0.175000 0.570000 0.150000
v 0.090000 0.505000 0.150000
v 0.175000 0.570000 -0.150000
v 0.280000 0.590000 -0.150000
v 0.280000 0.590000 0.150000
v 0.175000 0.570000 0.150000
v 0.280000 0.590000 -0.150000
v 0.350000 0.650000 -0.150000
v 0.350000 0.650000 0.150000
v 0.280000 0.590000 0.150000
v 0.350000 0.650000 -0.150000
v 0.265000 0.700000 -0.150000
v 0.265000 0.700000 0.150000
v 0.350000 0.650000 0.150000
v 0.265000 0.700000 -0.150000
v 0.375000 0.715000 -0.150000
v 0.375000 0.715000 0.150000
v 0.265000 0.700000 0.150000
v 0.375000 0.715000 -0.150000
v 0.410000 0.790000 -0.150000
v 0.410000 0.790000 0.150000
v 0.375000 0.715000 0.150000
v 0.410000 0.790000 -0.150000
v 0.320000 0.865000 -0.150000
v 0.320000 0.865000 0.150000
v 0.410000 0.790000 0.150000
v 0.320000 0.865000 -0.150000
v 0.225000 0.885000 -0.150000
v 0.225000 0.885000 0.150000
v 0.320000 0.865000 0.150000
v 0.225000 0.885000 -0.150000
v 0.140000 0.975000 -0.150000
v 0.140000 0.975000 0.150000
v 0.225000 0.885000 0.150000
v 0.140000 0.975000 -0.150000
v 0.050000 1.030000 -0.150000
v 0.050000 1.030000 0.150000
v 0.140000 0.975000 0.150000
v 0.050000 1.030000 -0.150000
v -0.035000 0.995000 -0.150000
v -0.035000 0.995000 0.150000
v 0.050000 1.030000 0.150000
v -0.035000 0.995000 -0.150000
v -0.110000 1.145000 -0.150000
v -0.110000 1.145000 0.150000
v -0.035000 0.995000 0.150000
v -0.110000 1.145000 -0.150000
v -0.145000 0.972000 -0.150000
v -0.145000 0.972000 0.150000
v -0.110000 1.145000 0.150000
v -0.145000 0.972000 -0.150000
v -0.230000 0.995000 -0.150000
v -0.230000 0.995000 0.150000
v -0.145000 0.972000 0.150000
v -0.230000 0.995000 -0.150000
v -0.135000 0.855000 -0.150000
v -0.135000 0.855000 0.150000
v -0.230000 0.995000 0.150000
v -0.135000 0.855000 -0.150000
v -0.165000 0.660000 -0.150000
v -0.165000 0.660000 0.150000
v -0.135000 0.855000 0.150000
v -0.165000 0.660000 -0.150000
v -0.215000 0.450000 -0.150000
v -0.215000 0.450000 0.150000
v -0.165000 0.660000 0.150000
v -0.215000 0.450000 -0.150000
v -0.010000 0.435000 -0.150000
v -0.010000 0.435000 0.150000
v -0.215000 0.450000 0.150000
v -0.195500 0.637500 0.180000
v -0.140500 0.637500 0.180000
v -0.140500 0.732500 0.180000
v -0.195500 0.732500 0.180000
v -0.140500 0.637500 -0.180000
v -0.195500 0.637500 -0.180000
v -0.195500 0.732500 -0.180000
v -0.140500 0.732500 -0.180000
v -0.195500 0.637500 -0.180000
v -0.195500 0.637500 0.180000
v -0.195500 0.732500 0.180000
v -0.195500 0.732500 -0.180000
v -0.140500 0.637500 0.180000
v -0.140500 0.637500 -0.180000
v -0.140500 0.732500 -0.180000
v -0.140500 0.732500 0.180000
v -0.195500 0.732500 0.180000
v -0.140500 0.732500 0.180000
v -0.140500 0.732500 -0.180000
v -0.195500 0.732500 -0.180000
v -0.195500 0.637500 -0.180000
v -0.140500 0.637500 -0.180000
v -0.140500 0.637500 0.180000
v -0.195500 0.637500 0.180000
v -0.179500 0.717500 0.180000
v -0.124500 0.717500 0.180000
v -0.124500 0.812500 0.180000
v -0.179500 0.812500 0.180000
v -0.124500 0.717500 -0.180000
v -0.179500 0.717500 -0.180000
v -0.179500 0.812500 -0.180000
v -0.124500 0.812500 -0.180000
v -0.179500 0.717500 -0.180000
v -0.179500 0.717500 0.180000
v -0.179500 0.812500 0.180000
v -0.179500 0.812500 -0.180000
v -0.124500 0.717500 0.180000
v -0.124500 0.717500 -0.180000
v -0.124500 0.812500 -0.180000
v -0.124500 0.812500 0.180000
v -0.179500 0.812500 0.180000
v -0.124500 0.812500 0.180000
v -0.124500 0.812500 -0.180000
v -0.179500 0.812500 -0.180000
v -0.179500 0.717500 -0.180000
v -0.124500 0.717500 -0.180000
v -0.124500 0.717500 0.180000
v -0.179500 0.717500 0.180000
v -0.165500 0.797500 0.180000
v -0.110500 0.797500 0.180000
v -0.110500 0.892500 0.180000
v -0.165500 0.892500 0.180000
v -0.110500 0.797500 -0.180000
v -0.165500 0.797500 -0.180000
v -0.165500 0.892500 -0.180000
v -0.110500 0.892500 -0.180000
v -0.165500 0.797500 -0.180000
v -0.165500 0.797500 0.180000
v -0.165500 0.892500 0.180000
v -0.165500 0.892500 -0.180000
v -0.110500 0.797500 0.180000
v -0.110500 0.797500 -0.180000
v -0.110500 0.892500 -0.180000
v -0.110500 0.892500 0.180000
v -0.165500 0.892500 0.180000
v -0.110500 0.892500 0.180000
v -0.110500 0.892500 -0.180000
v -0.165500 0.892500 -0.180000
v -0.165500 0.797500 -0.180000
v -0.110500 0.797500 -0.180000
v -0.110500 0.797500 0.180000
v -0.165500 0.797500 0.180000
v -0.155500 0.877500 0.180000
v -0.100500 0.877500 0.180000
v -0.100500 0.972500 0.180000
v -0.155500 0.972500 0.180000
v -0.100500 0.877500 -0.180000
v -0.155500 0.877500 -0.180000
v -0.155500 0.972500 -0.180000
v -0.100500 0.972500 -0.180000
v -0.155500 0.877500 -0.180000
v -0.155500 0.877500 0.180000
v -0.155500 0.972500 0.180000
v -0.155500 0.972500 -0.180000
v -0.100500 0.877500 0.180000
v -0.100500 0.877500 -0.180000
v -0.100500 0.972500 -0.180000
v -0.100500 0.972500 0.180000
v -0.155500 0.972500 0.180000
v -0.100500 0.972500 0.180000
v -0.100500 0.972500 -0.180000
v -0.155500 0.972500 -0.180000
v -0.155500 0.877500 -0.180000
v -0.100500 0.877500 -0.180000
v -0.100500 0.877500 0.180000
v -0.155500 0.877500 0.180000
v 0.185000 0.898000 0.162000
v 0.185000 0.898000 0.162000
v 0.185000 0.898000 0.162000
v 0.185000 0.898000 0.162000
v 0.185000 0.898000 0.162000
v 0.185000 0.898000 0.162000
v 0.185000 0.898000 0.162000
v 0.185000 0.898000 0.162000
v 0.185000 0.898000 0.162000
v 0.185000 0.898000 0.162000
v 0.185000 0.898000 0.162000
v 0.185000 0.898000 0.162000
v 0.194000 0.895588 0.162000
v 0.192794 0.895588 0.164475
v 0.189500 0.895588 0.166287
v 0.185000 0.895588 0.166950
v 0.180500 0.895588 0.166287
v 0.177206 0.895588 0.164475
v 0.176000 0.895588 0.162000
v 0.177206 0.895588 0.159525
v 0.180500 0.895588 0.157713
v 0.185000 0.895588 0.157050
v 0.189500 0.895588 0.157713
v 0.192794 0.895588 0.159525
v 0.200588 0.889000 0.162000
v 0.198500 0.889000 0.166287
v 0.192794 0.889000 0.169425
v 0.185000 0.889000 0.170574
v 0.177206 0.889000 0.169425
v 0.171500 0.889000 0.166287
v 0.169412 0.889000 0.162000
v 0.171500 0.889000 0.157713
v 0.177206 0.889000 0.154575
v 0.185000 0.889000 0.153426
v 0.192794 0.889000 0.154575
v 0.198500 0.889000 0.157713
v 0.203000 0.880000 0.162000
v 0.200588 0.880000 0.166950
v 0.194000 0.880000 0.170574
v 0.185000 0.880000 0.171900
v 0.176000 0.880000 0.170574
v 0.169412 0.880000 0.166950
v 0.167000 0.880000 0.162000
v 0.169412 0.880000 0.157050
v 0.176000 0.880000 0.153426
v 0.185000 0.880000 0.152100
v 0.194000 0.880000 0.153426
v 0.200588 0.880000 0.157050
v 0.200588 0.871000 0.162000
v 0.198500 0.871000 0.166287
v 0.192794 0.871000 0.169425
v 0.185000 0.871000 0.170574
v 0.177206 0.871000 0.169425
v 0.171500 0.871000 0.166287
v 0.169412 0.871000 0.162000
v 0.171500 0.871000 0.157713
v 0.177206 0.871000 0.154575
v 0.185000 0.871000 0.153426
v 0.192794 0.871000 0.154575
v 0.198500 0.871000 0.157713
v 0.194000 0.864412 0.162000
v 0.192794 0.864412 0.164475
v 0.189500 0.864412 0.166287
v 0.185000 0.864412 0.166950
v 0.180500 0.864412 0.166287
v 0.177206 0.864412 0.164475
v 0.176000 0.864412 0.162000
v 0.177206 0.864412 0.159525
v 0.180500 0.864412 0.157713
v 0.185000 0.864412 0.157050
v 0.189500 0.864412 0.157713
v 0.192794 0.864412 0.159525
v 0.185000 0.862000 0.162000
v 0.185000 0.862000 0.162000
v 0.185000 0.862000 0.162000
v 0.185000 0.862000 0.162000
v 0.185000 0.862000 0.162000
v 0.185000 0.862000 0.162000
v 0.185000 0.862000 0.162000
v 0.185000 0.862000 0.162000
v 0.185000 0.862000 0.162000
v 0.185000 0.862000 0.162000
v 0.185000 0.862000 0.162000
v 0.185000 0.862000 0.162000
v 0.185000 0.898000 -0.162000
v 0.185000 0.898000 -0.162000
v 0.185000 0.898000 -0.162000
v 0.185000 0.898000 -0.162000
v 0.185000 0.898000 -0.162000
v 0.185000 0.898000 -0.162000
v 0.185000 0.898000 -0.162000
v 0.185000 0.898000 -0.162000
v 0.185000 0.898000 -0.162000
v 0.185000 0.898000 -0.162000
v 0.185000 0.898000 -0.162000
v 0.185000 0.898000 -0.162000
v 0.194000 0.895588 -0.162000
v 0.192794 0.895588 -0.159525
v 0.189500 0.895588 -0.157713
v 0.185000 0.895588 -0.157050
v 0.180500 0.895588 -0.157713
v 0.177206 0.895588 -0.159525
v 0.176000 0.895588 -0.162000
v 0.177206 0.895588 -0.164475
v 0.180500 0.895588 -0.166287
v 0.185000 0.895588 -0.166950
v 0.189500 0.895588 -0.166287
v 0.192794 0.895588 -0.164475
v 0.200588 0.889000 -0.162000
v 0.198500 0.889000 -0.157713
v 0.192794 0.889000 -0.154575
v 0.185000 0.889000 -0.153426
v 0.177206 0.889000 -0.154575
v 0.171500 0.889000 -0.157713
v 0.169412 0.889000 -0.162000
v 0.171500 0.889000 -0.166287
v 0.177206 0.889000 -0.169425
v 0.185000 0.889000 -0.170574
v 0.192794 0.889000 -0.169425
v 0.198500 0.889000 -0.166287
v 0.203000 0.880000 -0.162000
v 0.200588 0.880000 -0.157050
v 0.194000 0.880000 -0.153426
v 0.185000 0.880000 -0.152100
v 0.176000 0.880000 -0.153426
v 0.169412 0.880000 -0.157050
v 0.167000 0.880000 -0.162000
v 0.169412 0.880000 -0.166950
v 0.176000 0.880000 -0.170574
v 0.185000 0.880000 -0.171900
v 0.194000 0.880000 -0.170574
v 0.200588 0.880000 -0.166950
v 0.200588 0.871000 -0.162000
v 0.198500 0.871000 -0.157713
v 0.192794 0.871000 -0.154575
v 0.185000 0.871000 -0.153426
v 0.177206 0.871000 -0.154575
v 0.171500 0.871000 -0.157713
v 0.169412 0.871000 -0.162000
v 0.171500 0.871000 -0.166287
v 0.177206 0.871000 -0.169425
v 0.185000 0.871000 -0.170574
v 0.192794 0.871000 -0.169425
v 0.198500 0.871000 -0.166287
v 0.194000 0.864412 -0.162000
v 0.192794 0.864412 -0.159525
v 0.189500 0.864412 -0.157713
v 0.185000 0.864412 -0.157050
v 0.180500 0.864412 -0.157713
v 0.177206 0.864412 -0.159525
v 0.176000 0.864412 -0.162000
v 0.177206 0.864412 -0.164475
v 0.180500 0.864412 -0.166287
v 0.185000 0.864412 -0.166950
v 0.189500 0.864412 -0.166287
v 0.192794 0.864412 -0.164475
v 0.185000 0.862000 -0.162000
v 0.185000 0.862000 -0.162000
v 0.185000 0.862000 -0.162000
v 0.185000 0.862000 -0.162000
v 0.185000 0.862000 -0.162000
v 0.185000 0.862000 -0.162000
v 0.185000 0.862000 -0.162000
v 0.185000 0.862000 -0.162000
v 0.185000 0.862000 -0.162000
v 0.185000 0.862000 -0.162000
v 0.185000 0.862000 -0.162000
v 0.185000 0.862000 -0.162000
vn 0.961524 -0.274721 0.000000
vn 0.957865 -0.274721 0.083802
vn 0.946916 -0.274721 0.166967
vn 0.928761 -0.274721 0.248861
vn 0.903537 -0.274721 0.328861
vn 0.871437 -0.274721 0.406358
vn 0.832704 -0.274721 0.480762
vn 0.787634 -0.274721 0.551507
vn 0.736570 -0.274721 0.618056
vn 0.679900 -0.274721 0.679900
vn 0.618056 -0.274721 0.736570
vn 0.551507 -0.274721 0.787634
vn 0.480762 -0.274721 0.832704
vn 0.406358 -0.274721 0.871437
vn 0.328861 -0.274721 0.903537
vn 0.248861 -0.274721 0.928761
vn 0.166967 -0.274721 0.946916
vn 0.083802 -0.274721 0.957865
vn 0.000000 -0.274721 0.961524
vn -0.083802 -0.274721 0.957865
vn -0.166967 -0.274721 0.946916
vn -0.248861 -0.274721 0.928761
vn -0.328861 -0.274721 0.903537
vn -0.406358 -0.274721 0.871437
vn -0.480762 -0.274721 0.832704
vn -0.551507 -0.274721 0.787634
vn -0.618056 -0.274721 0.736570
vn -0.679900 -0.274721 0.679900
vn -0.736570 -0.274721 0.618056
vn -0.787634 -0.274721 0.551507
vn -0.832704 -0.274721 0.480762
vn -0.871437 -0.274721 0.406358
vn -0.903537 -0.274721 0.328861
vn -0.928761 -0.274721 0.248861
vn -0.946916 -0.274721 0.166967
vn -0.957865 -0.274721 0.083802
vn -0.961524 -0.274721 0.000000
vn -0.957865 -0.274721 -0.083802
vn -0.946916 -0.274721 -0.166967
vn -0.928761 -0.274721 -0.248861
vn -0.903537 -0.274721 -0.328861
vn -0.871437 -0.274721 -0.406358
vn -0.832704 -0.274721 -0.480762
vn -0.787634 -0.274721 -0.551507
vn -0.736570 -0.274721 -0.618056
vn -0.679900 -0.274721 -0.679900
vn -0.618056 -0.274721 -0.736570
vn -0.551507 -0.274721 -0.787634
vn -0.480762 -0.274721 -0.832704
vn -0.406358 -0.274721 -0.871437
vn -0.328861 -0.274721 -0.903537
vn -0.248861 -0.274721 -0.928761
vn -0.166967 -0.274721 -0.946916
vn -0.083802 -0.274721 -0.957865
vn -0.000000 -0.274721 -0.961524
vn 0.083802 -0.274721 -0.957865
vn 0.166967 -0.274721 -0.946916
vn 0.248861 -0.274721 -0.928761
vn 0.328861 -0.274721 -0.903537
vn 0.406358 -0.274721 -0.871437
vn 0.480762 -0.274721 -0.832704
vn 0.551507 -0.274721 -0.787634
vn 0.618056 -0.274721 -0.736570
vn 0.679900 -0.274721 -0.679900
vn 0.736570 -0.274721 -0.618056
vn 0.787634 -0.274721 -0.551507
vn 0.832704 -0.274721 -0.480762
vn 0.871437 -0.274721 -0.406358
vn 0.903537 -0.274721 -0.328861
vn 0.928761 -0.274721 -0.248861
vn 0.946916 -0.274721 -0.166967
vn 0.957865 -0.274721 -0.083802
vn 0.928477 0.371391 0.000000
vn 0.924944 0.371391 0.080922
vn 0.914371 0.371391 0.161228
vn 0.896840 0.371391 0.240307
vn 0.872483 0.371391 0.317558
vn 0.841486 0.371391 0.392391
vn 0.804084 0.371391 0.464238
vn 0.760564 0.371391 0.532552
vn 0.711254 0.371391 0.596813
vn 0.656532 0.371391 0.656532
vn 0.596813 0.371391 0.711254
vn 0.532552 0.371391 0.760564
vn 0.464238 0.371391 0.804084
vn 0.392391 0.371391 0.841486
vn 0.317558 0.371391 0.872483
vn 0.240307 0.371391 0.896840
vn 0.161228 0.371391 0.914371
vn 0.080922 0.371391 0.924944
vn 0.000000 0.371391 0.928477
vn -0.080922 0.371391 0.924944
vn -0.161228 0.371391 0.914371
vn -0.240307 0.371391 0.896840
vn -0.317558 0.371391 0.872483
vn -0.392391 0.371391 0.841486
vn -0.464238 0.371391 0.804084
vn -0.532552 0.371391 0.760564
vn -0.596813 0.371391 0.711254
vn -0.656532 0.371391 0.656532
vn -0.711254 0.371391 0.596813
vn -0.760564 0.371391 0.532552
vn -0.804084 0.371391 0.464238
vn -0.841486 0.371391 0.392391
vn -0.872483 0.371391 0.317558
vn -0.896840 0.371391 0.240307
vn -0.914371 0.371391 0.161228
vn -0.924944 0.371391 0.080922
vn -0.928477 0.371391 0.000000
vn -0.924944 0.371391 -0.080922
vn -0.914371 0.371391 -0.161228
vn -0.896840 0.371391 -0.240307
vn -0.872483 0.371391 -0.317558
vn -0.841486 0.371391 -0.392391
vn -0.804084 0.371391 -0.464238
vn -0.760564 0.371391 -0.532552
vn -0.711254 0.371391 -0.596813
vn -0.656532 0.371391 -0.656532
vn -0.596813 0.371391 -0.711254
vn -0.532552 0.371391 -0.760564
vn -0.464238 0.371391 -0.804084
vn -0.392391 0.371391 -0.841486
vn -0.317558 0.371391 -0.872483
vn -0.240307 0.371391 -0.896840
vn -0.161228 0.371391 -0.914371
vn -0.080922 0.371391 -0.924944
vn -0.000000 0.371391 -0.928477
vn 0.080922 0.371391 -0.924944
vn 0.161228 0.371391 -0.914371
vn 0.240307 0.371391 -0.896840
vn 0.317558 0.371391 -0.872483
vn 0.392391 0.371391 -0.841486
vn 0.464238 0.371391 -0.804084
vn 0.532552 0.371391 -0.760564
vn 0.596813 0.371391 -0.711254
vn 0.656532 0.371391 -0.656532
vn 0.711254 0.371391 -0.596813
vn 0.760564 0.371391 -0.532552
vn 0.804084 0.371391 -0.464238
vn 0.841486 0.371391 -0.392391
vn 0.872483 0.371391 -0.317558
vn 0.896840 0.371391 -0.240307
vn 0.914371 0.371391 -0.161228
vn 0.924944 0.371391 -0.080922
vn 0.563337 0.826227 0.000000
vn 0.561193 0.826227 0.049098
vn 0.554778 0.826227 0.097822
vn 0.544142 0.826227 0.145802
vn 0.529363 0.826227 0.192673
vn 0.510557 0.826227 0.238076
vn 0.487864 0.826227 0.281668
vn 0.461459 0.826227 0.323117
vn 0.431541 0.826227 0.362106
vn 0.398339 0.826227 0.398339
vn 0.362106 0.826227 0.431541
vn 0.323117 0.826227 0.461459
vn 0.281668 0.826227 0.487864
vn 0.238076 0.826227 0.510557
vn 0.192673 0.826227 0.529363
vn 0.145802 0.826227 0.544142
vn 0.097822 0.826227 0.554778
vn 0.049098 0.826227 0.561193
vn 0.000000 0.826227 0.563337
vn -0.049098 0.826227 0.561193
vn -0.097822 0.826227 0.554778
vn -0.145802 0.826227 0.544142
vn -0.192673 0.826227 0.529363
vn -0.238076 0.826227 0.510557
vn -0.281668 0.826227 0.487864
vn -0.323117 0.826227 0.461459
vn -0.362106 0.826227 0.431541
vn -0.398339 0.826227 0.398339
vn -0.431541 0.826227 0.362106
vn -0.461459 0.826227 0.323117
vn -0.487864 0.826227 0.281668
vn -0.510557 0.826227 0.238076
vn -0.529363 0.826227 0.192673
vn -0.544142 0.826227 0.145802
vn -0.554778 0.826227 0.097822
vn -0.561193 0.826227 0.049098
vn -0.563337 0.826227 0.000000
vn -0.561193 0.826227 -0.049098
vn -0.554778 0.826227 -0.097822
vn -0.544142 0.826227 -0.145802
vn -0.529363 0.826227 -0.192673
vn -0.510557 0.826227 -0.238076
vn -0.487864 0.826227 -0.281668
vn -0.461459 0.826227 -0.323117
vn -0.431541 0.826227 -0.362106
vn -0.398339 0.826227 -0.398339
vn -0.362106 0.826227 -0.431541
vn -0.323117 0.826227 -0.461459
vn -0.281668 0.826227 -0.487864
vn -0.238076 0.826227 -0.510557
vn -0.192673 0.826227 -0.529363
vn -0.145802 0.826227 -0.544142
vn -0.097822 0.826227 -0.554778
vn -0.049098 0.826227 -0.561193
vn -0.000000 0.826227 -0.563337
vn 0.049098 0.826227 -0.561193
vn 0.097822 0.826227 -0.554778
vn 0.145802 0.826227 -0.544142
vn 0.192673 0.826227 -0.529363
vn 0.238076 0.826227 -0.510557
vn 0.281668 0.826227 -0.487864
vn 0.323117 0.826227 -0.461459
vn 0.362106 0.826227 -0.431541
vn 0.398339 0.826227 -0.398339
vn 0.431541 0.826227 -0.362106
vn 0.461459 0.826227 -0.323117
vn 0.487864 0.826227 -0.281668
vn 0.510557 0.826227 -0.238076
vn 0.529363 0.826227 -0.192673
vn 0.544142 0.826227 -0.145802
vn 0.554778 0.826227 -0.097822
vn 0.561193 0.826227 -0.049098
vn 0.824042 0.566529 0.000000
vn 0.820906 0.566529 0.071820
vn 0.811523 0.566529 0.143093
vn 0.795963 0.566529 0.213278
vn 0.774346 0.566529 0.281839
vn 0.746836 0.566529 0.348255
vn 0.713641 0.566529 0.412021
vn 0.675016 0.566529 0.472651
vn 0.631253 0.566529 0.529684
vn 0.582686 0.566529 0.582686
vn 0.529684 0.566529 0.631253
vn 0.472651 0.566529 0.675016
vn 0.412021 0.566529 0.713641
vn 0.348255 0.566529 0.746836
vn 0.281839 0.566529 0.774346
vn 0.213278 0.566529 0.795963
vn 0.143093 0.566529 0.811523
vn 0.071820 0.566529 0.820906
vn 0.000000 0.566529 0.824042
vn -0.071820 0.566529 0.820906
vn -0.143093 0.566529 0.811523
vn -0.213278 0.566529 0.795963
vn -0.281839 0.566529 0.774346
vn -0.348255 0.566529 0.746836
vn -0.412021 0.566529 0.713641
vn -0.472651 0.566529 0.675016
vn -0.529684 0.566529 0.631253
vn -0.582686 0.566529 0.582686
vn -0.631253 0.566529 0.529684
vn -0.675016 0.566529 0.472651
vn -0.713641 0.566529 0.412021
vn -0.746836 0.566529 0.348255
vn -0.774346 0.566529 0.281839
vn -0.795963 0.566529 0.213278
vn -0.811523 0.566529 0.143093
vn -0.820906 0.566529 0.071820
vn -0.824042 0.566529 0.000000
vn -0.820906 0.566529 -0.071820
vn -0.811523 0.566529 -0.143093
vn -0.795963 0.566529 -0.213278
vn -0.774346 0.566529 -0.281839
vn -0.746836 0.566529 -0.348255
vn -0.713641 0.566529 -0.412021
vn -0.675016 0.566529 -0.472651
vn -0.631253 0.566529 -0.529684
vn -0.582686 0.566529 -0.582686
vn -0.529684 0.566529 -0.631253
vn -0.472651 0.566529 -0.675016
vn -0.412021 0.566529 -0.713641
vn -0.348255 0.566529 -0.746836
vn -0.281839 0.566529 -0.774346
vn -0.213278 0.566529 -0.795963
vn -0.143093 0.566529 -0.811523
vn -0.071820 0.566529 -0.820906
vn -0.000000 0.566529 -0.824042
vn 0.071820 0.566529 -0.820906
vn 0.143093 0.566529 -0.811523
vn 0.213278 0.566529 -0.795963
vn 0.281839 0.566529 -0.774346
vn 0.348255 0.566529 -0.746836
vn 0.412021 0.566529 -0.713641
vn 0.472651 0.566529 -0.675016
vn 0.529684 0.566529 -0.631253
vn 0.582686 0.566529 -0.582686
vn 0.631253 0.566529 -0.529684
vn 0.675016 0.566529 -0.472651
vn 0.713641 0.566529 -0.412021
vn 0.746836 0.566529 -0.348255
vn 0.774346 0.566529 -0.281839
vn 0.795963 0.566529 -0.213278
vn 0.811523 0.566529 -0.143093
vn 0.820906 0.566529 -0.071820
vn 0.865426 0.501036 0.000000
vn 0.862133 0.501036 0.075427
vn 0.852279 0.501036 0.150280
vn 0.835938 0.501036 0.223989
vn 0.813235 0.501036 0.295993
vn 0.784343 0.501036 0.365745
vn 0.749481 0.501036 0.432713
vn 0.708916 0.501036 0.496388
vn 0.662955 0.501036 0.556285
vn 0.611949 0.501036 0.611949
vn 0.556285 0.501036 0.662955
vn 0.496388 0.501036 0.708916
vn 0.432713 0.501036 0.749481
vn 0.365745 0.501036 0.784343
vn 0.295993 0.501036 0.813235
vn 0.223989 0.501036 0.835938
vn 0.150280 0.501036 0.852279
vn 0.075427 0.501036 0.862133
vn 0.000000 0.501036 0.865426
vn -0.075427 0.501036 0.862133
vn -0.150280 0.501036 0.852279
vn -0.223989 0.501036 0.835938
vn -0.295993 0.501036 0.813235
vn -0.365745 0.501036 0.784343
vn -0.432713 0.501036 0.749481
vn -0.496388 0.501036 0.708916
vn -0.556285 0.501036 0.662955
vn -0.611949 0.501036 0.611949
vn -0.662955 0.501036 0.556285
vn -0.708916 0.501036 0.496388
vn -0.749481 0.501036 0.432713
vn -0.784343 0.501036 0.365745
vn -0.813235 0.501036 0.295993
vn -0.835938 0.501036 0.223989
vn -0.852279 0.501036 0.150280
vn -0.862133 0.501036 0.075427
vn -0.865426 0.501036 0.000000
vn -0.862133 0.501036 -0.075427
vn -0.852279 0.501036 -0.150280
vn -0.835938 0.501036 -0.223989
vn -0.813235 0.501036 -0.295993
vn -0.784343 0.501036 -0.365745
vn -0.749481 0.501036 -0.432713
vn -0.708916 0.501036 -0.496388
vn -0.662955 0.501036 -0.556285
vn -0.611949 0.501036 -0.611949
vn -0.556285 0.501036 -0.662955
vn -0.496388 0.501036 -0.708916
vn -0.432713 0.501036 -0.749481
vn -0.365745 0.501036 -0.784343
vn -0.295993 0.501036 -0.813235
vn -0.223989 0.501036 -0.835938
vn -0.150280 0.501036 -0.852279
vn -0.075427 0.501036 -0.862133
vn -0.000000 0.501036 -0.865426
vn 0.075427 0.501036 -0.862133
vn 0.150280 0.501036 -0.852279
vn 0.223989 0.501036 -0.835938
vn 0.295993 0.501036 -0.813235
vn 0.365745 0.501036 -0.784343
vn 0.432713 0.501036 -0.749481
vn 0.496388 0.501036 -0.708916
vn 0.556285 0.501036 -0.662955
vn 0.611949 0.501036 -0.611949
vn 0.662955 0.501036 -0.556285
vn 0.708916 0.501036 -0.496388
vn 0.749481 0.501036 -0.432713
vn 0.784343 0.501036 -0.365745
vn 0.813235 0.501036 -0.295993
vn 0.835938 0.501036 -0.223989
vn 0.852279 0.501036 -0.150280
vn 0.862133 0.501036 -0.075427
vn 0.754606 0.656179 0.000000
vn 0.751734 0.656179 0.065768
vn 0.743141 0.656179 0.131036
vn 0.728893 0.656179 0.195306
vn 0.709097 0.656179 0.258090
vn 0.683905 0.656179 0.318910
vn 0.653508 0.656179 0.377303
vn 0.618137 0.656179 0.432824
vn 0.578061 0.656179 0.485051
vn 0.533587 0.656179 0.533587
vn 0.485051 0.656179 0.578061
vn 0.432824 0.656179 0.618137
vn 0.377303 0.656179 0.653508
vn 0.318910 0.656179 0.683905
vn 0.258090 0.656179 0.709097
vn 0.195306 0.656179 0.728893
vn 0.131036 0.656179 0.743141
vn 0.065768 0.656179 0.751734
vn 0.000000 0.656179 0.754606
vn -0.065768 0.656179 0.751734
vn -0.131036 0.656179 0.743141
vn -0.195306 0.656179 0.728893
vn -0.258090 0.656179 0.709097
vn -0.318910 0.656179 0.683905
vn -0.377303 0.656179 0.653508
vn -0.432824 0.656179 0.618137
vn -0.485051 0.656179 0.578061
vn -0.533587 0.656179 0.533587
vn -0.578061 0.656179 0.485051
vn -0.618137 0.656179 0.432824
vn -0.653508 0.656179 0.377303
vn -0.683905 0.656179 0.318910
vn -0.709097 0.656179 0.258090
vn -0.728893 0.656179 0.195306
vn -0.743141 0.656179 0.131036
vn -0.751734 0.656179 0.065768
vn -0.754606 0.656179 0.000000
vn -0.751734 0.656179 -0.065768
vn -0.743141 0.656179 -0.131036
vn -0.728893 0.656179 -0.195306
vn -0.709097 0.656179 -0.258090
vn -0.683905 0.656179 -0.318910
vn -0.653508 0.656179 -0.377303
vn -0.618137 0.656179 -0.432824
vn -0.578061 0.656179 -0.485051
vn -0.533587 0.656179 -0.533587
vn -0.485051 0.656179 -0.578061
vn -0.432824 0.656179 -0.618137
vn -0.377303 0.656179 -0.653508
vn -0.318910 0.656179 -0.683905
vn -0.258090 0.656179 -0.709097
vn -0.195306 0.656179 -0.728893
vn -0.131036 0.656179 -0.743141
vn -0.065768 0.656179 -0.751734
vn -0.000000 0.656179 -0.754606
vn 0.065768 0.656179 -0.751734
vn 0.131036 0.656179 -0.743141
vn 0.195306 0.656179 -0.728893
vn 0.258090 0.656179 -0.709097
vn 0.318910 0.656179 -0.683905
vn 0.377303 0.656179 -0.653508
vn 0.432824 0.656179 -0.618137
vn 0.485051 0.656179 -0.578061
vn 0.533587 0.656179 -0.533587
vn 0.578061 0.656179 -0.485051
vn 0.618137 0.656179 -0.432824
vn 0.653508 0.656179 -0.377303
vn 0.683905 0.656179 -0.318910
vn 0.709097 0.656179 -0.258090
vn 0.728893 0.656179 -0.195306
vn 0.743141 0.656179 -0.131036
vn 0.751734 0.656179 -0.065768
vn 0.996815 0.079745 0.000000
vn 0.993022 0.079745 0.086878
vn 0.981671 0.079745 0.173095
vn 0.962850 0.079745 0.257995
vn 0.936700 0.079745 0.340931
vn 0.903421 0.079745 0.421272
vn 0.863267 0.079745 0.498408
vn 0.816543 0.079745 0.571750
vn 0.763605 0.079745 0.640741
vn 0.704855 0.079745 0.704855
vn 0.640741 0.079745 0.763605
vn 0.571750 0.079745 0.816543
vn 0.498408 0.079745 0.863267
vn 0.421272 0.079745 0.903421
vn 0.340931 0.079745 0.936700
vn 0.257995 0.079745 0.962850
vn 0.173095 0.079745 0.981671
vn 0.086878 0.079745 0.993022
vn 0.000000 0.079745 0.996815
vn -0.086878 0.079745 0.993022
vn -0.173095 0.079745 0.981671
vn -0.257995 0.079745 0.962850
vn -0.340931 0.079745 0.936700
vn -0.421272 0.079745 0.903421
vn -0.498408 0.079745 0.863267
vn -0.571750 0.079745 0.816543
vn -0.640741 0.079745 0.763605
vn -0.704855 0.079745 0.704855
vn -0.763605 0.079745 0.640741
vn -0.816543 0.079745 0.571750
vn -0.863267 0.079745 0.498408
vn -0.903421 0.079745 0.421272
vn -0.936700 0.079745 0.340931
vn -0.962850 0.079745 0.257995
vn -0.981671 0.079745 0.173095
vn -0.993022 0.079745 0.086878
vn -0.996815 0.079745 0.000000
vn -0.993022 0.079745 -0.086878
vn -0.981671 0.079745 -0.173095
vn -0.962850 0.079745 -0.257995
vn -0.936700 0.079745 -0.340931
vn -0.903421 0.079745 -0.421272
vn -0.863267 0.079745 -0.498408
vn -0.816543 0.079745 -0.571750
vn -0.763605 0.079745 -0.640741
vn -0.704855 0.079745 -0.704855
vn -0.640741 0.079745 -0.763605
vn -0.571750 0.079745 -0.816543
vn -0.498408 0.079745 -0.863267
vn -0.421272 0.079745 -0.903421
vn -0.340931 0.079745 -0.936700
vn -0.257995 0.079745 -0.962850
vn -0.173095 0.079745 -0.981671
vn -0.086878 0.079745 -0.993022
vn -0.000000 0.079745 -0.996815
vn 0.086878 0.079745 -0.993022
vn 0.173095 0.079745 -0.981671
vn 0.257995 0.079745 -0.962850
vn 0.340931 0.079745 -0.936700
vn 0.421272 0.079745 -0.903421
vn 0.498408 0.079745 -0.863267
vn 0.571750 0.079745 -0.816543
vn 0.640741 0.079745 -0.763605
vn 0.704855 0.079745 -0.704855
vn 0.763605 0.079745 -0.640741
vn 0.816543 0.079745 -0.571750
vn 0.863267 0.079745 -0.498408
vn 0.903421 0.079745 -0.421272
vn 0.936700 0.079745 -0.340931
vn 0.962850 0.079745 -0.257995
vn 0.981671 0.079745 -0.173095
vn 0.993022 0.079745 -0.086878
vn 0.988936 0.148340 0.000000
vn 0.985173 0.148340 0.086191
vn 0.973912 0.148340 0.171727
vn 0.955239 0.148340 0.255956
vn 0.929296 0.148340 0.338236
vn 0.896281 0.148340 0.417943
vn 0.856444 0.148340 0.494468
vn 0.810089 0.148340 0.567231
vn 0.757569 0.148340 0.635676
vn 0.699284 0.148340 0.699284
vn 0.635676 0.148340 0.757569
vn 0.567231 0.148340 0.810089
vn 0.494468 0.148340 0.856444
vn 0.417943 0.148340 0.896281
vn 0.338236 0.148340 0.929296
vn 0.255956 0.148340 0.955239
vn 0.171727 0.148340 0.973912
vn 0.086191 0.148340 0.985173
vn 0.000000 0.148340 0.988936
vn -0.086191 0.148340 0.985173
vn -0.171727 0.148340 0.973912
vn -0.255956 0.148340 0.955239
vn -0.338236 0.148340 0.929296
vn -0.417943 0.148340 0.896281
vn -0.494468 0.148340 0.856444
vn -0.567231 0.148340 0.810089
vn -0.635676 0.148340 0.757569
vn -0.699284 0.148340 0.699284
vn -0.757569 0.148340 0.635676
vn -0.810089 0.148340 0.567231
vn -0.856444 0.148340 0.494468
vn -0.896281 0.148340 0.417943
vn -0.929296 0.148340 0.338236
vn -0.955239 0.148340 0.255956
vn -0.973912 0.148340 0.171727
vn -0.985173 0.148340 0.086191
vn -0.988936 0.148340 0.000000
vn -0.985173 0.148340 -0.086191
vn -0.973912 0.148340 -0.171727
vn -0.955239 0.148340 -0.255956
vn -0.929296 0.148340 -0.338236
vn -0.896281 0.148340 -0.417943
vn -0.856444 0.148340 -0.494468
vn -0.810089 0.148340 -0.567231
vn -0.757569 0.148340 -0.635676
vn -0.699284 0.148340 -0.699284
vn -0.635676 0.148340 -0.757569
vn -0.567231 0.148340 -0.810089
vn -0.494468 0.148340 -0.856444
vn -0.417943 0.148340 -0.896281
vn -0.338236 0.148340 -0.929296
vn -0.255956 0.148340 -0.955239
vn -0.171727 0.148340 -0.973912
vn -0.086191 0.148340 -0.985173
vn -0.000000 0.148340 -0.988936
vn 0.086191 0.148340 -0.985173
vn 0.171727 0.148340 -0.973912
vn 0.255956 0.148340 -0.955239
vn 0.338236 0.148340 -0.929296
vn 0.417943 0.148340 -0.896281
vn 0.494468 0.148340 -0.856444
vn 0.567231 0.148340 -0.810089
vn 0.635676 0.148340 -0.757569
vn 0.699284 0.148340 -0.699284
vn 0.757569 0.148340 -0.635676
vn 0.810089 0.148340 -0.567231
vn 0.856444 0.148340 -0.494468
vn 0.896281 0.148340 -0.417943
vn 0.929296 0.148340 -0.338236
vn 0.955239 0.148340 -0.255956
vn 0.973912 0.148340 -0.171727
vn 0.985173 0.148340 -0.086191
vn 0.752577 0.658505 0.000000
vn 0.749713 0.658505 0.065591
vn 0.741143 0.658505 0.130684
vn 0.726933 0.658505 0.194781
vn 0.707191 0.658505 0.257396
vn 0.682066 0.658505 0.318053
vn 0.651751 0.658505 0.376288
vn 0.616475 0.658505 0.431660
vn 0.576507 0.658505 0.483747
vn 0.532152 0.658505 0.532152
vn 0.483747 0.658505 0.576507
vn 0.431660 0.658505 0.616475
vn 0.376288 0.658505 0.651751
vn 0.318053 0.658505 0.682066
vn 0.257396 0.658505 0.707191
vn 0.194781 0.658505 0.726933
vn 0.130684 0.658505 0.741143
vn 0.065591 0.658505 0.749713
vn 0.000000 0.658505 0.752577
vn -0.065591 0.658505 0.749713
vn -0.130684 0.658505 0.741143
vn -0.194781 0.658505 0.726933
vn -0.257396 0.658505 0.707191
vn -0.318053 0.658505 0.682066
vn -0.376288 0.658505 0.651751
vn -0.431660 0.658505 0.616475
vn -0.483747 0.658505 0.576507
vn -0.532152 0.658505 0.532152
vn -0.576507 0.658505 0.483747
vn -0.616475 0.658505 0.431660
vn -0.651751 0.658505 0.376288
vn -0.682066 0.658505 0.318053
vn -0.707191 0.658505 0.257396
vn -0.726933 0.658505 0.194781
vn -0.741143 0.658505 0.130684
vn -0.749713 0.658505 0.065591
vn -0.752577 0.658505 0.000000
vn -0.749713 0.658505 -0.065591
vn -0.741143 0.658505 -0.130684
vn -0.726933 0.658505 -0.194781
vn -0.707191 0.658505 -0.257396
vn -0.682066 0.658505 -0.318053
vn -0.651751 0.658505 -0.376288
vn -0.616475 0.658505 -0.431660
vn -0.576507 0.658505 -0.483747
vn -0.532152 0.658505 -0.532152
vn -0.483747 0.658505 -0.576507
vn -0.431660 0.658505 -0.616475
vn -0.376288 0.658505 -0.651751
vn -0.318053 0.658505 -0.682066
vn -0.257396 0.658505 -0.707191
vn -0.194781 0.658505 -0.726933
vn -0.130684 0.658505 -0.741143
vn -0.065591 0.658505 -0.749713
vn -0.000000 0.658505 -0.752577
vn 0.065591 0.658505 -0.749713
vn 0.130684 0.658505 -0.741143
vn 0.194781 0.658505 -0.726933
vn 0.257396 0.658505 -0.707191
vn 0.318053 0.658505 -0.682066
vn 0.376288 0.658505 -0.651751
vn 0.431660 0.658505 -0.616475
vn 0.483747 0.658505 -0.576507
vn 0.532152 0.658505 -0.532152
vn 0.576507 0.658505 -0.483747
vn 0.616475 0.658505 -0.431660
vn 0.651751 0.658505 -0.376288
vn 0.682066 0.658505 -0.318053
vn 0.707191 0.658505 -0.257396
vn 0.726933 0.658505 -0.194781
vn 0.741143 0.658505 -0.130684
vn 0.749713 0.658505 -0.065591
vn 0.000000 -1.000000 0.000000
vn 0.000000 -1.000000 0.000000
vn 0.000000 -1.000000 0.000000
vn 0.000000 -1.000000 0.000000
vn 0.000000 -1.000000 0.000000
vn 0.000000 -1.000000 0.000000
vn 0.000000 -1.000000 0.000000
vn 0.000000 -1.000000 0.000000
vn 0.000000 -1.000000 0.000000
vn 0.000000 -1.000000 0.000000
vn 0.000000 -1.000000 0.000000
vn 0.000000 -1.000000 0.000000
vn 0.000000 -1.000000 0.000000
vn 0.000000 -1.000000 0.000000
vn 0.000000 -1.000000 0.000000
vn 0.000000 -1.000000 0.000000
vn 0.000000 -1.000000 0.000000
vn 0.000000 -1.000000 0.000000
vn 0.000000 -1.000000 0.000000
vn 0.000000 -1.000000 0.000000
vn 0.000000 -1.000000 0.000000
vn 0.000000 -1.000000 0.000000
vn 0.000000 -1.000000 0.000000
vn 0.000000 -1.000000 0.000000
vn 0.000000 -1.000000 0.000000
vn 0.000000 -1.000000 0.000000
vn 0.000000 -1.000000 0.000000
vn 0.000000 -1.000000 0.000000
vn 0.000000 -1.000000 0.000000
vn 0.000000 -1.000000 0.000000
vn 0.000000 -1.000000 0.000000
vn 0.000000 -1.000000 0.000000
vn 0.000000 -1.000000 0.000000
vn 0.000000 -1.000000 0.000000
vn 0.000000 -1.000000 0.000000
vn 0.000000 -1.000000 0.000000
vn 0.000000 -1.000000 0.000000
vn 0.000000 -1.000000 0.000000
vn 0.000000 -1.000000 0.000000
vn 0.000000 -1.000000 0.000000
vn 0.000000 -1.000000 0.000000
vn 0.000000 -1.000000 0.000000
vn 0.000000 -1.000000 0.000000
vn 0.000000 -1.000000 0.000000
vn 0.000000 -1.000000 0.000000
vn 0.000000 -1.000000 0.000000
vn 0.000000 -1.000000 0.000000
vn 0.000000 -1.000000 0.000000
vn 0.000000 -1.000000 0.000000
vn 0.000000 -1.000000 0.000000
vn 0.000000 -1.000000 0.000000
vn 0.000000 -1.000000 0.000000
vn 0.000000 -1.000000 0.000000
vn 0.000000 -1.000000 0.000000
vn 0.000000 -1.000000 0.000000
vn 0.000000 -1.000000 0.000000
vn 0.000000 -1.000000 0.000000
vn 0.000000 -1.000000 0.000000
vn 0.000000 -1.000000 0.000000
vn 0.000000 -1.000000 0.000000
vn 0.000000 -1.000000 0.000000
vn 0.000000 -1.000000 0.000000
vn 0.000000 -1.000000 0.000000
vn 0.000000 -1.000000 0.000000
vn 0.000000 -1.000000 0.000000
vn 0.000000 -1.000000 0.000000
vn 0.000000 -1.000000 0.000000
vn 0.000000 -1.000000 0.000000
vn 0.000000 -1.000000 0.000000
vn 0.000000 -1.000000 0.000000
vn 0.000000 -1.000000 0.000000
vn 0.000000 -1.000000 0.000000
vn 0.000000 -1.000000 0.000000
vn 0.000000 1.000000 0.000000
vn 0.000000 1.000000 0.000000
vn 0.000000 1.000000 0.000000
vn 0.000000 1.000000 0.000000
vn 0.000000 1.000000 0.000000
vn 0.000000 1.000000 0.000000
vn 0.000000 1.000000 0.000000
vn 0.000000 1.000000 0.000000
vn 0.000000 1.000000 0.000000
vn 0.000000 1.000000 0.000000
vn 0.000000 1.000000 0.000000
vn 0.000000 1.000000 0.000000
vn 0.000000 1.000000 0.000000
vn 0.000000 1.000000 0.000000
vn 0.000000 1.000000 0.000000
vn 0.000000 1.000000 0.000000
vn 0.000000 1.000000 0.000000
vn 0.000000 1.000000 0.000000
vn 0.000000 1.000000 0.000000
vn 0.000000 1.000000 0.000000
vn 0.000000 1.000000 0.000000
vn 0.000000 1.000000 0.000000
vn 0.000000 1.000000 0.000000
vn 0.000000 1.000000 0.000000
vn 0.000000 1.000000 0.000000
vn 0.000000 1.000000 0.000000
vn 0.000000 1.000000 0.000000
vn 0.000000 1.000000 0.000000
vn 0.000000 1.000000 0.000000
vn 0.000000 1.000000 0.000000
vn 0.000000 1.000000 0.000000
vn 0.000000 1.000000 0.000000
vn 0.000000 1.000000 0.000000
vn 0.000000 1.000000 0.000000
vn 0.000000 1.000000 0.000000
vn 0.000000 1.000000 0.000000
vn 0.000000 1.000000 0.000000
vn 0.000000 1.000000 0.000000
vn 0.000000 1.000000 0.000000
vn 0.000000 1.000000 0.000000
vn 0.000000 1.000000 0.000000
vn 0.000000 1.000000 0.000000
vn 0.000000 1.000000 0.000000
vn 0.000000 1.000000 0.000000
vn 0.000000 1.000000 0.000000
vn 0.000000 1.000000 0.000000
vn 0.000000 1.000000 0.000000
vn 0.000000 1.000000 0.000000
vn 0.000000 1.000000 0.000000
vn 0.000000 1.000000 0.000000
vn 0.000000 1.000000 0.000000
vn 0.000000 1.000000 0.000000
vn 0.000000 1.000000 0.000000
vn 0.000000 1.000000 0.000000
vn 0.000000 1.000000 0.000000
vn 0.000000 1.000000 0.000000
vn 0.000000 1.000000 0.000000
vn 0.000000 1.000000 0.000000
vn 0.000000 1.000000 0.000000
vn 0.000000 1.000000 0.000000
vn 0.000000 1.000000 0.000000
vn 0.000000 1.000000 0.000000
vn 0.000000 1.000000 0.000000
vn 0.000000 1.000000 0.000000
vn 0.000000 1.000000 0.000000
vn 0.000000 1.000000 0.000000
vn 0.000000 1.000000 0.000000
vn 0.000000 1.000000 0.000000
vn 0.000000 1.000000 0.000000
vn 0.000000 1.000000 0.000000
vn 0.000000 1.000000 0.000000
vn 0.000000 1.000000 0.000000
vn 0.000000 1.000000 0.000000
vn 0.000000 0.000000 1.000000
vn 0.000000 0.000000 1.000000
vn 0.000000 0.000000 1.000000
vn 0.000000 0.000000 1.000000
vn 0.000000 0.000000 1.000000
vn 0.000000 0.000000 1.000000
vn 0.000000 0.000000 1.000000
vn 0.000000 0.000000 1.000000
vn 0.000000 0.000000 1.000000
vn 0.000000 0.000000 1.000000
vn 0.000000 0.000000 1.000000
vn 0.000000 0.000000 1.000000
vn 0.000000 0.000000 1.000000
vn 0.000000 0.000000 1.000000
vn 0.000000 0.000000 1.000000
vn 0.000000 0.000000 1.000000
vn 0.000000 0.000000 1.000000
vn 0.000000 0.000000 1.000000
vn 0.000000 0.000000 1.000000
vn 0.000000 0.000000 -1.000000
vn 0.000000 0.000000 -1.000000
vn 0.000000 0.000000 -1.000000
vn 0.000000 0.000000 -1.000000
vn 0.000000 0.000000 -1.000000
vn 0.000000 0.000000 -1.000000
vn 0.000000 0.000000 -1.000000
vn 0.000000 0.000000 -1.000000
vn 0.000000 0.000000 -1.000000
vn 0.000000 0.000000 -1.000000
vn 0.000000 0.000000 -1.000000
vn 0.000000 0.000000 -1.000000
vn 0.000000 0.000000 -1.000000
vn 0.000000 0.000000 -1.000000
vn 0.000000 0.000000 -1.000000
vn 0.000000 0.000000 -1.000000
vn 0.000000 0.000000 -1.000000
vn 0.000000 0.000000 -1.000000
vn 0.000000 0.000000 -1.000000
vn 0.573462 -0.819232 0.000000
vn 0.573462 -0.819232 0.000000
vn 0.573462 -0.819232 0.000000
vn 0.573462 -0.819232 0.000000
vn 0.607450 -0.794358 0.000000
vn 0.607450 -0.794358 0.000000
vn 0.607450 -0.794358 0.000000
vn 0.607450 -0.794358 0.000000
vn 0.187112 -0.982339 0.000000
vn 0.187112 -0.982339 0.000000
vn 0.187112 -0.982339 0.000000
vn 0.187112 -0.982339 0.000000
vn 0.650791 -0.759257 0.000000
vn 0.650791 -0.759257 0.000000
vn 0.650791 -0.759257 0.000000
vn 0.650791 -0.759257 0.000000
vn 0.507020 0.861934 0.000000
vn 0.507020 0.861934 0.000000
vn 0.507020 0.861934 0.000000
vn 0.507020 0.861934 0.000000
vn 0.135113 -0.990830 0.000000
vn 0.135113 -0.990830 0.000000
vn 0.135113 -0.990830 0.000000
vn 0.135113 -0.990830 0.000000
vn 0.906183 -0.422885 0.000000
vn 0.906183 -0.422885 0.000000
vn 0.906183 -0.422885 0.000000
vn 0.906183 -0.422885 0.000000
vn 0.640184 0.768221 0.000000
vn 0.640184 0.768221 0.000000
vn 0.640184 0.768221 0.000000
vn 0.640184 0.768221 0.000000
vn 0.206010 0.978550 0.000000
vn 0.206010 0.978550 0.000000
vn 0.206010 0.978550 0.000000
vn 0.206010 0.978550 0.000000
vn 0.727013 0.686624 0.000000
vn 0.727013 0.686624 0.000000
vn 0.727013 0.686624 0.000000
vn 0.727013 0.686624 0.000000
vn 0.521450 0.853282 0.000000
vn 0.521450 0.853282 0.000000
vn 0.521450 0.853282 0.000000
vn 0.521450 0.853282 0.000000
vn -0.380750 0.924678 0.000000
vn -0.380750 0.924678 0.000000
vn -0.380750 0.924678 0.000000
vn -0.380750 0.924678 0.000000
vn 0.894427 0.447214 0.000000
vn 0.894427 0.447214 0.000000
vn 0.894427 0.447214 0.000000
vn 0.894427 0.447214 0.000000
vn -0.980142 0.198295 0.000000
vn -0.980142 0.198295 0.000000
vn -0.980142 0.198295 0.000000
vn -0.980142 0.198295 0.000000
vn 0.261195 0.965286 0.000000
vn 0.261195 0.965286 0.000000
vn 0.261195 0.965286 0.000000
vn 0.261195 0.965286 0.000000
vn -0.827476 -0.561501 0.000000
vn -0.827476 -0.561501 0.000000
vn -0.827476 -0.561501 0.000000
vn -0.827476 -0.561501 0.000000
vn -0.988372 0.152057 0.000000
vn -0.988372 0.152057 0.000000
vn -0.988372 0.152057 0.000000
vn -0.988372 0.152057 0.000000
vn -0.972806 0.231621 0.000000
vn -0.972806 0.231621 0.000000
vn -0.972806 0.231621 0.000000
vn -0.972806 0.231621 0.000000
vn -0.072976 -0.997334 0.000000
vn -0.072976 -0.997334 0.000000
vn -0.072976 -0.997334 0.000000
vn -0.072976 -0.997334 0.000000
vn 0.000000 0.000000 1.000000
vn 0.000000 0.000000 1.000000
vn 0.000000 0.000000 1.000000
vn 0.000000 0.000000 1.000000
vn 0.000000 0.000000 -1.000000
vn 0.000000 0.000000 -1.000000
vn 0.000000 0.000000 -1.000000
vn 0.000000 0.000000 -1.000000
vn -1.000000 0.000000 0.000000
vn -1.000000 0.000000 0.000000
vn -1.000000 0.000000 0.000000
vn -1.000000 0.000000 0.000000
vn 1.000000 0.000000 0.000000
vn 1.000000 0.000000 0.000000
vn 1.000000 0.000000 0.000000
vn 1.000000 0.000000 0.000000
vn 0.000000 1.000000 0.000000
vn 0.000000 1.000000 0.000000
vn 0.000000 1.000000 0.000000
vn 0.000000 1.000000 0.000000
vn 0.000000 -1.000000 0.000000
vn 0.000000 -1.000000 0.000000
vn 0.000000 -1.000000 0.000000
vn 0.000000 -1.000000 0.000000
vn 0.000000 0.000000 1.000000
vn 0.000000 0.000000 1.000000
vn 0.000000 0.000000 1.000000
vn 0.000000 0.000000 1.000000
vn 0.000000 0.000000 -1.000000
vn 0.000000 0.000000 -1.000000
vn 0.000000 0.000000 -1.000000
vn 0.000000 0.000000 -1.000000
vn -1.000000 0.000000 0.000000
vn -1.000000 0.000000 0.000000
vn -1.000000 0.000000 0.000000
vn -1.000000 0.000000 0.000000
vn 1.000000 0.000000 0.000000
vn 1.000000 0.000000 0.000000
vn 1.000000 0.000000 0.000000
vn 1.000000 0.000000 0.000000
vn 0.000000 1.000000 0.000000
vn 0.000000 1.000000 0.000000
vn 0.000000 1.000000 0.000000
vn 0.000000 1.000000 0.000000
vn 0.000000 -1.000000 0.000000
vn 0.000000 -1.000000 0.000000
vn 0.000000 -1.000000 0.000000
vn 0.000000 -1.000000 0.000000
vn 0.000000 0.000000 1.000000
vn 0.000000 0.000000 1.000000
vn 0.000000 0.000000 1.000000
vn 0.000000 0.000000 1.000000
vn 0.000000 0.000000 -1.000000
vn 0.000000 0.000000 -1.000000
vn 0.000000 0.000000 -1.000000
vn 0.000000 0.000000 -1.000000
vn -1.000000 0.000000 0.000000
vn -1.000000 0.000000 0.000000
vn -1.000000 0.000000 0.000000
vn -1.000000 0.000000 0.000000
vn 1.000000 0.000000 0.000000
vn 1.000000 0.000000 0.000000
vn 1.000000 0.000000 0.000000
vn 1.000000 0.000000 0.000000
vn 0.000000 1.000000 0.000000
vn 0.000000 1.000000 0.000000
vn 0.000000 1.000000 0.000000
vn 0.000000 1.000000 0.000000
vn 0.000000 -1.000000 0.000000
vn 0.000000 -1.000000 0.000000
vn 0.000000 -1.000000 0.000000
vn 0.000000 -1.000000 0.000000
vn 0.000000 0.000000 1.000000
vn 0.000000 0.000000 1.000000
vn 0.000000 0.000000 1.000000
vn 0.000000 0.000000 1.000000
vn 0.000000 0.000000 -1.000000
vn 0.000000 0.000000 -1.000000
vn 0.000000 0.000000 -1.000000
vn 0.000000 0.000000 -1.000000
vn -1.000000 0.000000 0.000000
vn -1.000000 0.000000 0.000000
vn -1.000000 0.000000 0.000000
vn -1.000000 0.000000 0.000000
vn 1.000000 0.000000 0.000000
vn 1.000000 0.000000 0.000000
vn 1.000000 0.000000 0.000000
vn 1.000000 0.000000 0.000000
vn 0.000000 1.000000 0.000000
vn 0.000000 1.000000 0.000000
vn 0.000000 1.000000 0.000000
vn 0.000000 1.000000 0.000000
vn 0.000000 -1.000000 0.000000
vn 0.000000 -1.000000 0.000000
vn 0.000000 -1.000000 0.000000
vn 0.000000 -1.000000 0.000000
vn 0.000000 1.000000 0.000000
vn 0.000000 1.000000 0.000000
vn 0.000000 1.000000 0.000000
vn 0.000000 1.000000 0.000000
vn -0.000000 1.000000 0.000000
vn -0.000000 1.000000 0.000000
vn -0.000000 1.000000 0.000000
vn -0.000000 1.000000 -0.000000
vn -0.000000 1.000000 -0.000000
vn -0.000000 1.000000 -0.000000
vn 0.000000 1.000000 -0.000000
vn 0.000000 1.000000 -0.000000
vn 0.500000 0.866025 0.000000
vn 0.404824 0.809648 0.424955
vn 0.208890 0.723616 0.657833
vn 0.000000 0.689749 0.724049
vn -0.208890 0.723616 0.657833
vn -0.404824 0.809648 0.424955
vn -0.500000 0.866025 0.000000
vn -0.404824 0.809648 -0.424955
vn -0.208890 0.723616 -0.657833
vn -0.000000 0.689749 -0.724049
vn 0.208890 0.723616 -0.657833
vn 0.404824 0.809648 -0.424955
vn 0.866025 0.500000 0.000000
vn 0.626670 0.417780 0.657833
vn 0.285706 0.329905 0.899741
vn 0.000000 0.302650 0.953102
vn -0.285706 0.329905 0.899741
vn -0.626670 0.417780 0.657833
vn -0.866025 0.500000 0.000000
vn -0.626670 0.417780 -0.657833
vn -0.285706 0.329905 -0.899741
vn -0.000000 0.302650 -0.953102
vn 0.285706 0.329905 -0.899741
vn 0.626670 0.417780 -0.657833
vn 1.000000 0.000000 0.000000
vn 0.689749 0.000000 0.724049
vn 0.302650 0.000000 0.953102
vn 0.000000 0.000000 1.000000
vn -0.302650 0.000000 0.953102
vn -0.689749 0.000000 0.724049
vn -1.000000 0.000000 0.000000
vn -0.689749 0.000000 -0.724049
vn -0.302650 0.000000 -0.953102
vn -0.000000 0.000000 -1.000000
vn 0.302650 0.000000 -0.953102
vn 0.689749 0.000000 -0.724049
vn 0.866025 -0.500000 0.000000
vn 0.626670 -0.417780 0.657833
vn 0.285706 -0.329905 0.899741
vn 0.000000 -0.302650 0.953102
vn -0.285706 -0.329905 0.899741
vn -0.626670 -0.417780 0.657833
vn -0.866025 -0.500000 0.000000
vn -0.626670 -0.417780 -0.657833
vn -0.285706 -0.329905 -0.899741
vn -0.000000 -0.302650 -0.953102
vn 0.285706 -0.329905 -0.899741
vn 0.626670 -0.417780 -0.657833
vn 0.500000 -0.866025 0.000000
vn 0.404824 -0.809648 0.424955
vn 0.208890 -0.723616 0.657833
vn 0.000000 -0.689749 0.724049
vn -0.208890 -0.723616 0.657833
vn -0.404824 -0.809648 0.424955
vn -0.500000 -0.866025 0.000000
vn -0.404824 -0.809648 -0.424955
vn -0.208890 -0.723616 -0.657833
vn -0.000000 -0.689749 -0.724049
vn 0.208890 -0.723616 -0.657833
vn 0.404824 -0.809648 -0.424955
vn 0.000000 -1.000000 0.000000
vn 0.000000 -1.000000 0.000000
vn 0.000000 -1.000000 0.000000
vn 0.000000 -1.000000 0.000000
vn -0.000000 -1.000000 0.000000
vn -0.000000 -1.000000 0.000000
vn -0.000000 -1.000000 0.000000
vn -0.000000 -1.000000 -0.000000
vn -0.000000 -1.000000 -0.000000
vn -0.000000 -1.000000 -0.000000
vn 0.000000 -1.000000 -0.000000
vn 0.000000 -1.000000 -0.000000
vn 0.000000 1.000000 0.000000
vn 0.000000 1.000000 0.000000
vn 0.000000 1.000000 0.000000
vn 0.000000 1.000000 0.000000
vn -0.000000 1.000000 0.000000
vn -0.000000 1.000000 0.000000
vn -0.000000 1.000000 0.000000
vn -0.000000 1.000000 -0.000000
vn -0.000000 1.000000 -0.000000
vn -0.000000 1.000000 -0.000000
vn 0.000000 1.000000 -0.000000
vn 0.000000 1.000000 -0.000000
vn 0.500000 0.866025 0.000000
vn 0.404824 0.809648 0.424955
vn 0.208890 0.723616 0.657833
vn 0.000000 0.689749 0.724049
vn -0.208890 0.723616 0.657833
vn -0.404824 0.809648 0.424955
vn -0.500000 0.866025 0.000000
vn -0.404824 0.809648 -0.424955
vn -0.208890 0.723616 -0.657833
vn -0.000000 0.689749 -0.724049
vn 0.208890 0.723616 -0.657833
vn 0.404824 0.809648 -0.424955
vn 0.866025 0.500000 0.000000
vn 0.626670 0.417780 0.657833
vn 0.285706 0.329905 0.899741
vn 0.000000 0.302650 0.953102
vn -0.285706 0.329905 0.899741
vn -0.626670 0.417780 0.657833
vn -0.866025 0.500000 0.000000
vn -0.626670 0.417780 -0.657833
vn -0.285706 0.329905 -0.899741
vn -0.000000 0.302650 -0.953102
vn 0.285706 0.329905 -0.899741
vn 0.626670 0.417780 -0.657833
vn 1.000000 0.000000 0.000000
vn 0.689749 0.000000 0.724049
vn 0.302650 0.000000 0.953102
vn 0.000000 0.000000 1.000000
vn -0.302650 0.000000 0.953102
vn -0.689749 0.000000 0.724049
vn -1.000000 0.000000 0.000000
vn -0.689749 0.000000 -0.724049
vn -0.302650 0.000000 -0.953102
vn -0.000000 0.000000 -1.000000
vn 0.302650 0.000000 -0.953102
vn 0.689749 0.000000 -0.724049
vn 0.866025 -0.500000 0.000000
vn 0.626670 -0.417780 0.657833
vn 0.285706 -0.329905 0.899741
vn 0.000000 -0.302650 0.953102
vn -0.285706 -0.329905 0.899741
vn -0.626670 -0.417780 0.657833
vn -0.866025 -0.500000 0.000000
vn -0.626670 -0.417780 -0.657833
vn -0.285706 -0.329905 -0.899741
vn -0.000000 -0.302650 -0.953102
vn 0.285706 -0.329905 -0.899741
vn 0.626670 -0.417780 -0.657833
vn 0.500000 -0.866025 0.000000
vn 0.404824 -0.809648 0.424955
vn 0.208890 -0.723616 0.657833
vn 0.000000 -0.689749 0.724049
vn -0.208890 -0.723616 0.657833
vn -0.404824 -0.809648 0.424955
vn -0.500000 -0.866025 0.000000
vn -0.404824 -0.809648 -0.424955
vn -0.208890 -0.723616 -0.657833
vn -0.000000 -0.689749 -0.724049
vn 0.208890 -0.723616 -0.657833
vn 0.404824 -0.809648 -0.424955
vn 0.000000 -1.000000 0.000000
vn 0.000000 -1.000000 0.000000
vn 0.000000 -1.000000 0.000000
vn 0.000000 -1.000000 0.000000
vn -0.000000 -1.000000 0.000000
vn -0.000000 -1.000000 0.000000
vn -0.000000 -1.000000 0.000000
vn -0.000000 -1.000000 -0.000000
vn -0.000000 -1.000000 -0.000000
vn -0.000000 -1.000000 -0.000000
vn 0.000000 -1.000000 -0.000000
vn 0.000000 -1.000000 -0.000000
f 1//1 2//2 74//74 73//73
f 2//2 3//3 75//75 74//74
f 3//3 4//4 76//76 75//75
f 4//4 5//5 77//77 76//76
f 5//5 6//6 78//78 77//77
f 6//6 7//7 79//79 78//78
f 7//7 8//8 80//80 79//79
f 8//8 9//9 81//81 80//80
f 9//9 10//10 82//82 81//81
f 10//10 11//11 83//83 82//82
f 11//11 12//12 84//84 83//83
f 12//12 13//13 85//85 84//84
f 13//13 14//14 86//86 85//85
f 14//14 15//15 87//87 86//86
f 15//15 16//16 88//88 87//87
f 16//16 17//17 89//89 88//88
f 17//17 18//18 90//90 89//89
f 18//18 19//19 91//91 90//90
f 19//19 20//20 92//92 91//91
f 20//20 21//21 93//93 92//92
f 21//21 22//22 94//94 93//93
f 22//22 23//23 95//95 94//94
f 23//23 24//24 96//96 95//95
f 24//24 25//25 97//97 96//96
f 25//25 26//26 98//98 97//97
f 26//26 27//27 99//99 98//98
f 27//27 28//28 100//100 99//99
f 28//28 29//29 101//101 100//100
f 29//29 30//30 102//102 101//101
f 30//30 31//31 103//103 102//102
f 31//31 32//32 104//104 103//103
f 32//32 33//33 105//105 104//104
f 33//33 34//34 106//106 105//105
f 34//34 35//35 107//107 106//106
f 35//35 36//36 108//108 107//107
f 36//36 37//37 109//109 108//108
f 37//37 38//38 110//110 109//109
f 38//38 39//39 111//111 110//110
f 39//39 40//40 112//112 111//111
f 40//40 41//41 113//113 112//112
f 41//41 42//42 114//114 113//113
f 42//42 43//43 115//115 114//114
f 43//43 44//44 116//116 115//115
f 44//44 45//45 117//117 116//116
f 45//45 46//46 118//118 117//117
f 46//46 47//47 119//119 118//118
f 47//47 48//48 120//120 119//119
f 48//48 49//49 121//121 120//120
f 49//49 50//50 122//122 121//121
f 50//50 51//51 123//123 122//122
f 51//51 52//52 124//124 123//123
f 52//52 53//53 125//125 124//124
f 53//53 54//54 126//126 125//125
f 54//54 55//55 127//127 126//126
f 55//55 56//56 128//128 127//127
f 56//56 57//57 129//129 128//128
f 57//57 58//58 130//130 129//129
f 58//58 59//59 131//131 130//130
f 59//59 60//60 132//132 131//131
f 60//60 61//61 133//133 132//132
f 61//61 62//62 134//134 133//133
f 62//62 63//63 135//135 134//134
f 63//63 64//64 136//136 135//135
f 64//64 65//65 137//137 136//136
f 65//65 66//66 138//138 137//137
f 66//66 67//67 139//139 138//138
f 67//67 68//68 140//140 139//139
f 68//68 69//69 141//141 140//140
f 69//69 70//70 142//142 141//141
f 70//70 71//71 143//143 142//142
f 71//71 72//72 144//144 143//143
f 72//72 1//1 73//73 144//144
f 73//73 74//74 146//146 145//145
f 74//74 75//75 147//147 146//146
f 75//75 76//76 148//148 147//147
f 76//76 77//77 149//149 148//148
f 77//77 78//78 150//150 149//149
f 78//78 79//79 151//151 150//150
f 79//79 80//80 152//152 151//151
f 80//80 81//81 153//153 152//152
f 81//81 82//82 154//154 153//153
f 82//82 83//83 155//155 154//154
f 83//83 84//84 156//156 155//155
f 84//84 85//85 157//157 156//156
f 85//85 86//86 158//158 157//157
f 86//86 87//87 159//159 158//158
f 87//87 88//88 160//160 159//159
f 88//88 89//89 161//161 160//160
f 89//89 90//90 162//162 161//161
f 90//90 91//91 163//163 162//162
f 91//91 92//92 164//164 163//163
f 92//92 93//93 165//165 164//164
f 93//93 94//94 166//166 165//165
f 94//94 95//95 167//167 166//166
f 95//95 96//96 168//168 167//167
f 96//96 97//97 169//169 168//168
f 97//97 98//98 170//170 169//169
f 98//98 99//99 171//171 170//170
f 99//99 100//100 172//172 171//171
f 100//100 101//101 173//173 172//172
f 101//101 102//102 174//174 173//173
f 102//102 103//103 175//175 174//174
f 103//103 104//104 176//176 175//175
f 104//104 105//105 177//177 176//176
f 105//105 106//106 178//178 177//177
f 106//106 107//107 179//179 178//178
f 107//107 108//108 180//180 179//179
f 108//108 109//109 181//181 180//180
f 109//109 110//110 182//182 181//181
f 110//110 111//111 183//183 182//182
f 111//111 112//112 184//184 183//183
f 112//112 113//113 185//185 184//184
f 113//113 114//114 186//186 185//185
f 114//114 115//115 187//187 186//186
f 115//115 116//116 188//188 187//187
f 116//116 117//117 189//189 188//188
f 117//117 118//118 190//190 189//189
f 118//118 119//119 191//191 190//190
f 119//119 120//120 192//192 191//191
f 120//120 121//121 193//193 192//192
f 121//121 122//122 194//194 193//193
f 122//122 123//123 195//195 194//194
f 123//123 124//124 196//196 195//195
f 124//124 125//125 197//197 196//196
f 125//125 126//126 198//198 197//197
f 126//126 127//127 199//199 198//198
f 127//127 128//128 200//200 199//199
f 128//128 129//129 201//201 200//200
f 129//129 130//130 202//202 201//201
f 130//130 131//131 203//203 202//202
f 131//131 132//132 204//204 203//203
f 132//132 133//133 205//205 204//204
f 133//133 134//134 206//206 205//205
f 134//134 135//135 207//207 206//206
f 135//135 136//136 208//208 207//207
f 136//136 137//137 209//209 208//208
f 137//137 138//138 210//210 209//209
f 138//138 139//139 211//211 210//210
f 139//139 140//140 212//212 211//211
f 140//140 141//141 213//213 212//212
f 141//141 142//142 214//214 213//213
f 142//142 143//143 215//215 214//214
f 143//143 144//144 216//216 215//215
f 144//144 73//73 145//145 216//216
f 145//145 146//146 218//218 217//217
f 146//146 147//147 219//219 218//218
f 147//147 148//148 220//220 219//219
f 148//148 149//149 221//221 220//220
f 149//149 150//150 222//222 221//221
f 150//150 151//151 223//223 222//222
f 151//151 152//152 224//224 223//223
f 152//152 153//153 225//225 224//224
f 153//153 154//154 226//226 225//225
f 154//154 155//155 227//227 226//226
f 155//155 156//156 228//228 227//227
f 156//156 157//157 229//229 228//228
f 157//157 158//158 230//230 229//229
f 158//158 159//159 231//231 230//230
f 159//159 160//160 232//232 231//231
f 160//160 161//161 233//233 232//232
f 161//161 162//162 234//234 233//233
f 162//162 163//163 235//235 234//234
f 163//163 164//164 236//236 235//235
f 164//164 165//165 237//237 236//236
f 165//165 166//166 238//238 237//237
f 166//166 167//167 239//239 238//238
f 167//167 168//168 240//240 239//239
f 168//168 169//169 241//241 240//240
f 169//169 170//170 242//242 241//241
f 170//170 171//171 243//243 242//242
f 171//171 172//172 244//244 243//243
f 172//172 173//173 245//245 244//244
f 173//173 174//174 246//246 245//245
f 174//174 175//175 247//247 246//246
f 175//175 176//176 248//248 247//247
f 176//176 177//177 249//249 248//248
f 177//177 178//178 250//250 249//249
f 178//178 179//179 251//251 250//250
f 179//179 180//180 252//252 251//251
f 180//180 181//181 253//253 252//252
f 181//181 182//182 254//254 253//253
f 182//182 183//183 255//255 254//254
f 183//183 184//184 256//256 255//255
f 184//184 185//185 257//257 256//256
f 185//185 186//186 258//258 257//257
f 186//186 187//187 259//259 258//258
f 187//187 188//188 260//260 259//259
f 188//188 189//189 261//261 260//260
f 189//189 190//190 262//262 261//261
f 190//190 191//191 263//263 262//262
f 191//191 192//192 264//264 263//263
f 192//192 193//193 265//265 264//264
f 193//193 194//194 266//266 265//265
f 194//194 195//195 267//267 266//266
f 195//195 196//196 268//268 267//267
f 196//196 197//197 269//269 268//268
f 197//197 198//198 270//270 269//269
f 198//198 199//199 271//271 270//270
f 199//199 200//200 272//272 271//271
f 200//200 201//201 273//273 272//272
f 201//201 202//202 274//274 273//273
f 202//202 203//203 275//275 274//274
f 203//203 204//204 276//276 275//275
f 204//204 205//205 277//277 276//276
f 205//205 206//206 278//278 277//277
f 206//206 207//207 279//279 278//278
f 207//207 208//208 280//280 279//279
f 208//208 209//209 281//281 280//280
f 209//209 210//210 282//282 281//281
f 210//210 211//211 283//283 282//282
f 211//211 212//212 284//284 283//283
f 212//212 213//213 285//285 284//284
f 213//213 214//214 286//286 285//285
f 214//214 215//215 287//287 286//286
f 215//215 216//216 288//288 287//287
f 216//216 145//145 217//217 288//288
f 217//217 218//218 290//290 289//289
f 218//218 219//219 291//291 290//290
f 219//219 220//220 292//292 291//291
f 220//220 221//221 293//293 292//292
f 221//221 222//222 294//294 293//293
f 222//222 223//223 295//295 294//294
f 223//223 224//224 296//296 295//295
f 224//224 225//225 297//297 296//296
f 225//225 226//226 298//298 297//297
f 226//226 227//227 299//299 298//298
f 227//227 228//228 300//300 299//299
f 228//228 229//229 301//301 300//300
f 229//229 230//230 302//302 301//301
f 230//230 231//231 303//303 302//302
f 231//231 232//232 304//304 303//303
f 232//232 233//233 305//305 304//304
f 233//233 234//234 306//306 305//305
f 234//234 235//235 307//307 306//306
f 235//235 236//236 308//308 307//307
f 236//236 237//237 309//309 308//308
f 237//237 238//238 310//310 309//309
f 238//238 239//239 311//311 310//310
f 239//239 240//240 312//312 311//311
f 240//240 241//241 313//313 312//312
f 241//241 242//242 314//314 313//313
f 242//242 243//243 315//315 314//314
f 243//243 244//244 316//316 315//315
f 244//244 245//245 317//317 316//316
f 245//245 246//246 318//318 317//317
f 246//246 247//247 319//319 318//318
f 247//247 248//248 320//320 319//319
f 248//248 249//249 321//321 320//320
f 249//249 250//250 322//322 321//321
f 250//250 251//251 323//323 322//322
f 251//251 252//252 324//324 323//323
f 252//252 253//253 325//325 324//324
f 253//253 254//254 326//326 325//325
f 254//254 255//255 327//327 326//326
f 255//255 256//256 328//328 327//327
f 256//256 257//257 329//329 328//328
f 257//257 258//258 330//330 329//329
f 258//258 259//259 331//331 330//330
f 259//259 260//260 332//332 331//331
f 260//260 261//261 333//333 332//332
f 261//261 262//262 334//334 333//333
f 262//262 263//263 335//335 334//334
f 263//263 264//264 336//336 335//335
f 264//264 265//265 337//337 336//336
f 265//265 266//266 338//338 337//337
f 266//266 267//267 339//339 338//338
f 267//267 268//268 340//340 339//339
f 268//268 269//269 341//341 340//340
f 269//269 270//270 342//342 341//341
f 270//270 271//271 343//343 342//342
f 271//271 272//272 344//344 343//343
f 272//272 273//273 345//345 344//344
f 273//273 274//274 346//346 345//345
f 274//274 275//275 347//347 346//346
f 275//275 276//276 348//348 347//347
f 276//276 277//277 349//349 348//348
f 277//277 278//278 350//350 349//349
f 278//278 279//279 351//351 350//350
f 279//279 280//280 352//352 351//351
f 280//280 281//281 353//353 352//352
f 281//281 282//282 354//354 353//353
f 282//282 283//283 355//355 354//354
f 283//283 284//284 356//356 355//355
f 284//284 285//285 357//357 356//356
f 285//285 286//286 358//358 357//357
f 286//286 287//287 359//359 358//358
f 287//287 288//288 360//360 359//359
f 288//288 217//217 289//289 360//360
f 289//289 290//290 362//362 361//361
f 290//290 291//291 363//363 362//362
f 291//291 292//292 364//364 363//363
f 292//292 293//293 365//365 364//364
f 293//293 294//294 366//366 365//365
f 294//294 295//295 367//367 366//366
f 295//295 296//296 368//368 367//367
f 296//296 297//297 369//369 368//368
f 297//297 298//298 370//370 369//369
f 298//298 299//299 371//371 370//370
f 299//299 300//300 372//372 371//371
f 300//300 301//301 373//373 372//372
f 301//301 302//302 374//374 373//373
f 302//302 303//303 375//375 374//374
f 303//303 304//304 376//376 375//375
f 304//304 305//305 377//377 376//376
f 305//305 306//306 378//378 377//377
f 306//306 307//307 379//379 378//378
f 307//307 308//308 380//380 379//379
f 308//308 309//309 381//381 380//380
f 309//309 310//310 382//382 381//381
f 310//310 311//311 383//383 382//382
f 311//311 312//312 384//384 383//383
f 312//312 313//313 385//385 384//384
f 313//313 314//314 386//386 385//385
f 314//314 315//315 387//387 386//386
f 315//315 316//316 388//388 387//387
f 316//316 317//317 389//389 388//388
f 317//317 318//318 390//390 389//389
f 318//318 319//319 391//391 390//390
f 319//319 320//320 392//392 391//391
f 320//320 321//321 393//393 392//392
f 321//321 322//322 394//394 393//393
f 322//322 323//323 395//395 394//394
f 323//323 324//324 396//396 395//395
f 324//324 325//325 397//397 396//396
f 325//325 326//326 398//398 397//397
f 326//326 327//327 399//399 398//398
f 327//327 328//328 400//400 399//399
f 328//328 329//329 401//401 400//400
f 329//329 330//330 402//402 401//401
f 330//330 331//331 403//403 402//402
f 331//331 332//332 404//404 403//403
f 332//332 333//333 405//405 404//404
f 333//333 334//334 406//406 405//405
f 334//334 335//335 407//407 406//406
f 335//335 336//336 408//408 407//407
f 336//336 337//337 409//409 408//408
f 337//337 338//338 410//410 409//409
f 338//338 339//339 411//411 410//410
f 339//339 340//340 412//412 411//411
f 340//340 341//341 413//413 412//412
f 341//341 342//342 414//414 413//413
f 342//342 343//343 415//415 414//414
f 343//343 344//344 416//416 415//415
f 344//344 345//345 417//417 416//416
f 345//345 346//346 418//418 417//417
f 346//346 347//347 419//419 418//418
f 347//347 348//348 420//420 419//419
f 348//348 349//349 421//421 420//420
f 349//349 350//350 422//422 421//421
f 350//350 351//351 423//423 422//422
f 351//351 352//352 424//424 423//423
f 352//352 353//353 425//425 424//424
f 353//353 354//354 426//426 425//425
f 354//354 355//355 427//427 426//426
f 355//355 356//356 428//428 427//427
f 356//356 357//357 429//429 428//428
f 357//357 358//358 430//430 429//429
f 358//358 359//359 431//431 430//430
f 359//359 360//360 432//432 431//431
f 360//360 289//289 361//361 432//432
f 361//361 362//362 434//434 433//433
f 362//362 363//363 435//435 434//434
f 363//363 364//364 436//436 435//435
f 364//364 365//365 437//437 436//436
f 365//365 366//366 438//438 437//437
f 366//366 367//367 439//439 438//438
f 367//367 368//368 440//440 439//439
f 368//368 369//369 441//441 440//440
f 369//369 370//370 442//442 441//441
f 370//370 371//371 443//443 442//442
f 371//371 372//372 444//444 443//443
f 372//372 373//373 445//445 444//444
f 373//373 374//374 446//446 445//445
f 374//374 375//375 447//447 446//446
f 375//375 376//376 448//448 447//447
f 376//376 377//377 449//449 448//448
f 377//377 378//378 450//450 449//449
f 378//378 379//379 451//451 450//450
f 379//379 380//380 452//452 451//451
f 380//380 381//381 453//453 452//452
f 381//381 382//382 454//454 453//453
f 382//382 383//383 455//455 454//454
f 383//383 384//384 456//456 455//455
f 384//384 385//385 457//457 456//456
f 385//385 386//386 458//458 457//457
f 386//386 387//387 459//459 458//458
f 387//387 388//388 460//460 459//459
f 388//388 389//389 461//461 460//460
f 389//389 390//390 462//462 461//461
f 390//390 391//391 463//463 462//462
f 391//391 392//392 464//464 463//463
f 392//392 393//393 465//465 464//464
f 393//393 394//394 466//466 465//465
f 394//394 395//395 467//467 466//466
f 395//395 396//396 468//468 467//467
f 396//396 397//397 469//469 468//468
f 397//397 398//398 470//470 469//469
f 398//398 399//399 471//471 470//470
f 399//399 400//400 472//472 471//471
f 400//400 401//401 473//473 472//472
f 401//401 402//402 474//474 473//473
f 402//402 403//403 475//475 474//474
f 403//403 404//404 476//476 475//475
f 404//404 405//405 477//477 476//476
f 405//405 406//406 478//478 477//477
f 406//406 407//407 479//479 478//478
f 407//407 408//408 480//480 479//479
f 408//408 409//409 481//481 480//480
f 409//409 410//410 482//482 481//481
f 410//410 411//411 483//483 482//482
f 411//411 412//412 484//484 483//483
f 412//412 413//413 485//485 484//484
f 413//413 414//414 486//486 485//485
f 414//414 415//415 487//487 486//486
f 415//415 416//416 488//488 487//487
f 416//416 417//417 489//489 488//488
f 417//417 418//418 490//490 489//489
f 418//418 419//419 491//491 490//490
f 419//419 420//420 492//492 491//491
f 420//420 421//421 493//493 492//492
f 421//421 422//422 494//494 493//493
f 422//422 423//423 495//495 494//494
f 423//423 424//424 496//496 495//495
f 424//424 425//425 497//497 496//496
f 425//425 426//426 498//498 497//497
f 426//426 427//427 499//499 498//498
f 427//427 428//428 500//500 499//499
f 428//428 429//429 501//501 500//500
f 429//429 430//430 502//502 501//501
f 430//430 431//431 503//503 502//502
f 431//431 432//432 504//504 503//503
f 432//432 361//361 433//433 504//504
f 433//433 434//434 506//506 505//505
f 434//434 435//435 507//507 506//506
f 435//435 436//436 508//508 507//507
f 436//436 437//437 509//509 508//508
f 437//437 438//438 510//510 509//509
f 438//438 439//439 511//511 510//510
f 439//439 440//440 512//512 511//511
f 440//440 441//441 513//513 512//512
f 441//441 442//442 514//514 513//513
f 442//442 443//443 515//515 514//514
f 443//443 444//444 516//516 515//515
f 444//444 445//445 517//517 516//516
f 445//445 446//446 518//518 517//517
f 446//446 447//447 519//519 518//518
f 447//447 448//448 520//520 519//519
f 448//448 449//449 521//521 520//520
f 449//449 450//450 522//522 521//521
f 450//450 451//451 523//523 522//522
f 451//451 452//452 524//524 523//523
f 452//452 453//453 525//525 524//524
f 453//453 454//454 526//526 525//525
f 454//454 455//455 527//527 526//526
f 455//455 456//456 528//528 527//527
f 456//456 457//457 529//529 528//528
f 457//457 458//458 530//530 529//529
f 458//458 459//459 531//531 530//530
f 459//459 460//460 532//532 531//531
f 460//460 461//461 533//533 532//532
f 461//461 462//462 534//534 533//533
f 462//462 463//463 535//535 534//534
f 463//463 464//464 536//536 535//535
f 464//464 465//465 537//537 536//536
f 465//465 466//466 538//538 537//537
f 466//466 467//467 539//539 538//538
f 467//467 468//468 540//540 539//539
f 468//468 469//469 541//541 540//540
f 469//469 470//470 542//542 541//541
f 470//470 471//471 543//543 542//542
f 471//471 472//472 544//544 543//543
f 472//472 473//473 545//545 544//544
f 473//473 474//474 546//546 545//545
f 474//474 475//475 547//547 546//546
f 475//475 476//476 548//548 547//547
f 476//476 477//477 549//549 548//548
f 477//477 478//478 550//550 549//549
f 478//478 479//479 551//551 550//550
f 479//479 480//480 552//552 551//551
f 480//480 481//481 553//553 552//552
f 481//481 482//482 554//554 553//553
f 482//482 483//483 555//555 554//554
f 483//483 484//484 556//556 555//555
f 484//484 485//485 557//557 556//556
f 485//485 486//486 558//558 557//557
f 486//486 487//487 559//559 558//558
f 487//487 488//488 560//560 559//559
f 488//488 489//489 561//561 560//560
f 489//489 490//490 562//562 561//561
f 490//490 491//491 563//563 562//562
f 491//491 492//492 564//564 563//563
f 492//492 493//493 565//565 564//564
f 493//493 494//494 566//566 565//565
f 494//494 495//495 567//567 566//566
f 495//495 496//496 568//568 567//567
f 496//496 497//497 569//569 568//568
f 497//497 498//498 570//570 569//569
f 498//498 499//499 571//571 570//570
f 499//499 500//500 572//572 571//571
f 500//500 501//501 573//573 572//572
f 501//501 502//502 574//574 573//573
f 502//502 503//503 575//575 574//574
f 503//503 504//504 576//576 575//575
f 504//504 433//433 505//505 576//576
f 505//505 506//506 578//578 577//577
f 506//506 507//507 579//579 578//578
f 507//507 508//508 580//580 579//579
f 508//508 509//509 581//581 580//580
f 509//509 510//510 582//582 581//581
f 510//510 511//511 583//583 582//582
f 511//511 512//512 584//584 583//583
f 512//512 513//513 585//585 584//584
f 513//513 514//514 586//586 585//585
f 514//514 515//515 587//587 586//586
f 515//515 516//516 588//588 587//587
f 516//516 517//517 589//589 588//588
f 517//517 518//518 590//590 589//589
f 518//518 519//519 591//591 590//590
f 519//519 520//520 592//592 591//591
f 520//520 521//521 593//593 592//592
f 521//521 522//522 594//594 593//593
f 522//522 523//523 595//595 594//594
f 523//523 524//524 596//596 595//595
f 524//524 525//525 597//597 596//596
f 525//525 526//526 598//598 597//597
f 526//526 527//527 599//599 598//598
f 527//527 528//528 600//600 599//599
f 528//528 529//529 601//601 600//600
f 529//529 530//530 602//602 601//601
f 530//530 531//531 603//603 602//602
f 531//531 532//532 604//604 603//603
f 532//532 533//533 605//605 604//604
f 533//533 534//534 606//606 605//605
f 534//534 535//535 607//607 606//606
f 535//535 536//536 608//608 607//607
f 536//536 537//537 609//609 608//608
f 537//537 538//538 610//610 609//609
f 538//538 539//539 611//611 610//610
f 539//539 540//540 612//612 611//611
f 540//540 541//541 613//613 612//612
f 541//541 542//542 614//614 613//613
f 542//542 543//543 615//615 614//614
f 543//543 544//544 616//616 615//615
f 544//544 545//545 617//617 616//616
f 545//545 546//546 618//618 617//617
f 546//546 547//547 619//619 618//618
f 547//547 548//548 620//620 619//619
f 548//548 549//549 621//621 620//620
f 549//549 550//550 622//622 621//621
f 550//550 551//551 623//623 622//622
f 551//551 552//552 624//624 623//623
f 552//552 553//553 625//625 624//624
f 553//553 554//554 626//626 625//625
f 554//554 555//555 627//627 626//626
f 555//555 556//556 628//628 627//627
f 556//556 557//557 629//629 628//628
f 557//557 558//558 630//630 629//629
f 558//558 559//559 631//631 630//630
f 559//559 560//560 632//632 631//631
f 560//560 561//561 633//633 632//632
f 561//561 562//562 634//634 633//633
f 562//562 563//563 635//635 634//634
f 563//563 564//564 636//636 635//635
f 564//564 565//565 637//637 636//636
f 565//565 566//566 638//638 637//637
f 566//566 567//567 639//639 638//638
f 567//567 568//568 640//640 639//639
f 568//568 569//569 641//641 640//640
f 569//569 570//570 642//642 641//641
f 570//570 571//571 643//643 642//642
f 571//571 572//572 644//644 643//643
f 572//572 573//573 645//645 644//644
f 573//573 574//574 646//646 645//645
f 574//574 575//575 647//647 646//646
f 575//575 576//576 648//648 647//647
f 576//576 505//505 577//577 648//648
f 649//649 651//651 650//650
f 649//649 652//652 651//651
f 649//649 653//653 652//652
f 649//649 654//654 653//653
f 649//649 655//655 654//654
f 649//649 656//656 655//655
f 649//649 657//657 656//656
f 649//649 658//658 657//657
f 649//649 659//659 658//658
f 649//649 660//660 659//659
f 649//649 661//661 660//660
f 649//649 662//662 661//661
f 649//649 663//663 662//662
f 649//649 664//664 663//663
f 649//649 665//665 664//664
f 649//649 666//666 665//665
f 649//649 667//667 666//666
f 649//649 668//668 667//667
f 649//649 669//669 668//668
f 649//649 670//670 669//669
f 649//649 671//671 670//670
f 649//649 672//672 671//671
f 649//649 673//673 672//672
f 649//649 674//674 673//673
f 649//649 675//675 674//674
f 649//649 676//676 675//675
f 649//649 677//677 676//676
f 649//649 678//678 677//677
f 649//649 679//679 678//678
f 649//649 680//680 679//679
f 649//649 681//681 680//680
f 649//649 682//682 681//681
f 649//649 683//683 682//682
f 649//649 684//684 683//683
f 649//649 685//685 684//684
f 649//649 686//686 685//685
f 649//649 687//687 686//686
f 649//649 688//688 687//687
f 649//649 689//689 688//688
f 649//649 690//690 689//689
f 649//649 691//691 690//690
f 649//649 692//692 691//691
f 649//649 693//693 692//692
f 649//649 694//694 693//693
f 649//649 695//695 694//694
f 649//649 696//696 695//695
f 649//649 697//697 696//696
f 649//649 698//698 697//697
f 649//649 699//699 698//698
f 649//649 700//700 699//699
f 649//649 701//701 700//700
f 649//649 702//702 701//701
f 649//649 703//703 702//702
f 649//649 704//704 703//703
f 649//649 705//705 704//704
f 649//649 706//706 705//705
f 649//649 707//707 706//706
f 649//649 708//708 707//707
f 649//649 709//709 708//708
f 649//649 710//710 709//709
f 649//649 711//711 710//710
f 649//649 712//712 711//711
f 649//649 713//713 712//712
f 649//649 714//714 713//713
f 649//649 715//715 714//714
f 649//649 716//716 715//715
f 649//649 717//717 716//716
f 649//649 718//718 717//717
f 649//649 719//719 718//718
f 649//649 720//720 719//719
f 649//649 721//721 720//720
f 649//649 650//650 721//721
f 722//722 723//723 724//724
f 722//722 724//724 725//725
f 722//722 725//725 726//726
f 722//722 726//726 727//727
f 722//722 727//727 728//728
f 722//722 728//728 729//729
f 722//722 729//729 730//730
f 722//722 730//730 731//731
f 722//722 731//731 732//732
f 722//722 732//732 733//733
f 722//722 733//733 734//734
f 722//722 734//734 735//735
f 722//722 735//735 736//736
f 722//722 736//736 737//737
f 722//722 737//737 738//738
f 722//722 738//738 739//739
f 722//722 739//739 740//740
f 722//722 740//740 741//741
f 722//722 741//741 742//742
f 722//722 742//742 743//743
f 722//722 743//743 744//744
f 722//722 744//744 745//745
f 722//722 745//745 746//746
f 722//722 746//746 747//747
f 722//722 747//747 748//748
f 722//722 748//748 749//749
f 722//722 749//749 750//750
f 722//722 750//750 751//751
f 722//722 751//751 752//752
f 722//722 752//752 753//753
f 722//722 753//753 754//754
f 722//722 754//754 755//755
f 722//722 755//755 756//756
f 722//722 756//756 757//757
f 722//722 757//757 758//758
f 722//722 758//758 759//759
f 722//722 759//759 760//760
f 722//722 760//760 761//761
f 722//722 761//761 762//762
f 722//722 762//762 763//763
f 722//722 763//763 764//764
f 722//722 764//764 765//765
f 722//722 765//765 766//766
f 722//722 766//766 767//767
f 722//722 767//767 768//768
f 722//722 768//768 769//769
f 722//722 769//769 770//770
f 722//722 770//770 771//771
f 722//722 771//771 772//772
f 722//722 772//772 773//773
f 722//722 773//773 774//774
f 722//722 774//774 775//775
f 722//722 775//775 776//776
f 722//722 776//776 777//777
f 722//722 777//777 778//778
f 722//722 778//778 779//779
f 722//722 779//779 780//780
f 722//722 780//780 781//781
f 722//722 781//781 782//782
f 722//722 782//782 783//783
f 722//722 783//783 784//784
f 722//722 784//784 785//785
f 722//722 785//785 786//786
f 722//722 786//786 787//787
f 722//722 787//787 788//788
f 722//722 788//788 789//789
f 722//722 789//789 790//790
f 722//722 790//790 791//791
f 722//722 791//791 792//792
f 722//722 792//792 793//793
f 722//722 793//793 794//794
f 722//722 794//794 723//723
f 813//813 795//795 796//796
f 815//815 814//814 832//832
f 813//813 796//796 797//797
f 816//816 815//815 832//832
f 797//797 798//798 799//799
f 818//818 817//817 816//816
f 813//813 797//797 799//799
f 818//818 816//816 832//832
f 813//813 799//799 800//800
f 819//819 818//818 832//832
f 800//800 801//801 802//802
f 821//821 820//820 819//819
f 813//813 800//800 802//802
f 821//821 819//819 832//832
f 813//813 802//802 803//803
f 822//822 821//821 832//832
f 813//813 803//803 804//804
f 823//823 822//822 832//832
f 813//813 804//804 805//805
f 824//824 823//823 832//832
f 813//813 805//805 806//806
f 825//825 824//824 832//832
f 813//813 806//806 807//807
f 826//826 825//825 832//832
f 807//807 808//808 809//809
f 828//828 827//827 826//826
f 809//809 810//810 811//811
f 830//830 829//829 828//828
f 807//807 809//809 811//811
f 830//830 828//828 826//826
f 807//807 811//811 812//812
f 831//831 830//830 826//826
f 807//807 812//812 813//813
f 832//832 831//831 826//826
f 833//833 834//834 835//835 836//836
f 837//837 838//838 839//839 840//840
f 841//841 842//842 843//843 844//844
f 845//845 846//846 847//847 848//848
f 849//849 850//850 851//851 852//852
f 853//853 854//854 855//855 856//856
f 857//857 858//858 859//859 860//860
f 861//861 862//862 863//863 864//864
f 865//865 866//866 867//867 868//868
f 869//869 870//870 871//871 872//872
f 873//873 874//874 875//875 876//876
f 877//877 878//878 879//879 880//880
f 881//881 882//882 883//883 884//884
f 885//885 886//886 887//887 888//888
f 889//889 890//890 891//891 892//892
f 893//893 894//894 895//895 896//896
f 897//897 898//898 899//899 900//900
f 901//901 902//902 903//903 904//904
f 905//905 906//906 907//907 908//908
f 909//909 910//910 911//911 912//912
f 913//913 914//914 915//915 916//916
f 917//917 918//918 919//919 920//920
f 921//921 922//922 923//923 924//924
f 925//925 926//926 927//927 928//928
f 929//929 930//930 931//931 932//932
f 933//933 934//934 935//935 936//936
f 937//937 938//938 939//939 940//940
f 941//941 942//942 943//943 944//944
f 945//945 946//946 947//947 948//948
f 949//949 950//950 951//951 952//952
f 953//953 954//954 955//955 956//956
f 957//957 958//958 959//959 960//960
f 961//961 962//962 963//963 964//964
f 965//965 966//966 967//967 968//968
f 969//969 970//970 971//971 972//972
f 973//973 974//974 975//975 976//976
f 977//977 978//978 979//979 980//980
f 981//981 982//982 983//983 984//984
f 985//985 986//986 987//987 988//988
f 989//989 990//990 991//991 992//992
f 993//993 994//994 995//995 996//996
f 997//997 998//998 999//999 1000//1000
f 1001//1001 1002//1002 1003//1003 1004//1004
f 1005//1005 1018//1018 1017//1017
f 1006//1006 1019//1019 1018//1018
f 1007//1007 1020//1020 1019//1019
f 1008//1008 1021//1021 1020//1020
f 1009//1009 1022//1022 1021//1021
f 1010//1010 1023//1023 1022//1022
f 1011//1011 1024//1024 1023//1023
f 1012//1012 1025//1025 1024//1024
f 1013//1013 1026//1026 1025//1025
f 1014//1014 1027//1027 1026//1026
f 1015//1015 1028//1028 1027//1027
f 1016//1016 1017//1017 1028//1028
f 1017//1017 1018//1018 1030//1030 1029//1029
f 1018//1018 1019//1019 1031//1031 1030//1030
f 1019//1019 1020//1020 1032//1032 1031//1031
f 1020//1020 1021//1021 1033//1033 1032//1032
f 1021//1021 1022//1022 1034//1034 1033//1033
f 1022//1022 1023//1023 1035//1035 1034//1034
f 1023//1023 1024//1024 1036//1036 1035//1035
f 1024//1024 1025//1025 1037//1037 1036//1036
f 1025//1025 1026//1026 1038//1038 1037//1037
f 1026//1026 1027//1027 1039//1039 1038//1038
f 1027//1027 1028//1028 1040//1040 1039//1039
f 1028//1028 1017//1017 1029//1029 1040//1040
f 1029//1029 1030//1030 1042//1042 1041//1041
f 1030//1030 1031//1031 1043//1043 1042//1042
f 1031//1031 1032//1032 1044//1044 1043//1043
f 1032//1032 1033//1033 1045//1045 1044//1044
f 1033//1033 1034//1034 1046//1046 1045//1045
f 1034//1034 1035//1035 1047//1047 1046//1046
f 1035//1035 1036//1036 1048//1048 1047//1047
f 1036//1036 1037//1037 1049//1049 1048//1048
f 1037//1037 1038//1038 1050//1050 1049//1049
f 1038//1038 1039//1039 1051//1051 1050//1050
f 1039//1039 1040//1040 1052//1052 1051//1051
f 1040//1040 1029//1029 1041//1041 1052//1052
f 1041//1041 1042//1042 1054//1054 1053//1053
f 1042//1042 1043//1043 1055//1055 1054//1054
f 1043//1043 1044//1044 1056//1056 1055//1055
f 1044//1044 1045//1045 1057//1057 1056//1056
f 1045//1045 1046//1046 1058//1058 1057//1057
f 1046//1046 1047//1047 1059//1059 1058//1058
f 1047//1047 1048//1048 1060//1060 1059//1059
f 1048//1048 1049//1049 1061//1061 1060//1060
f 1049//1049 1050//1050 1062//1062 1061//1061
f 1050//1050 1051//1051 1063//1063 1062//1062
f 1051//1051 1052//1052 1064//1064 1063//1063
f 1052//1052 1041//1041 1053//1053 1064//1064
f 1053//1053 1054//1054 1066//1066 1065//1065
f 1054//1054 1055//1055 1067//1067 1066//1066
f 1055//1055 1056//1056 1068//1068 1067//1067
f 1056//1056 1057//1057 1069//1069 1068//1068
f 1057//1057 1058//1058 1070//1070 1069//1069
f 1058//1058 1059//1059 1071//1071 1070//1070
f 1059//1059 1060//1060 1072//1072 1071//1071
f 1060//1060 1061//1061 1073//1073 1072//1072
f 1061//1061 1062//1062 1074//1074 1073//1073
f 1062//1062 1063//1063 1075//1075 1074//1074
f 1063//1063 1064//1064 1076//1076 1075//1075
f 1064//1064 1053//1053 1065//1065 1076//1076
f 1065//1065 1066//1066 1077//1077
f 1066//1066 1067//1067 1078//1078
f 1067//1067 1068//1068 1079//1079
f 1068//1068 1069//1069 1080//1080
f 1069//1069 1070//1070 1081//1081
f 1070//1070 1071//1071 1082//1082
f 1071//1071 1072//1072 1083//1083
f 1072//1072 1073//1073 1084//1084
f 1073//1073 1074//1074 1085//1085
f 1074//1074 1075//1075 1086//1086
f 1075//1075 1076//1076 1087//1087
f 1076//1076 1065//1065 1088//1088
f 1089//1089 1102//1102 1101//1101
f 1090//1090 1103//1103 1102//1102
f 1091//1091 1104//1104 1103//1103
f 1092//1092 1105//1105 1104//1104
f 1093//1093 1106//1106 1105//1105
f 1094//1094 1107//1107 1106//1106
f 1095//1095 1108//1108 1107//1107
f 1096//1096 1109//1109 1108//1108
f 1097//1097 1110//1110 1109//1109
f 1098//1098 1111//1111 1110//1110
f 1099//1099 1112//1112 1111//1111
f 1100//1100 1101//1101 1112//1112
f 1101//1101 1102//1102 1114//1114 1113//1113
f 1102//1102 1103//1103 1115//1115 1114//1114
f 1103//1103 1104//1104 1116//1116 1115//1115
f 1104//1104 1105//1105 1117//1117 1116//1116
f 1105//1105 1106//1106 1118//1118 1117//1117
f 1106//1106 1107//1107 1119//1119 1118//1118
f 1107//1107 1108//1108 1120//1120 1119//1119
f 1108//1108 1109//1109 1121//1121 1120//1120
f 1109//1109 1110//1110 1122//1122 1121//1121
f 1110//1110 1111//1111 1123//1123 1122//1122
f 1111//1111 1112//1112 1124//1124 1123//1123
f 1112//1112 1101//1101 1113//1113 1124//1124
f 1113//1113 1114//1114 1126//1126 1125//1125
f 1114//1114 1115//1115 1127//1127 1126//1126
f 1115//1115 1116//1116 1128//1128 1127//1127
f 1116//1116 1117//1117 1129//1129 1128//1128
f 1117//1117 1118//1118 1130//1130 1129//1129
f 1118//1118 1119//1119 1131//1131 1130//1130
f 1119//1119 1120//1120 1132//1132 1131//1131
f 1120//1120 1121//1121 1133//1133 1132//1132
f 1121//1121 1122//1122 1134//1134 1133//1133
f 1122//1122 1123//1123 1135//1135 1134//1134
f 1123//1123 1124//1124 1136//1136 1135//1135
f 1124//1124 1113//1113 1125//1125 1136//1136
f 1125//1125 1126//1126 1138//1138 1137//1137
f 1126//1126 1127//1127 1139//1139 1138//1138
f 1127//1127 1128//1128 1140//1140 1139//1139
f 1128//1128 1129//1129 1141//1141 1140//1140
f 1129//1129 1130//1130 1142//1142 1141//1141
f 1130//1130 1131//1131 1143//1143 1142//1142
f 1131//1131 1132//1132 1144//1144 1143//1143
f 1132//1132 1133//1133 1145//1145 1144//1144
f 1133//1133 1134//1134 1146//1146 1145//1145
f 1134//1134 1135//1135 1147//1147 1146//1146
f 1135//1135 1136//1136 1148//1148 1147//1147
f 1136//1136 1125//1125 1137//1137 1148//1148
f 1137//1137 1138//1138 1150//1150 1149//1149
f 1138//1138 1139//1139 1151//1151 1150//1150
f 1139//1139 1140//1140 1152//1152 1151//1151
f 1140//1140 1141//1141 1153//1153 1152//1152
f 1141//1141 1142//1142 1154//1154 1153//1153
f 1142//1142 1143//1143 1155//1155 1154//1154
f 1143//1143 1144//1144 1156//1156 1155//1155
f 1144//1144 1145//1145 1157//1157 1156//1156
f 1145//1145 1146//1146 1158//1158 1157//1157
f 1146//1146 1147//1147 1159//1159 1158//1158
f 1147//1147 1148//1148 1160//1160 1159//1159
f 1148//1148 1137//1137 1149//1149 1160//1160
f 1149//1149 1150//1150 1161//1161
f 1150//1150 1151//1151 1162//1162
f 1151//1151 1152//1152 1163//1163
f 1152//1152 1153//1153 1164//1164
f 1153//1153 1154//1154 1165//1165
f 1154//1154 1155//1155 1166//1166
f 1155//1155 1156//1156 1167//1167
f 1156//1156 1157//1157 1168//1168
f 1157//1157 1158//1158 1169//1169
f 1158//1158 1159//1159 1170//1170
f 1159//1159 1160//1160 1171//1171
f 1160//1160 1149//1149 1172//1172
