# higher-detail pawn model for Chess3D
# Generated procedural chess model. Units: Y-up, centered on origin.
o pawn
v 0.380000 0.000000 0.000000
v 0.378554 0.000000 0.033119
v 0.374227 0.000000 0.065986
v 0.367052 0.000000 0.098351
v 0.357083 0.000000 0.129968
v 0.344397 0.000000 0.160595
v 0.329090 0.000000 0.190000
v 0.311278 0.000000 0.217959
v 0.291097 0.000000 0.244259
v 0.268701 0.000000 0.268701
v 0.244259 0.000000 0.291097
v 0.217959 0.000000 0.311278
v 0.190000 0.000000 0.329090
v 0.160595 0.000000 0.344397
v 0.129968 0.000000 0.357083
v 0.098351 0.000000 0.367052
v 0.065986 0.000000 0.374227
v 0.033119 0.000000 0.378554
v 0.000000 0.000000 0.380000
v -0.033119 0.000000 0.378554
v -0.065986 0.000000 0.374227
v -0.098351 0.000000 0.367052
v -0.129968 0.000000 0.357083
v -0.160595 0.000000 0.344397
v -0.190000 0.000000 0.329090
v -0.217959 0.000000 0.311278
v -0.244259 0.000000 0.291097
v -0.268701 0.000000 0.268701
v -0.291097 0.000000 0.244259
v -0.311278 0.000000 0.217959
v -0.329090 0.000000 0.190000
v -0.344397 0.000000 0.160595
v -0.357083 0.000000 0.129968
v -0.367052 0.000000 0.098351
v -0.374227 0.000000 0.065986
v -0.378554 0.000000 0.033119
v -0.380000 0.000000 0.000000
v -0.378554 0.000000 -0.033119
v -0.374227 0.000000 -0.065986
v -0.367052 0.000000 -0.098351
v -0.357083 0.000000 -0.129968
v -0.344397 0.000000 -0.160595
v -0.329090 0.000000 -0.190000
v -0.311278 0.000000 -0.217959
v -0.291097 0.000000 -0.244259
v -0.268701 0.000000 -0.268701
v -0.244259 0.000000 -0.291097
v -0.217959 0.000000 -0.311278
v -0.190000 0.000000 -0.329090
v -0.160595 0.000000 -0.344397
v -0.129968 0.000000 -0.357083
v -0.098351 0.000000 -0.367052
v -0.065986 0.000000 -0.374227
v -0.033119 0.000000 -0.378554
v -0.000000 0.000000 -0.380000
v 0.033119 0.000000 -0.378554
v 0.065986 0.000000 -0.374227
v 0.098351 0.000000 -0.367052
v 0.129968 0.000000 -0.357083
v 0.160595 0.000000 -0.344397
v 0.190000 0.000000 -0.329090
v 0.217959 0.000000 -0.311278
v 0.244259 0.000000 -0.291097
v 0.268701 0.000000 -0.268701
v 0.291097 0.000000 -0.244259
v 0.311278 0.000000 -0.217959
v 0.329090 0.000000 -0.190000
v 0.344397 0.000000 -0.160595
v 0.357083 0.000000 -0.129968
v 0.367052 0.000000 -0.098351
v 0.374227 0.000000 -0.065986
v 0.378554 0.000000 -0.033119
v 0.400000 0.030000 0.000000
v 0.398478 0.030000 0.034862
v 0.393923 0.030000 0.069459
v 0.386370 0.030000 0.103528
v 0.375877 0.030000 0.136808
v 0.362523 0.030000 0.169047
v 0.346410 0.030000 0.200000
v 0.327661 0.030000 0.229431
v 0.306418 0.030000 0.257115
v 0.282843 0.030000 0.282843
v 0.257115 0.030000 0.306418
v 0.229431 0.030000 0.327661
v 0.200000 0.030000 0.346410
v 0.169047 0.030000 0.362523
v 0.136808 0.030000 0.375877
v 0.103528 0.030000 0.386370
v 0.069459 0.030000 0.393923
v 0.034862 0.030000 0.398478
v 0.000000 0.030000 0.400000
v -0.034862 0.030000 0.398478
v -0.069459 0.030000 0.393923
v -0.103528 0.030000 0.386370
v -0.136808 0.030000 0.375877
v -0.169047 0.030000 0.362523
v -0.200000 0.030000 0.346410
v -0.229431 0.030000 0.327661
v -0.257115 0.030000 0.306418
v -0.282843 0.030000 0.282843
v -0.306418 0.030000 0.257115
v -0.327661 0.030000 0.229431
v -0.346410 0.030000 0.200000
v -0.362523 0.030000 0.169047
v -0.375877 0.030000 0.136808
v -0.386370 0.030000 0.103528
v -0.393923 0.030000 0.069459
v -0.398478 0.030000 0.034862
v -0.400000 0.030000 0.000000
v -0.398478 0.030000 -0.034862
v -0.393923 0.030000 -0.069459
v -0.386370 0.030000 -0.103528
v -0.375877 0.030000 -0.136808
v -0.362523 0.030000 -0.169047
v -0.346410 0.030000 -0.200000
v -0.327661 0.030000 -0.229431
v -0.306418 0.030000 -0.257115
v -0.282843 0.030000 -0.282843
v -0.257115 0.030000 -0.306418
v -0.229431 0.030000 -0.327661
v -0.200000 0.030000 -0.346410
v -0.169047 0.030000 -0.362523
v -0.136808 0.030000 -0.375877
v -0.103528 0.030000 -0.386370
v -0.069459 0.030000 -0.393923
v -0.034862 0.030000 -0.398478
v -0.000000 0.030000 -0.400000
v 0.034862 0.030000 -0.398478
v 0.069459 0.030000 -0.393923
v 0.103528 0.030000 -0.386370
v 0.136808 0.030000 -0.375877
v 0.169047 0.030000 -0.362523
v 0.200000 0.030000 -0.346410
v 0.229431 0.030000 -0.327661
v 0.257115 0.030000 -0.306418
v 0.282843 0.030000 -0.282843
v 0.306418 0.030000 -0.257115
v 0.327661 0.030000 -0.229431
v 0.346410 0.030000 -0.200000
v 0.362523 0.030000 -0.169047
v 0.375877 0.030000 -0.136808
v 0.386370 0.030000 -0.103528
v 0.393923 0.030000 -0.069459
v 0.398478 0.030000 -0.034862
v 0.360000 0.070000 0.000000
v 0.358630 0.070000 0.031376
v 0.354531 0.070000 0.062513
v 0.347733 0.070000 0.093175
v 0.338289 0.070000 0.123127
v 0.326271 0.070000 0.152143
v 0.311769 0.070000 0.180000
v 0.294895 0.070000 0.206488
v 0.275776 0.070000 0.231404
v 0.254558 0.070000 0.254558
v 0.231404 0.070000 0.275776
v 0.206488 0.070000 0.294895
v 0.180000 0.070000 0.311769
v 0.152143 0.070000 0.326271
v 0.123127 0.070000 0.338289
v 0.093175 0.070000 0.347733
v 0.062513 0.070000 0.354531
v 0.031376 0.070000 0.358630
v 0.000000 0.070000 0.360000
v -0.031376 0.070000 0.358630
v -0.062513 0.070000 0.354531
v -0.093175 0.070000 0.347733
v -0.123127 0.070000 0.338289
v -0.152143 0.070000 0.326271
v -0.180000 0.070000 0.311769
v -0.206488 0.070000 0.294895
v -0.231404 0.070000 0.275776
v -0.254558 0.070000 0.254558
v -0.275776 0.070000 0.231404
v -0.294895 0.070000 0.206488
v -0.311769 0.070000 0.180000
v -0.326271 0.070000 0.152143
v -0.338289 0.070000 0.123127
v -0.347733 0.070000 0.093175
v -0.354531 0.070000 0.062513
v -0.358630 0.070000 0.031376
v -0.360000 0.070000 0.000000
v -0.358630 0.070000 -0.031376
v -0.354531 0.070000 -0.062513
v -0.347733 0.070000 -0.093175
v -0.338289 0.070000 -0.123127
v -0.326271 0.070000 -0.152143
v -0.311769 0.070000 -0.180000
v -0.294895 0.070000 -0.206488
v -0.275776 0.070000 -0.231404
v -0.254558 0.070000 -0.254558
v -0.231404 0.070000 -0.275776
v -0.206488 0.070000 -0.294895
v -0.180000 0.070000 -0.311769
v -0.152143 0.070000 -0.326271
v -0.123127 0.070000 -0.338289
v -0.093175 0.070000 -0.347733
v -0.062513 0.070000 -0.354531
v -0.031376 0.070000 -0.358630
v -0.000000 0.070000 -0.360000
v 0.031376 0.070000 -0.358630
v 0.062513 0.070000 -0.354531
v 0.093175 0.070000 -0.347733
v 0.123127 0.070000 -0.338289
v 0.152143 0.070000 -0.326271
v 0.180000 0.070000 -0.311769
v 0.206488 0.070000 -0.294895
v 0.231404 0.070000 -0.275776
v 0.254558 0.070000 -0.254558
v 0.275776 0.070000 -0.231404
v 0.294895 0.070000 -0.206488
v 0.311769 0.070000 -0.180000
v 0.326271 0.070000 -0.152143
v 0.338289 0.070000 -0.123127
v 0.347733 0.070000 -0.093175
v 0.354531 0.070000 -0.062513
v 0.358630 0.070000 -0.031376
v 0.300000 0.100000 0.000000
v 0.298858 0.100000 0.026147
v 0.295442 0.100000 0.052094
v 0.289778 0.100000 0.077646
v 0.281908 0.100000 0.102606
v 0.271892 0.100000 0.126785
v 0.259808 0.100000 0.150000
v 0.245746 0.100000 0.172073
v 0.229813 0.100000 0.192836
v 0.212132 0.100000 0.212132
v 0.192836 0.100000 0.229813
v 0.172073 0.100000 0.245746
v 0.150000 0.100000 0.259808
v 0.126785 0.100000 0.271892
v 0.102606 0.100000 0.281908
v 0.077646 0.100000 0.289778
v 0.052094 0.100000 0.295442
v 0.026147 0.100000 0.298858
v 0.000000 0.100000 0.300000
v -0.026147 0.100000 0.298858
v -0.052094 0.100000 0.295442
v -0.077646 0.100000 0.289778
v -0.102606 0.100000 0.281908
v -0.126785 0.100000 0.271892
v -0.150000 0.100000 0.259808
v -0.172073 0.100000 0.245746
v -0.192836 0.100000 0.229813
v -0.212132 0.100000 0.212132
v -0.229813 0.100000 0.192836
v -0.245746 0.100000 0.172073
v -0.259808 0.100000 0.150000
v -0.271892 0.100000 0.126785
v -0.281908 0.100000 0.102606
v -0.289778 0.100000 0.077646
v -0.295442 0.100000 0.052094
v -0.298858 0.100000 0.026147
v -0.300000 0.100000 0.000000
v -0.298858 0.100000 -0.026147
v -0.295442 0.100000 -0.052094
v -0.289778 0.100000 -0.077646
v -0.281908 0.100000 -0.102606
v -0.271892 0.100000 -0.126785
v -0.259808 0.100000 -0.150000
v -0.245746 0.100000 -0.172073
v -0.229813 0.100000 -0.192836
v -0.212132 0.100000 -0.212132
v -0.192836 0.100000 -0.229813
v -0.172073 0.100000 -0.245746
v -0.150000 0.100000 -0.259808
v -0.126785 0.100000 -0.271892
v -0.102606 0.100000 -0.281908
v -0.077646 0.100000 -0.289778
v -0.052094 0.100000 -0.295442
v -0.026147 0.100000 -0.298858
v -0.000000 0.100000 -0.300000
v 0.026147 0.100000 -0.298858
v 0.052094 0.100000 -0.295442
v 0.077646 0.100000 -0.289778
v 0.102606 0.100000 -0.281908
v 0.126785 0.100000 -0.271892
v 0.150000 0.100000 -0.259808
v 0.172073 0.100000 -0.245746
v 0.192836 0.100000 -0.229813
v 0.212132 0.100000 -0.212132
v 0.229813 0.100000 -0.192836
v 0.245746 0.100000 -0.172073
v 0.259808 0.100000 -0.150000
v 0.271892 0.100000 -0.126785
v 0.281908 0.100000 -0.102606
v 0.289778 0.100000 -0.077646
v 0.295442 0.100000 -0.052094
v 0.298858 0.100000 -0.026147
v 0.310000 0.135000 0.000000
v 0.308820 0.135000 0.027018
v 0.305290 0.135000 0.053831
v 0.299437 0.135000 0.080234
v 0.291305 0.135000 0.106026
v 0.280955 0.135000 0.131012
v 0.268468 0.135000 0.155000
v 0.253937 0.135000 0.177809
v 0.237474 0.135000 0.199264
v 0.219203 0.135000 0.219203
v 0.199264 0.135000 0.237474
v 0.177809 0.135000 0.253937
v 0.155000 0.135000 0.268468
v 0.131012 0.135000 0.280955
v 0.106026 0.135000 0.291305
v 0.080234 0.135000 0.299437
v 0.053831 0.135000 0.305290
v 0.027018 0.135000 0.308820
v 0.000000 0.135000 0.310000
v -0.027018 0.135000 0.308820
v -0.053831 0.135000 0.305290
v -0.080234 0.135000 0.299437
v -0.106026 0.135000 0.291305
v -0.131012 0.135000 0.280955
v -0.155000 0.135000 0.268468
v -0.177809 0.135000 0.253937
v -0.199264 0.135000 0.237474
v -0.219203 0.135000 0.219203
v -0.237474 0.135000 0.199264
v -0.253937 0.135000 0.177809
v -0.268468 0.135000 0.155000
v -0.280955 0.135000 0.131012
v -0.291305 0.135000 0.106026
v -0.299437 0.135000 0.080234
v -0.305290 0.135000 0.053831
v -0.308820 0.135000 0.027018
v -0.310000 0.135000 0.000000
v -0.308820 0.135000 -0.027018
v -0.305290 0.135000 -0.053831
v -0.299437 0.135000 -0.080234
v -0.291305 0.135000 -0.106026
v -0.280955 0.135000 -0.131012
v -0.268468 0.135000 -0.155000
v -0.253937 0.135000 -0.177809
v -0.237474 0.135000 -0.199264
v -0.219203 0.135000 -0.219203
v -0.199264 0.135000 -0.237474
v -0.177809 0.135000 -0.253937
v -0.155000 0.135000 -0.268468
v -0.131012 0.135000 -0.280955
v -0.106026 0.135000 -0.291305
v -0.080234 0.135000 -0.299437
v -0.053831 0.135000 -0.305290
v -0.027018 0.135000 -0.308820
v -0.000000 0.135000 -0.310000
v 0.027018 0.135000 -0.308820
v 0.053831 0.135000 -0.305290
v 0.080234 0.135000 -0.299437
v 0.106026 0.135000 -0.291305
v 0.131012 0.135000 -0.280955
v 0.155000 0.135000 -0.268468
v 0.177809 0.135000 -0.253937
v 0.199264 0.135000 -0.237474
v 0.219203 0.135000 -0.219203
v 0.237474 0.135000 -0.199264
v 0.253937 0.135000 -0.177809
v 0.268468 0.135000 -0.155000
v 0.280955 0.135000 -0.131012
v 0.291305 0.135000 -0.106026
v 0.299437 0.135000 -0.080234
v 0.305290 0.135000 -0.053831
v 0.308820 0.135000 -0.027018
v 0.250000 0.170000 0.000000
v 0.249049 0.170000 0.021789
v 0.246202 0.170000 0.043412
v 0.241481 0.170000 0.064705
v 0.234923 0.170000 0.085505
v 0.226577 0.170000 0.105655
v 0.216506 0.170000 0.125000
v 0.204788 0.170000 0.143394
v 0.191511 0.170000 0.160697
v 0.176777 0.170000 0.176777
v 0.160697 0.170000 0.191511
v 0.143394 0.170000 0.204788
v 0.125000 0.170000 0.216506
v 0.105655 0.170000 0.226577
v 0.085505 0.170000 0.234923
v 0.064705 0.170000 0.241481
v 0.043412 0.170000 0.246202
v 0.021789 0.170000 0.249049
v 0.000000 0.170000 0.250000
v -0.021789 0.170000 0.249049
v -0.043412 0.170000 0.246202
v -0.064705 0.170000 0.241481
v -0.085505 0.170000 0.234923
v -0.105655 0.170000 0.226577
v -0.125000 0.170000 0.216506
v -0.143394 0.170000 0.204788
v -0.160697 0.170000 0.191511
v -0.176777 0.170000 0.176777
v -0.191511 0.170000 0.160697
v -0.204788 0.170000 0.143394
v -0.216506 0.170000 0.125000
v -0.226577 0.170000 0.105655
v -0.234923 0.170000 0.085505
v -0.241481 0.170000 0.064705
v -0.246202 0.170000 0.043412
v -0.249049 0.170000 0.021789
v -0.250000 0.170000 0.000000
v -0.249049 0.170000 -0.021789
v -0.246202 0.170000 -0.043412
v -0.241481 0.170000 -0.064705
v -0.234923 0.170000 -0.085505
v -0.226577 0.170000 -0.105655
v -0.216506 0.170000 -0.125000
v -0.204788 0.170000 -0.143394
v -0.191511 0.170000 -0.160697
v -0.176777 0.170000 -0.176777
v -0.160697 0.170000 -0.191511
v -0.143394 0.170000 -0.204788
v -0.125000 0.170000 -0.216506
v -0.105655 0.170000 -0.226577
v -0.085505 0.170000 -0.234923
v -0.064705 0.170000 -0.241481
v -0.043412 0.170000 -0.246202
v -0.021789 0.170000 -0.249049
v -0.000000 0.170000 -0.250000
v 0.021789 0.170000 -0.249049
v 0.043412 0.170000 -0.246202
v 0.064705 0.170000 -0.241481
v 0.085505 0.170000 -0.234923
v 0.105655 0.170000 -0.226577
v 0.125000 0.170000 -0.216506
v 0.143394 0.170000 -0.204788
v 0.160697 0.170000 -0.191511
v 0.176777 0.170000 -0.176777
v 0.191511 0.170000 -0.160697
v 0.204788 0.170000 -0.143394
v 0.216506 0.170000 -0.125000
v 0.226577 0.170000 -0.105655
v 0.234923 0.170000 -0.085505
v 0.241481 0.170000 -0.064705
v 0.246202 0.170000 -0.043412
v 0.249049 0.170000 -0.021789
v 0.210000 0.205000 0.000000
v 0.209201 0.205000 0.018303
v 0.206810 0.205000 0.036466
v 0.202844 0.205000 0.054352
v 0.197335 0.205000 0.071824
v 0.190325 0.205000 0.088750
v 0.181865 0.205000 0.105000
v 0.172022 0.205000 0.120451
v 0.160869 0.205000 0.134985
v 0.148492 0.205000 0.148492
v 0.134985 0.205000 0.160869
v 0.120451 0.205000 0.172022
v 0.105000 0.205000 0.181865
v 0.088750 0.205000 0.190325
v 0.071824 0.205000 0.197335
v 0.054352 0.205000 0.202844
v 0.036466 0.205000 0.206810
v 0.018303 0.205000 0.209201
v 0.000000 0.205000 0.210000
v -0.018303 0.205000 0.209201
v -0.036466 0.205000 0.206810
v -0.054352 0.205000 0.202844
v -0.071824 0.205000 0.197335
v -0.088750 0.205000 0.190325
v -0.105000 0.205000 0.181865
v -0.120451 0.205000 0.172022
v -0.134985 0.205000 0.160869
v -0.148492 0.205000 0.148492
v -0.160869 0.205000 0.134985
v -0.172022 0.205000 0.120451
v -0.181865 0.205000 0.105000
v -0.190325 0.205000 0.088750
v -0.197335 0.205000 0.071824
v -0.202844 0.205000 0.054352
v -0.206810 0.205000 0.036466
v -0.209201 0.205000 0.018303
v -0.210000 0.205000 0.000000
v -0.209201 0.205000 -0.018303
v -0.206810 0.205000 -0.036466
v -0.202844 0.205000 -0.054352
v -0.197335 0.205000 -0.071824
v -0.190325 0.205000 -0.088750
v -0.181865 0.205000 -0.105000
v -0.172022 0.205000 -0.120451
v -0.160869 0.205000 -0.134985
v -0.148492 0.205000 -0.148492
v -0.134985 0.205000 -0.160869
v -0.120451 0.205000 -0.172022
v -0.105000 0.205000 -0.181865
v -0.088750 0.205000 -0.190325
v -0.071824 0.205000 -0.197335
v -0.054352 0.205000 -0.202844
v -0.036466 0.205000 -0.206810
v -0.018303 0.205000 -0.209201
v -0.000000 0.205000 -0.210000
v 0.018303 0.205000 -0.209201
v 0.036466 0.205000 -0.206810
v 0.054352 0.205000 -0.202844
v 0.071824 0.205000 -0.197335
v 0.088750 0.205000 -0.190325
v 0.105000 0.205000 -0.181865
v 0.120451 0.205000 -0.172022
v 0.134985 0.205000 -0.160869
v 0.148492 0.205000 -0.148492
v 0.160869 0.205000 -0.134985
v 0.172022 0.205000 -0.120451
v 0.181865 0.205000 -0.105000
v 0.190325 0.205000 -0.088750
v 0.197335 0.205000 -0.071824
v 0.202844 0.205000 -0.054352
v 0.206810 0.205000 -0.036466
v 0.209201 0.205000 -0.018303
v 0.170000 0.300000 0.000000
v 0.169353 0.300000 0.014816
v 0.167417 0.300000 0.029520
v 0.164207 0.300000 0.043999
v 0.159748 0.300000 0.058143
v 0.154072 0.300000 0.071845
v 0.147224 0.300000 0.085000
v 0.139256 0.300000 0.097508
v 0.130228 0.300000 0.109274
v 0.120208 0.300000 0.120208
v 0.109274 0.300000 0.130228
v 0.097508 0.300000 0.139256
v 0.085000 0.300000 0.147224
v 0.071845 0.300000 0.154072
v 0.058143 0.300000 0.159748
v 0.043999 0.300000 0.164207
v 0.029520 0.300000 0.167417
v 0.014816 0.300000 0.169353
v 0.000000 0.300000 0.170000
v -0.014816 0.300000 0.169353
v -0.029520 0.300000 0.167417
v -0.043999 0.300000 0.164207
v -0.058143 0.300000 0.159748
v -0.071845 0.300000 0.154072
v -0.085000 0.300000 0.147224
v -0.097508 0.300000 0.139256
v -0.109274 0.300000 0.130228
v -0.120208 0.300000 0.120208
v -0.130228 0.300000 0.109274
v -0.139256 0.300000 0.097508
v -0.147224 0.300000 0.085000
v -0.154072 0.300000 0.071845
v -0.159748 0.300000 0.058143
v -0.164207 0.300000 0.043999
v -0.167417 0.300000 0.029520
v -0.169353 0.300000 0.014816
v -0.170000 0.300000 0.000000
v -0.169353 0.300000 -0.014816
v -0.167417 0.300000 -0.029520
v -0.164207 0.300000 -0.043999
v -0.159748 0.300000 -0.058143
v -0.154072 0.300000 -0.071845
v -0.147224 0.300000 -0.085000
v -0.139256 0.300000 -0.097508
v -0.130228 0.300000 -0.109274
v -0.120208 0.300000 -0.120208
v -0.109274 0.300000 -0.130228
v -0.097508 0.300000 -0.139256
v -0.085000 0.300000 -0.147224
v -0.071845 0.300000 -0.154072
v -0.058143 0.300000 -0.159748
v -0.043999 0.300000 -0.164207
v -0.029520 0.300000 -0.167417
v -0.014816 0.300000 -0.169353
v -0.000000 0.300000 -0.170000
v 0.014816 0.300000 -0.169353
v 0.029520 0.300000 -0.167417
v 0.043999 0.300000 -0.164207
v 0.058143 0.300000 -0.159748
v 0.071845 0.300000 -0.154072
v 0.085000 0.300000 -0.147224
v 0.097508 0.300000 -0.139256
v 0.109274 0.300000 -0.130228
v 0.120208 0.300000 -0.120208
v 0.130228 0.300000 -0.109274
v 0.139256 0.300000 -0.097508
v 0.147224 0.300000 -0.085000
v 0.154072 0.300000 -0.071845
v 0.159748 0.300000 -0.058143
v 0.164207 0.300000 -0.043999
v 0.167417 0.300000 -0.029520
v 0.169353 0.300000 -0.014816
v 0.145000 0.430000 0.000000
v 0.144448 0.430000 0.012638
v 0.142797 0.430000 0.025179
v 0.140059 0.430000 0.037529
v 0.136255 0.430000 0.049593
v 0.131415 0.430000 0.061280
v 0.125574 0.430000 0.072500
v 0.118777 0.430000 0.083169
v 0.111076 0.430000 0.093204
v 0.102530 0.430000 0.102530
v 0.093204 0.430000 0.111076
v 0.083169 0.430000 0.118777
v 0.072500 0.430000 0.125574
v 0.061280 0.430000 0.131415
v 0.049593 0.430000 0.136255
v 0.037529 0.430000 0.140059
v 0.025179 0.430000 0.142797
v 0.012638 0.430000 0.144448
v 0.000000 0.430000 0.145000
v -0.012638 0.430000 0.144448
v -0.025179 0.430000 0.142797
v -0.037529 0.430000 0.140059
v -0.049593 0.430000 0.136255
v -0.061280 0.430000 0.131415
v -0.072500 0.430000 0.125574
v -0.083169 0.430000 0.118777
v -0.093204 0.430000 0.111076
v -0.102530 0.430000 0.102530
v -0.111076 0.430000 0.093204
v -0.118777 0.430000 0.083169
v -0.125574 0.430000 0.072500
v -0.131415 0.430000 0.061280
v -0.136255 0.430000 0.049593
v -0.140059 0.430000 0.037529
v -0.142797 0.430000 0.025179
v -0.144448 0.430000 0.012638
v -0.145000 0.430000 0.000000
v -0.144448 0.430000 -0.012638
v -0.142797 0.430000 -0.025179
v -0.140059 0.430000 -0.037529
v -0.136255 0.430000 -0.049593
v -0.131415 0.430000 -0.061280
v -0.125574 0.430000 -0.072500
v -0.118777 0.430000 -0.083169
v -0.111076 0.430000 -0.093204
v -0.102530 0.430000 -0.102530
v -0.093204 0.430000 -0.111076
v -0.083169 0.430000 -0.118777
v -0.072500 0.430000 -0.125574
v -0.061280 0.430000 -0.131415
v -0.049593 0.430000 -0.136255
v -0.037529 0.430000 -0.140059
v -0.025179 0.430000 -0.142797
v -0.012638 0.430000 -0.144448
v -0.000000 0.430000 -0.145000
v 0.012638 0.430000 -0.144448
v 0.025179 0.430000 -0.142797
v 0.037529 0.430000 -0.140059
v 0.049593 0.430000 -0.136255
v 0.061280 0.430000 -0.131415
v 0.072500 0.430000 -0.125574
v 0.083169 0.430000 -0.118777
v 0.093204 0.430000 -0.111076
v 0.102530 0.430000 -0.102530
v 0.111076 0.430000 -0.093204
v 0.118777 0.430000 -0.083169
v 0.125574 0.430000 -0.072500
v 0.131415 0.430000 -0.061280
v 0.136255 0.430000 -0.049593
v 0.140059 0.430000 -0.037529
v 0.142797 0.430000 -0.025179
v 0.144448 0.430000 -0.012638
v 0.165000 0.500000 0.000000
v 0.164372 0.500000 0.014381
v 0.162493 0.500000 0.028652
v 0.159378 0.500000 0.042705
v 0.155049 0.500000 0.056433
v 0.149541 0.500000 0.069732
v 0.142894 0.500000 0.082500
v 0.135160 0.500000 0.094640
v 0.126397 0.500000 0.106060
v 0.116673 0.500000 0.116673
v 0.106060 0.500000 0.126397
v 0.094640 0.500000 0.135160
v 0.082500 0.500000 0.142894
v 0.069732 0.500000 0.149541
v 0.056433 0.500000 0.155049
v 0.042705 0.500000 0.159378
v 0.028652 0.500000 0.162493
v 0.014381 0.500000 0.164372
v 0.000000 0.500000 0.165000
v -0.014381 0.500000 0.164372
v -0.028652 0.500000 0.162493
v -0.042705 0.500000 0.159378
v -0.056433 0.500000 0.155049
v -0.069732 0.500000 0.149541
v -0.082500 0.500000 0.142894
v -0.094640 0.500000 0.135160
v -0.106060 0.500000 0.126397
v -0.116673 0.500000 0.116673
v -0.126397 0.500000 0.106060
v -0.135160 0.500000 0.094640
v -0.142894 0.500000 0.082500
v -0.149541 0.500000 0.069732
v -0.155049 0.500000 0.056433
v -0.159378 0.500000 0.042705
v -0.162493 0.500000 0.028652
v -0.164372 0.500000 0.014381
v -0.165000 0.500000 0.000000
v -0.164372 0.500000 -0.014381
v -0.162493 0.500000 -0.028652
v -0.159378 0.500000 -0.042705
v -0.155049 0.500000 -0.056433
v -0.149541 0.500000 -0.069732
v -0.142894 0.500000 -0.082500
v -0.135160 0.500000 -0.094640
v -0.126397 0.500000 -0.106060
v -0.116673 0.500000 -0.116673
v -0.106060 0.500000 -0.126397
v -0.094640 0.500000 -0.135160
v -0.082500 0.500000 -0.142894
v -0.069732 0.500000 -0.149541
v -0.056433 0.500000 -0.155049
v -0.042705 0.500000 -0.159378
v -0.028652 0.500000 -0.162493
v -0.014381 0.500000 -0.164372
v -0.000000 0.500000 -0.165000
v 0.014381 0.500000 -0.164372
v 0.028652 0.500000 -0.162493
v 0.042705 0.500000 -0.159378
v 0.056433 0.500000 -0.155049
v 0.069732 0.500000 -0.149541
v 0.082500 0.500000 -0.142894
v 0.094640 0.500000 -0.135160
v 0.106060 0.500000 -0.126397
v 0.116673 0.500000 -0.116673
v 0.126397 0.500000 -0.106060
v 0.135160 0.500000 -0.094640
v 0.142894 0.500000 -0.082500
v 0.149541 0.500000 -0.069732
v 0.155049 0.500000 -0.056433
v 0.159378 0.500000 -0.042705
v 0.162493 0.500000 -0.028652
v 0.164372 0.500000 -0.014381
v 0.230000 0.535000 0.000000
v 0.229125 0.535000 0.020046
v 0.226506 0.535000 0.039939
v 0.222163 0.535000 0.059528
v 0.216129 0.535000 0.078665
v 0.208451 0.535000 0.097202
v 0.199186 0.535000 0.115000
v 0.188405 0.535000 0.131923
v 0.176190 0.535000 0.147841
v 0.162635 0.535000 0.162635
v 0.147841 0.535000 0.176190
v 0.131923 0.535000 0.188405
v 0.115000 0.535000 0.199186
v 0.097202 0.535000 0.208451
v 0.078665 0.535000 0.216129
v 0.059528 0.535000 0.222163
v 0.039939 0.535000 0.226506
v 0.020046 0.535000 0.229125
v 0.000000 0.535000 0.230000
v -0.020046 0.535000 0.229125
v -0.039939 0.535000 0.226506
v -0.059528 0.535000 0.222163
v -0.078665 0.535000 0.216129
v -0.097202 0.535000 0.208451
v -0.115000 0.535000 0.199186
v -0.131923 0.535000 0.188405
v -0.147841 0.535000 0.176190
v -0.162635 0.535000 0.162635
v -0.176190 0.535000 0.147841
v -0.188405 0.535000 0.131923
v -0.199186 0.535000 0.115000
v -0.208451 0.535000 0.097202
v -0.216129 0.535000 0.078665
v -0.222163 0.535000 0.059528
v -0.226506 0.535000 0.039939
v -0.229125 0.535000 0.020046
v -0.230000 0.535000 0.000000
v -0.229125 0.535000 -0.020046
v -0.226506 0.535000 -0.039939
v -0.222163 0.535000 -0.059528
v -0.216129 0.535000 -0.078665
v -0.208451 0.535000 -0.097202
v -0.199186 0.535000 -0.115000
v -0.188405 0.535000 -0.131923
v -0.176190 0.535000 -0.147841
v -0.162635 0.535000 -0.162635
v -0.147841 0.535000 -0.176190
v -0.131923 0.535000 -0.188405
v -0.115000 0.535000 -0.199186
v -0.097202 0.535000 -0.208451
v -0.078665 0.535000 -0.216129
v -0.059528 0.535000 -0.222163
v -0.039939 0.535000 -0.226506
v -0.020046 0.535000 -0.229125
v -0.000000 0.535000 -0.230000
v 0.020046 0.535000 -0.229125
v 0.039939 0.535000 -0.226506
v 0.059528 0.535000 -0.222163
v 0.078665 0.535000 -0.216129
v 0.097202 0.535000 -0.208451
v 0.115000 0.535000 -0.199186
v 0.131923 0.535000 -0.188405
v 0.147841 0.535000 -0.176190
v 0.162635 0.535000 -0.162635
v 0.176190 0.535000 -0.147841
v 0.188405 0.535000 -0.131923
v 0.199186 0.535000 -0.115000
v 0.208451 0.535000 -0.097202
v 0.216129 0.535000 -0.078665
v 0.222163 0.535000 -0.059528
v 0.226506 0.535000 -0.039939
v 0.229125 0.535000 -0.020046
v 0.240000 0.570000 0.000000
v 0.239087 0.570000 0.020917
v 0.236354 0.570000 0.041676
v 0.231822 0.570000 0.062117
v 0.225526 0.570000 0.082085
v 0.217514 0.570000 0.101428
v 0.207846 0.570000 0.120000
v 0.196596 0.570000 0.137658
v 0.183851 0.570000 0.154269
v 0.169706 0.570000 0.169706
v 0.154269 0.570000 0.183851
v 0.137658 0.570000 0.196596
v 0.120000 0.570000 0.207846
v 0.101428 0.570000 0.217514
v 0.082085 0.570000 0.225526
v 0.062117 0.570000 0.231822
v 0.041676 0.570000 0.236354
v 0.020917 0.570000 0.239087
v 0.000000 0.570000 0.240000
v -0.020917 0.570000 0.239087
v -0.041676 0.570000 0.236354
v -0.062117 0.570000 0.231822
v -0.082085 0.570000 0.225526
v -0.101428 0.570000 0.217514
v -0.120000 0.570000 0.207846
v -0.137658 0.570000 0.196596
v -0.154269 0.570000 0.183851
v -0.169706 0.570000 0.169706
v -0.183851 0.570000 0.154269
v -0.196596 0.570000 0.137658
v -0.207846 0.570000 0.120000
v -0.217514 0.570000 0.101428
v -0.225526 0.570000 0.082085
v -0.231822 0.570000 0.062117
v -0.236354 0.570000 0.041676
v -0.239087 0.570000 0.020917
v -0.240000 0.570000 0.000000
v -0.239087 0.570000 -0.020917
v -0.236354 0.570000 -0.041676
v -0.231822 0.570000 -0.062117
v -0.225526 0.570000 -0.082085
v -0.217514 0.570000 -0.101428
v -0.207846 0.570000 -0.120000
v -0.196596 0.570000 -0.137658
v -0.183851 0.570000 -0.154269
v -0.169706 0.570000 -0.169706
v -0.154269 0.570000 -0.183851
v -0.137658 0.570000 -0.196596
v -0.120000 0.570000 -0.207846
v -0.101428 0.570000 -0.217514
v -0.082085 0.570000 -0.225526
v -0.062117 0.570000 -0.231822
v -0.041676 0.570000 -0.236354
v -0.020917 0.570000 -0.239087
v -0.000000 0.570000 -0.240000
v 0.020917 0.570000 -0.239087
v 0.041676 0.570000 -0.236354
v 0.062117 0.570000 -0.231822
v 0.082085 0.570000 -0.225526
v 0.101428 0.570000 -0.217514
v 0.120000 0.570000 -0.207846
v 0.137658 0.570000 -0.196596
v 0.154269 0.570000 -0.183851
v 0.169706 0.570000 -0.169706
v 0.183851 0.570000 -0.154269
v 0.196596 0.570000 -0.137658
v 0.207846 0.570000 -0.120000
v 0.217514 0.570000 -0.101428
v 0.225526 0.570000 -0.082085
v 0.231822 0.570000 -0.062117
v 0.236354 0.570000 -0.041676
v 0.239087 0.570000 -0.020917
v 0.180000 0.600000 0.000000
v 0.179315 0.600000 0.015688
v 0.177265 0.600000 0.031257
v 0.173867 0.600000 0.046587
v 0.169145 0.600000 0.061564
v 0.163135 0.600000 0.076071
v 0.155885 0.600000 0.090000
v 0.147447 0.600000 0.103244
v 0.137888 0.600000 0.115702
v 0.127279 0.600000 0.127279
v 0.115702 0.600000 0.137888
v 0.103244 0.600000 0.147447
v 0.090000 0.600000 0.155885
v 0.076071 0.600000 0.163135
v 0.061564 0.600000 0.169145
v 0.046587 0.600000 0.173867
v 0.031257 0.600000 0.177265
v 0.015688 0.600000 0.179315
v 0.000000 0.600000 0.180000
v -0.015688 0.600000 0.179315
v -0.031257 0.600000 0.177265
v -0.046587 0.600000 0.173867
v -0.061564 0.600000 0.169145
v -0.076071 0.600000 0.163135
v -0.090000 0.600000 0.155885
v -0.103244 0.600000 0.147447
v -0.115702 0.600000 0.137888
v -0.127279 0.600000 0.127279
v -0.137888 0.600000 0.115702
v -0.147447 0.600000 0.103244
v -0.155885 0.600000 0.090000
v -0.163135 0.600000 0.076071
v -0.169145 0.600000 0.061564
v -0.173867 0.600000 0.046587
v -0.177265 0.600000 0.031257
v -0.179315 0.600000 0.015688
v -0.180000 0.600000 0.000000
v -0.179315 0.600000 -0.015688
v -0.177265 0.600000 -0.031257
v -0.173867 0.600000 -0.046587
v -0.169145 0.600000 -0.061564
v -0.163135 0.600000 -0.076071
v -0.155885 0.600000 -0.090000
v -0.147447 0.600000 -0.103244
v -0.137888 0.600000 -0.115702
v -0.127279 0.600000 -0.127279
v -0.115702 0.600000 -0.137888
v -0.103244 0.600000 -0.147447
v -0.090000 0.600000 -0.155885
v -0.076071 0.600000 -0.163135
v -0.061564 0.600000 -0.169145
v -0.046587 0.600000 -0.173867
v -0.031257 0.600000 -0.177265
v -0.015688 0.600000 -0.179315
v -0.000000 0.600000 -0.180000
v 0.015688 0.600000 -0.179315
v 0.031257 0.600000 -0.177265
v 0.046587 0.600000 -0.173867
v 0.061564 0.600000 -0.169145
v 0.076071 0.600000 -0.163135
v 0.090000 0.600000 -0.155885
v 0.103244 0.600000 -0.147447
v 0.115702 0.600000 -0.137888
v 0.127279 0.600000 -0.127279
v 0.137888 0.600000 -0.115702
v 0.147447 0.600000 -0.103244
v 0.155885 0.600000 -0.090000
v 0.163135 0.600000 -0.076071
v 0.169145 0.600000 -0.061564
v 0.173867 0.600000 -0.046587
v 0.177265 0.600000 -0.031257
v 0.179315 0.600000 -0.015688
v 0.000000 0.000000 0.000000
v 0.380000 0.000000 0.000000
v 0.378554 0.000000 0.033119
v 0.374227 0.000000 0.065986
v 0.367052 0.000000 0.098351
v 0.357083 0.000000 0.129968
v 0.344397 0.000000 0.160595
v 0.329090 0.000000 0.190000
v 0.311278 0.000000 0.217959
v 0.291097 0.000000 0.244259
v 0.268701 0.000000 0.268701
v 0.244259 0.000000 0.291097
v 0.217959 0.000000 0.311278
v 0.190000 0.000000 0.329090
v 0.160595 0.000000 0.344397
v 0.129968 0.000000 0.357083
v 0.098351 0.000000 0.367052
v 0.065986 0.000000 0.374227
v 0.033119 0.000000 0.378554
v 0.000000 0.000000 0.380000
v -0.033119 0.000000 0.378554
v -0.065986 0.000000 0.374227
v -0.098351 0.000000 0.367052
v -0.129968 0.000000 0.357083
v -0.160595 0.000000 0.344397
v -0.190000 0.000000 0.329090
v -0.217959 0.000000 0.311278
v -0.244259 0.000000 0.291097
v -0.268701 0.000000 0.268701
v -0.291097 0.000000 0.244259
v -0.311278 0.000000 0.217959
v -0.329090 0.000000 0.190000
v -0.344397 0.000000 0.160595
v -0.357083 0.000000 0.129968
v -0.367052 0.000000 0.098351
v -0.374227 0.000000 0.065986
v -0.378554 0.000000 0.033119
v -0.380000 0.000000 0.000000
v -0.378554 0.000000 -0.033119
v -0.374227 0.000000 -0.065986
v -0.367052 0.000000 -0.098351
v -0.357083 0.000000 -0.129968
v -0.344397 0.000000 -0.160595
v -0.329090 0.000000 -0.190000
v -0.311278 0.000000 -0.217959
v -0.291097 0.000000 -0.244259
v -0.268701 0.000000 -0.268701
v -0.244259 0.000000 -0.291097
v -0.217959 0.000000 -0.311278
v -0.190000 0.000000 -0.329090
v -0.160595 0.000000 -0.344397
v -0.129968 0.000000 -0.357083
v -0.098351 0.000000 -0.367052
v -0.065986 0.000000 -0.374227
v -0.033119 0.000000 -0.378554
v -0.000000 0.000000 -0.380000
v 0.033119 0.000000 -0.378554
v 0.065986 0.000000 -0.374227
v 0.098351 0.000000 -0.367052
v 0.129968 0.000000 -0.357083
v 0.160595 0.000000 -0.344397
v 0.190000 0.000000 -0.329090
v 0.217959 0.000000 -0.311278
v 0.244259 0.000000 -0.291097
v 0.268701 0.000000 -0.268701
v 0.291097 0.000000 -0.244259
v 0.311278 0.000000 -0.217959
v 0.329090 0.000000 -0.190000
v 0.344397 0.000000 -0.160595
v 0.357083 0.000000 -0.129968
v 0.367052 0.000000 -0.098351
v 0.374227 0.000000 -0.065986
v 0.378554 0.000000 -0.033119
v 0.000000 0.600000 0.000000
v 0.180000 0.600000 0.000000
v 0.179315 0.600000 0.015688
v 0.177265 0.600000 0.031257
v 0.173867 0.600000 0.046587
v 0.169145 0.600000 0.061564
v 0.163135 0.600000 0.076071
v 0.155885 0.600000 0.090000
v 0.147447 0.600000 0.103244
v 0.137888 0.600000 0.115702
v 0.127279 0.600000 0.127279
v 0.115702 0.600000 0.137888
v 0.103244 0.600000 0.147447
v 0.090000 0.600000 0.155885
v 0.076071 0.600000 0.163135
v 0.061564 0.600000 0.169145
v 0.046587 0.600000 0.173867
v 0.031257 0.600000 0.177265
v 0.015688 0.600000 0.179315
v 0.000000 0.600000 0.180000
v -0.015688 0.600000 0.179315
v -0.031257 0.600000 0.177265
v -0.046587 0.600000 0.173867
v -0.061564 0.600000 0.169145
v -0.076071 0.600000 0.163135
v -0.090000 0.600000 0.155885
v -0.103244 0.600000 0.147447
v -0.115702 0.600000 0.137888
v -0.127279 0.600000 0.127279
v -0.137888 0.600000 0.115702
v -0.147447 0.600000 0.103244
v -0.155885 0.600000 0.090000
v -0.163135 0.600000 0.076071
v -0.169145 0.600000 0.061564
v -0.173867 0.600000 0.046587
v -0.177265 0.600000 0.031257
v -0.179315 0.600000 0.015688
v -0.180000 0.600000 0.000000
v -0.179315 0.600000 -0.015688
v -0.177265 0.600000 -0.031257
v -0.173867 0.600000 -0.046587
v -0.169145 0.600000 -0.061564
v -0.163135 0.600000 -0.076071
v -0.155885 0.600000 -0.090000
v -0.147447 0.600000 -0.103244
v -0.137888 0.600000 -0.115702
v -0.127279 0.600000 -0.127279
v -0.115702 0.600000 -0.137888
v -0.103244 0.600000 -0.147447
v -0.090000 0.600000 -0.155885
v -0.076071 0.600000 -0.163135
v -0.061564 0.600000 -0.169145
v -0.046587 0.600000 -0.173867
v -0.031257 0.600000 -0.177265
v -0.015688 0.600000 -0.179315
v -0.000000 0.600000 -0.180000
v 0.015688 0.600000 -0.179315
v 0.031257 0.600000 -0.177265
v 0.046587 0.600000 -0.173867
v 0.061564 0.600000 -0.169145
v 0.076071 0.600000 -0.163135
v 0.090000 0.600000 -0.155885
v 0.103244 0.600000 -0.147447
v 0.115702 0.600000 -0.137888
v 0.127279 0.600000 -0.127279
v 0.137888 0.600000 -0.115702
v 0.147447 0.600000 -0.103244
v 0.155885 0.600000 -0.090000
v 0.163135 0.600000 -0.076071
v 0.169145 0.600000 -0.061564
v 0.173867 0.600000 -0.046587
v 0.177265 0.600000 -0.031257
v 0.179315 0.600000 -0.015688
v 0.000000 0.950250 0.000000
v 0.000000 0.950250 0.000000
v 0.000000 0.950250 0.000000
v 0.000000 0.950250 0.000000
v 0.000000 0.950250 0.000000
v 0.000000 0.950250 0.000000
v 0.000000 0.950250 0.000000
v 0.000000 0.950250 0.000000
v 0.000000 0.950250 0.000000
v 0.000000 0.950250 0.000000
v 0.000000 0.950250 0.000000
v 0.000000 0.950250 0.000000
v 0.000000 0.950250 0.000000
v 0.000000 0.950250 0.000000
v 0.000000 0.950250 0.000000
v 0.000000 0.950250 0.000000
v 0.000000 0.950250 0.000000
v 0.000000 0.950250 0.000000
v 0.000000 0.950250 0.000000
v 0.000000 0.950250 0.000000
v 0.000000 0.950250 0.000000
v 0.000000 0.950250 0.000000
v 0.000000 0.950250 0.000000
v 0.000000 0.950250 0.000000
v 0.000000 0.950250 0.000000
v 0.000000 0.950250 0.000000
v 0.000000 0.950250 0.000000
v 0.000000 0.950250 0.000000
v 0.000000 0.950250 0.000000
v 0.000000 0.950250 0.000000
v 0.000000 0.950250 0.000000
v 0.000000 0.950250 0.000000
v 0.000000 0.950250 0.000000
v 0.000000 0.950250 0.000000
v 0.000000 0.950250 0.000000
v 0.000000 0.950250 0.000000
v 0.000000 0.950250 0.000000
v 0.000000 0.950250 0.000000
v 0.000000 0.950250 0.000000
v 0.000000 0.950250 0.000000
v 0.000000 0.950250 0.000000
v 0.000000 0.950250 0.000000
v 0.000000 0.950250 0.000000
v 0.000000 0.950250 0.000000
v 0.000000 0.950250 0.000000
v 0.000000 0.950250 0.000000
v 0.000000 0.950250 0.000000
v 0.000000 0.950250 0.000000
v 0.000000 0.950250 0.000000
v 0.000000 0.950250 0.000000
v 0.000000 0.950250 0.000000
v 0.000000 0.950250 0.000000
v 0.000000 0.950250 0.000000
v 0.000000 0.950250 0.000000
v 0.000000 0.950250 0.000000
v 0.000000 0.950250 0.000000
v 0.000000 0.950250 0.000000
v 0.000000 0.950250 0.000000
v 0.000000 0.950250 0.000000
v 0.000000 0.950250 0.000000
v 0.000000 0.950250 0.000000
v 0.000000 0.950250 0.000000
v 0.000000 0.950250 0.000000
v 0.000000 0.950250 0.000000
v 0.000000 0.950250 0.000000
v 0.000000 0.950250 0.000000
v 0.000000 0.950250 0.000000
v 0.000000 0.950250 0.000000
v 0.000000 0.950250 0.000000
v 0.000000 0.950250 0.000000
v 0.000000 0.950250 0.000000
v 0.000000 0.950250 0.000000
v 0.032069 0.947600 0.000000
v 0.031947 0.947600 0.002795
v 0.031582 0.947600 0.005569
v 0.030976 0.947600 0.008300
v 0.030135 0.947600 0.010968
v 0.029064 0.947600 0.013553
v 0.027773 0.947600 0.016035
v 0.026269 0.947600 0.018394
v 0.024566 0.947600 0.020614
v 0.022676 0.947600 0.022676
v 0.020614 0.947600 0.024566
v 0.018394 0.947600 0.026269
v 0.016035 0.947600 0.027773
v 0.013553 0.947600 0.029064
v 0.010968 0.947600 0.030135
v 0.008300 0.947600 0.030976
v 0.005569 0.947600 0.031582
v 0.002795 0.947600 0.031947
v 0.000000 0.947600 0.032069
v -0.002795 0.947600 0.031947
v -0.005569 0.947600 0.031582
v -0.008300 0.947600 0.030976
v -0.010968 0.947600 0.030135
v -0.013553 0.947600 0.029064
v -0.016035 0.947600 0.027773
v -0.018394 0.947600 0.026269
v -0.020614 0.947600 0.024566
v -0.022676 0.947600 0.022676
v -0.024566 0.947600 0.020614
v -0.026269 0.947600 0.018394
v -0.027773 0.947600 0.016035
v -0.029064 0.947600 0.013553
v -0.030135 0.947600 0.010968
v -0.030976 0.947600 0.008300
v -0.031582 0.947600 0.005569
v -0.031947 0.947600 0.002795
v -0.032069 0.947600 0.000000
v -0.031947 0.947600 -0.002795
v -0.031582 0.947600 -0.005569
v -0.030976 0.947600 -0.008300
v -0.030135 0.947600 -0.010968
v -0.029064 0.947600 -0.013553
v -0.027773 0.947600 -0.016035
v -0.026269 0.947600 -0.018394
v -0.024566 0.947600 -0.020614
v -0.022676 0.947600 -0.022676
v -0.020614 0.947600 -0.024566
v -0.018394 0.947600 -0.026269
v -0.016035 0.947600 -0.027773
v -0.013553 0.947600 -0.029064
v -0.010968 0.947600 -0.030135
v -0.008300 0.947600 -0.030976
v -0.005569 0.947600 -0.031582
v -0.002795 0.947600 -0.031947
v -0.000000 0.947600 -0.032069
v 0.002795 0.947600 -0.031947
v 0.005569 0.947600 -0.031582
v 0.008300 0.947600 -0.030976
v 0.010968 0.947600 -0.030135
v 0.013553 0.947600 -0.029064
v 0.016035 0.947600 -0.027773
v 0.018394 0.947600 -0.026269
v 0.020614 0.947600 -0.024566
v 0.022676 0.947600 -0.022676
v 0.024566 0.947600 -0.020614
v 0.026269 0.947600 -0.018394
v 0.027773 0.947600 -0.016035
v 0.029064 0.947600 -0.013553
v 0.030135 0.947600 -0.010968
v 0.030976 0.947600 -0.008300
v 0.031582 0.947600 -0.005569
v 0.031947 0.947600 -0.002795
v 0.063348 0.939715 0.000000
v 0.063107 0.939715 0.005521
v 0.062386 0.939715 0.011000
v 0.061190 0.939715 0.016396
v 0.059528 0.939715 0.021666
v 0.057413 0.939715 0.026772
v 0.054861 0.939715 0.031674
v 0.051892 0.939715 0.036335
v 0.048528 0.939715 0.040720
v 0.044794 0.939715 0.044794
v 0.040720 0.939715 0.048528
v 0.036335 0.939715 0.051892
v 0.031674 0.939715 0.054861
v 0.026772 0.939715 0.057413
v 0.021666 0.939715 0.059528
v 0.016396 0.939715 0.061190
v 0.011000 0.939715 0.062386
v 0.005521 0.939715 0.063107
v 0.000000 0.939715 0.063348
v -0.005521 0.939715 0.063107
v -0.011000 0.939715 0.062386
v -0.016396 0.939715 0.061190
v -0.021666 0.939715 0.059528
v -0.026772 0.939715 0.057413
v -0.031674 0.939715 0.054861
v -0.036335 0.939715 0.051892
v -0.040720 0.939715 0.048528
v -0.044794 0.939715 0.044794
v -0.048528 0.939715 0.040720
v -0.051892 0.939715 0.036335
v -0.054861 0.939715 0.031674
v -0.057413 0.939715 0.026772
v -0.059528 0.939715 0.021666
v -0.061190 0.939715 0.016396
v -0.062386 0.939715 0.011000
v -0.063107 0.939715 0.005521
v -0.063348 0.939715 0.000000
v -0.063107 0.939715 -0.005521
v -0.062386 0.939715 -0.011000
v -0.061190 0.939715 -0.016396
v -0.059528 0.939715 -0.021666
v -0.057413 0.939715 -0.026772
v -0.054861 0.939715 -0.031674
v -0.051892 0.939715 -0.036335
v -0.048528 0.939715 -0.040720
v -0.044794 0.939715 -0.044794
v -0.040720 0.939715 -0.048528
v -0.036335 0.939715 -0.051892
v -0.031674 0.939715 -0.054861
v -0.026772 0.939715 -0.057413
v -0.021666 0.939715 -0.059528
v -0.016396 0.939715 -0.061190
v -0.011000 0.939715 -0.062386
v -0.005521 0.939715 -0.063107
v -0.000000 0.939715 -0.063348
v 0.005521 0.939715 -0.063107
v 0.011000 0.939715 -0.062386
v 0.016396 0.939715 -0.061190
v 0.021666 0.939715 -0.059528
v 0.026772 0.939715 -0.057413
v 0.031674 0.939715 -0.054861
v 0.036335 0.939715 -0.051892
v 0.040720 0.939715 -0.048528
v 0.044794 0.939715 -0.044794
v 0.048528 0.939715 -0.040720
v 0.051892 0.939715 -0.036335
v 0.054861 0.939715 -0.031674
v 0.057413 0.939715 -0.026772
v 0.059528 0.939715 -0.021666
v 0.061190 0.939715 -0.016396
v 0.062386 0.939715 -0.011000
v 0.063107 0.939715 -0.005521
v 0.093068 0.926789 0.000000
v 0.092714 0.926789 0.008111
v 0.091654 0.926789 0.016161
v 0.089897 0.926789 0.024088
v 0.087455 0.926789 0.031831
v 0.084348 0.926789 0.039332
v 0.080599 0.926789 0.046534
v 0.076237 0.926789 0.053382
v 0.071294 0.926789 0.059823
v 0.065809 0.926789 0.065809
v 0.059823 0.926789 0.071294
v 0.053382 0.926789 0.076237
v 0.046534 0.926789 0.080599
v 0.039332 0.926789 0.084348
v 0.031831 0.926789 0.087455
v 0.024088 0.926789 0.089897
v 0.016161 0.926789 0.091654
v 0.008111 0.926789 0.092714
v 0.000000 0.926789 0.093068
v -0.008111 0.926789 0.092714
v -0.016161 0.926789 0.091654
v -0.024088 0.926789 0.089897
v -0.031831 0.926789 0.087455
v -0.039332 0.926789 0.084348
v -0.046534 0.926789 0.080599
v -0.053382 0.926789 0.076237
v -0.059823 0.926789 0.071294
v -0.065809 0.926789 0.065809
v -0.071294 0.926789 0.059823
v -0.076237 0.926789 0.053382
v -0.080599 0.926789 0.046534
v -0.084348 0.926789 0.039332
v -0.087455 0.926789 0.031831
v -0.089897 0.926789 0.024088
v -0.091654 0.926789 0.016161
v -0.092714 0.926789 0.008111
v -0.093068 0.926789 0.000000
v -0.092714 0.926789 -0.008111
v -0.091654 0.926789 -0.016161
v -0.089897 0.926789 -0.024088
v -0.087455 0.926789 -0.031831
v -0.084348 0.926789 -0.039332
v -0.080599 0.926789 -0.046534
v -0.076237 0.926789 -0.053382
v -0.071294 0.926789 -0.059823
v -0.065809 0.926789 -0.065809
v -0.059823 0.926789 -0.071294
v -0.053382 0.926789 -0.076237
v -0.046534 0.926789 -0.080599
v -0.039332 0.926789 -0.084348
v -0.031831 0.926789 -0.087455
v -0.024088 0.926789 -0.089897
v -0.016161 0.926789 -0.091654
v -0.008111 0.926789 -0.092714
v -0.000000 0.926789 -0.093068
v 0.008111 0.926789 -0.092714
v 0.016161 0.926789 -0.091654
v 0.024088 0.926789 -0.089897
v 0.031831 0.926789 -0.087455
v 0.039332 0.926789 -0.084348
v 0.046534 0.926789 -0.080599
v 0.053382 0.926789 -0.076237
v 0.059823 0.926789 -0.071294
v 0.065809 0.926789 -0.065809
v 0.071294 0.926789 -0.059823
v 0.076237 0.926789 -0.053382
v 0.080599 0.926789 -0.046534
v 0.084348 0.926789 -0.039332
v 0.087455 0.926789 -0.031831
v 0.089897 0.926789 -0.024088
v 0.091654 0.926789 -0.016161
v 0.092714 0.926789 -0.008111
v 0.120496 0.909141 0.000000
v 0.120037 0.909141 0.010502
v 0.118665 0.909141 0.020924
v 0.116390 0.909141 0.031187
v 0.113229 0.909141 0.041212
v 0.109206 0.909141 0.050924
v 0.104353 0.909141 0.060248
v 0.098705 0.909141 0.069114
v 0.092305 0.909141 0.077453
v 0.085204 0.909141 0.085204
v 0.077453 0.909141 0.092305
v 0.069114 0.909141 0.098705
v 0.060248 0.909141 0.104353
v 0.050924 0.909141 0.109206
v 0.041212 0.909141 0.113229
v 0.031187 0.909141 0.116390
v 0.020924 0.909141 0.118665
v 0.010502 0.909141 0.120037
v 0.000000 0.909141 0.120496
v -0.010502 0.909141 0.120037
v -0.020924 0.909141 0.118665
v -0.031187 0.909141 0.116390
v -0.041212 0.909141 0.113229
v -0.050924 0.909141 0.109206
v -0.060248 0.909141 0.104353
v -0.069114 0.909141 0.098705
v -0.077453 0.909141 0.092305
v -0.085204 0.909141 0.085204
v -0.092305 0.909141 0.077453
v -0.098705 0.909141 0.069114
v -0.104353 0.909141 0.060248
v -0.109206 0.909141 0.050924
v -0.113229 0.909141 0.041212
v -0.116390 0.909141 0.031187
v -0.118665 0.909141 0.020924
v -0.120037 0.909141 0.010502
v -0.120496 0.909141 0.000000
v -0.120037 0.909141 -0.010502
v -0.118665 0.909141 -0.020924
v -0.116390 0.909141 -0.031187
v -0.113229 0.909141 -0.041212
v -0.109206 0.909141 -0.050924
v -0.104353 0.909141 -0.060248
v -0.098705 0.909141 -0.069114
v -0.092305 0.909141 -0.077453
v -0.085204 0.909141 -0.085204
v -0.077453 0.909141 -0.092305
v -0.069114 0.909141 -0.098705
v -0.060248 0.909141 -0.104353
v -0.050924 0.909141 -0.109206
v -0.041212 0.909141 -0.113229
v -0.031187 0.909141 -0.116390
v -0.020924 0.909141 -0.118665
v -0.010502 0.909141 -0.120037
v -0.000000 0.909141 -0.120496
v 0.010502 0.909141 -0.120037
v 0.020924 0.909141 -0.118665
v 0.031187 0.909141 -0.116390
v 0.041212 0.909141 -0.113229
v 0.050924 0.909141 -0.109206
v 0.060248 0.909141 -0.104353
v 0.069114 0.909141 -0.098705
v 0.077453 0.909141 -0.092305
v 0.085204 0.909141 -0.085204
v 0.092305 0.909141 -0.077453
v 0.098705 0.909141 -0.069114
v 0.104353 0.909141 -0.060248
v 0.109206 0.909141 -0.050924
v 0.113229 0.909141 -0.041212
v 0.116390 0.909141 -0.031187
v 0.118665 0.909141 -0.020924
v 0.120037 0.909141 -0.010502
v 0.144957 0.887205 0.000000
v 0.144405 0.887205 0.012634
v 0.142755 0.887205 0.025171
v 0.140018 0.887205 0.037518
v 0.136215 0.887205 0.049578
v 0.131376 0.887205 0.061261
v 0.125536 0.887205 0.072478
v 0.118742 0.887205 0.083144
v 0.111043 0.887205 0.093176
v 0.102500 0.887205 0.102500
v 0.093176 0.887205 0.111043
v 0.083144 0.887205 0.118742
v 0.072478 0.887205 0.125536
v 0.061261 0.887205 0.131376
v 0.049578 0.887205 0.136215
v 0.037518 0.887205 0.140018
v 0.025171 0.887205 0.142755
v 0.012634 0.887205 0.144405
v 0.000000 0.887205 0.144957
v -0.012634 0.887205 0.144405
v -0.025171 0.887205 0.142755
v -0.037518 0.887205 0.140018
v -0.049578 0.887205 0.136215
v -0.061261 0.887205 0.131376
v -0.072478 0.887205 0.125536
v -0.083144 0.887205 0.118742
v -0.093176 0.887205 0.111043
v -0.102500 0.887205 0.102500
v -0.111043 0.887205 0.093176
v -0.118742 0.887205 0.083144
v -0.125536 0.887205 0.072478
v -0.131376 0.887205 0.061261
v -0.136215 0.887205 0.049578
v -0.140018 0.887205 0.037518
v -0.142755 0.887205 0.025171
v -0.144405 0.887205 0.012634
v -0.144957 0.887205 0.000000
v -0.144405 0.887205 -0.012634
v -0.142755 0.887205 -0.025171
v -0.140018 0.887205 -0.037518
v -0.136215 0.887205 -0.049578
v -0.131376 0.887205 -0.061261
v -0.125536 0.887205 -0.072478
v -0.118742 0.887205 -0.083144
v -0.111043 0.887205 -0.093176
v -0.102500 0.887205 -0.102500
v -0.093176 0.887205 -0.111043
v -0.083144 0.887205 -0.118742
v -0.072478 0.887205 -0.125536
v -0.061261 0.887205 -0.131376
v -0.049578 0.887205 -0.136215
v -0.037518 0.887205 -0.140018
v -0.025171 0.887205 -0.142755
v -0.012634 0.887205 -0.144405
v -0.000000 0.887205 -0.144957
v 0.012634 0.887205 -0.144405
v 0.025171 0.887205 -0.142755
v 0.037518 0.887205 -0.140018
v 0.049578 0.887205 -0.136215
v 0.061261 0.887205 -0.131376
v 0.072478 0.887205 -0.125536
v 0.083144 0.887205 -0.118742
v 0.093176 0.887205 -0.111043
v 0.102500 0.887205 -0.102500
v 0.111043 0.887205 -0.093176
v 0.118742 0.887205 -0.083144
v 0.125536 0.887205 -0.072478
v 0.131376 0.887205 -0.061261
v 0.136215 0.887205 -0.049578
v 0.140018 0.887205 -0.037518
v 0.142755 0.887205 -0.025171
v 0.144405 0.887205 -0.012634
v 0.165848 0.861521 0.000000
v 0.165217 0.861521 0.014455
v 0.163329 0.861521 0.028799
v 0.160197 0.861521 0.042925
v 0.155847 0.861521 0.056724
v 0.150310 0.861521 0.070091
v 0.143629 0.861521 0.082924
v 0.135855 0.861521 0.095127
v 0.127047 0.861521 0.106605
v 0.117273 0.861521 0.117273
v 0.106605 0.861521 0.127047
v 0.095127 0.861521 0.135855
v 0.082924 0.861521 0.143629
v 0.070091 0.861521 0.150310
v 0.056724 0.861521 0.155847
v 0.042925 0.861521 0.160197
v 0.028799 0.861521 0.163329
v 0.014455 0.861521 0.165217
v 0.000000 0.861521 0.165848
v -0.014455 0.861521 0.165217
v -0.028799 0.861521 0.163329
v -0.042925 0.861521 0.160197
v -0.056724 0.861521 0.155847
v -0.070091 0.861521 0.150310
v -0.082924 0.861521 0.143629
v -0.095127 0.861521 0.135855
v -0.106605 0.861521 0.127047
v -0.117273 0.861521 0.117273
v -0.127047 0.861521 0.106605
v -0.135855 0.861521 0.095127
v -0.143629 0.861521 0.082924
v -0.150310 0.861521 0.070091
v -0.155847 0.861521 0.056724
v -0.160197 0.861521 0.042925
v -0.163329 0.861521 0.028799
v -0.165217 0.861521 0.014455
v -0.165848 0.861521 0.000000
v -0.165217 0.861521 -0.014455
v -0.163329 0.861521 -0.028799
v -0.160197 0.861521 -0.042925
v -0.155847 0.861521 -0.056724
v -0.150310 0.861521 -0.070091
v -0.143629 0.861521 -0.082924
v -0.135855 0.861521 -0.095127
v -0.127047 0.861521 -0.106605
v -0.117273 0.861521 -0.117273
v -0.106605 0.861521 -0.127047
v -0.095127 0.861521 -0.135855
v -0.082924 0.861521 -0.143629
v -0.070091 0.861521 -0.150310
v -0.056724 0.861521 -0.155847
v -0.042925 0.861521 -0.160197
v -0.028799 0.861521 -0.163329
v -0.014455 0.861521 -0.165217
v -0.000000 0.861521 -0.165848
v 0.014455 0.861521 -0.165217
v 0.028799 0.861521 -0.163329
v 0.042925 0.861521 -0.160197
v 0.056724 0.861521 -0.155847
v 0.070091 0.861521 -0.150310
v 0.082924 0.861521 -0.143629
v 0.095127 0.861521 -0.135855
v 0.106605 0.861521 -0.127047
v 0.117273 0.861521 -0.117273
v 0.127047 0.861521 -0.106605
v 0.135855 0.861521 -0.095127
v 0.143629 0.861521 -0.082924
v 0.150310 0.861521 -0.070091
v 0.155847 0.861521 -0.056724
v 0.160197 0.861521 -0.042925
v 0.163329 0.861521 -0.028799
v 0.165217 0.861521 -0.014455
v 0.182656 0.832721 0.000000
v 0.181961 0.832721 0.015920
v 0.179881 0.832721 0.031718
v 0.176432 0.832721 0.047275
v 0.171641 0.832721 0.062472
v 0.165543 0.832721 0.077194
v 0.158185 0.832721 0.091328
v 0.149623 0.832721 0.104767
v 0.139923 0.832721 0.117409
v 0.129158 0.832721 0.129158
v 0.117409 0.832721 0.139923
v 0.104767 0.832721 0.149623
v 0.091328 0.832721 0.158185
v 0.077194 0.832721 0.165543
v 0.062472 0.832721 0.171641
v 0.047275 0.832721 0.176432
v 0.031718 0.832721 0.179881
v 0.015920 0.832721 0.181961
v 0.000000 0.832721 0.182656
v -0.015920 0.832721 0.181961
v -0.031718 0.832721 0.179881
v -0.047275 0.832721 0.176432
v -0.062472 0.832721 0.171641
v -0.077194 0.832721 0.165543
v -0.091328 0.832721 0.158185
v -0.104767 0.832721 0.149623
v -0.117409 0.832721 0.139923
v -0.129158 0.832721 0.129158
v -0.139923 0.832721 0.117409
v -0.149623 0.832721 0.104767
v -0.158185 0.832721 0.091328
v -0.165543 0.832721 0.077194
v -0.171641 0.832721 0.062472
v -0.176432 0.832721 0.047275
v -0.179881 0.832721 0.031718
v -0.181961 0.832721 0.015920
v -0.182656 0.832721 0.000000
v -0.181961 0.832721 -0.015920
v -0.179881 0.832721 -0.031718
v -0.176432 0.832721 -0.047275
v -0.171641 0.832721 -0.062472
v -0.165543 0.832721 -0.077194
v -0.158185 0.832721 -0.091328
v -0.149623 0.832721 -0.104767
v -0.139923 0.832721 -0.117409
v -0.129158 0.832721 -0.129158
v -0.117409 0.832721 -0.139923
v -0.104767 0.832721 -0.149623
v -0.091328 0.832721 -0.158185
v -0.077194 0.832721 -0.165543
v -0.062472 0.832721 -0.171641
v -0.047275 0.832721 -0.176432
v -0.031718 0.832721 -0.179881
v -0.015920 0.832721 -0.181961
v -0.000000 0.832721 -0.182656
v 0.015920 0.832721 -0.181961
v 0.031718 0.832721 -0.179881
v 0.047275 0.832721 -0.176432
v 0.062472 0.832721 -0.171641
v 0.077194 0.832721 -0.165543
v 0.091328 0.832721 -0.158185
v 0.104767 0.832721 -0.149623
v 0.117409 0.832721 -0.139923
v 0.129158 0.832721 -0.129158
v 0.139923 0.832721 -0.117409
v 0.149623 0.832721 -0.104767
v 0.158185 0.832721 -0.091328
v 0.165543 0.832721 -0.077194
v 0.171641 0.832721 -0.062472
v 0.176432 0.832721 -0.047275
v 0.179881 0.832721 -0.031718
v 0.181961 0.832721 -0.015920
v 0.194967 0.801516 0.000000
v 0.194225 0.801516 0.016992
v 0.192005 0.801516 0.033856
v 0.188323 0.801516 0.050461
v 0.183209 0.801516 0.066682
v 0.176700 0.801516 0.082396
v 0.168846 0.801516 0.097483
v 0.159707 0.801516 0.111828
v 0.149353 0.801516 0.125322
v 0.137862 0.801516 0.137862
v 0.125322 0.801516 0.149353
v 0.111828 0.801516 0.159707
v 0.097483 0.801516 0.168846
v 0.082396 0.801516 0.176700
v 0.066682 0.801516 0.183209
v 0.050461 0.801516 0.188323
v 0.033856 0.801516 0.192005
v 0.016992 0.801516 0.194225
v 0.000000 0.801516 0.194967
v -0.016992 0.801516 0.194225
v -0.033856 0.801516 0.192005
v -0.050461 0.801516 0.188323
v -0.066682 0.801516 0.183209
v -0.082396 0.801516 0.176700
v -0.097483 0.801516 0.168846
v -0.111828 0.801516 0.159707
v -0.125322 0.801516 0.149353
v -0.137862 0.801516 0.137862
v -0.149353 0.801516 0.125322
v -0.159707 0.801516 0.111828
v -0.168846 0.801516 0.097483
v -0.176700 0.801516 0.082396
v -0.183209 0.801516 0.066682
v -0.188323 0.801516 0.050461
v -0.192005 0.801516 0.033856
v -0.194225 0.801516 0.016992
v -0.194967 0.801516 0.000000
v -0.194225 0.801516 -0.016992
v -0.192005 0.801516 -0.033856
v -0.188323 0.801516 -0.050461
v -0.183209 0.801516 -0.066682
v -0.176700 0.801516 -0.082396
v -0.168846 0.801516 -0.097483
v -0.159707 0.801516 -0.111828
v -0.149353 0.801516 -0.125322
v -0.137862 0.801516 -0.137862
v -0.125322 0.801516 -0.149353
v -0.111828 0.801516 -0.159707
v -0.097483 0.801516 -0.168846
v -0.082396 0.801516 -0.176700
v -0.066682 0.801516 -0.183209
v -0.050461 0.801516 -0.188323
v -0.033856 0.801516 -0.192005
v -0.016992 0.801516 -0.194225
v -0.000000 0.801516 -0.194967
v 0.016992 0.801516 -0.194225
v 0.033856 0.801516 -0.192005
v 0.050461 0.801516 -0.188323
v 0.066682 0.801516 -0.183209
v 0.082396 0.801516 -0.176700
v 0.097483 0.801516 -0.168846
v 0.111828 0.801516 -0.159707
v 0.125322 0.801516 -0.149353
v 0.137862 0.801516 -0.137862
v 0.149353 0.801516 -0.125322
v 0.159707 0.801516 -0.111828
v 0.168846 0.801516 -0.097483
v 0.176700 0.801516 -0.082396
v 0.183209 0.801516 -0.066682
v 0.188323 0.801516 -0.050461
v 0.192005 0.801516 -0.033856
v 0.194225 0.801516 -0.016992
v 0.202476 0.768673 0.000000
v 0.201706 0.768673 0.017647
v 0.199400 0.768673 0.035160
v 0.195577 0.768673 0.052405
v 0.190265 0.768673 0.069251
v 0.183506 0.768673 0.085570
v 0.175349 0.768673 0.101238
v 0.165859 0.768673 0.116136
v 0.155106 0.768673 0.130149
v 0.143172 0.768673 0.143172
v 0.130149 0.768673 0.155106
v 0.116136 0.768673 0.165859
v 0.101238 0.768673 0.175349
v 0.085570 0.768673 0.183506
v 0.069251 0.768673 0.190265
v 0.052405 0.768673 0.195577
v 0.035160 0.768673 0.199400
v 0.017647 0.768673 0.201706
v 0.000000 0.768673 0.202476
v -0.017647 0.768673 0.201706
v -0.035160 0.768673 0.199400
v -0.052405 0.768673 0.195577
v -0.069251 0.768673 0.190265
v -0.085570 0.768673 0.183506
v -0.101238 0.768673 0.175349
v -0.116136 0.768673 0.165859
v -0.130149 0.768673 0.155106
v -0.143172 0.768673 0.143172
v -0.155106 0.768673 0.130149
v -0.165859 0.768673 0.116136
v -0.175349 0.768673 0.101238
v -0.183506 0.768673 0.085570
v -0.190265 0.768673 0.069251
v -0.195577 0.768673 0.052405
v -0.199400 0.768673 0.035160
v -0.201706 0.768673 0.017647
v -0.202476 0.768673 0.000000
v -0.201706 0.768673 -0.017647
v -0.199400 0.768673 -0.035160
v -0.195577 0.768673 -0.052405
v -0.190265 0.768673 -0.069251
v -0.183506 0.768673 -0.085570
v -0.175349 0.768673 -0.101238
v -0.165859 0.768673 -0.116136
v -0.155106 0.768673 -0.130149
v -0.143172 0.768673 -0.143172
v -0.130149 0.768673 -0.155106
v -0.116136 0.768673 -0.165859
v -0.101238 0.768673 -0.175349
v -0.085570 0.768673 -0.183506
v -0.069251 0.768673 -0.190265
v -0.052405 0.768673 -0.195577
v -0.035160 0.768673 -0.199400
v -0.017647 0.768673 -0.201706
v -0.000000 0.768673 -0.202476
v 0.017647 0.768673 -0.201706
v 0.035160 0.768673 -0.199400
v 0.052405 0.768673 -0.195577
v 0.069251 0.768673 -0.190265
v 0.085570 0.768673 -0.183506
v 0.101238 0.768673 -0.175349
v 0.116136 0.768673 -0.165859
v 0.130149 0.768673 -0.155106
v 0.143172 0.768673 -0.143172
v 0.155106 0.768673 -0.130149
v 0.165859 0.768673 -0.116136
v 0.175349 0.768673 -0.101238
v 0.183506 0.768673 -0.085570
v 0.190265 0.768673 -0.069251
v 0.195577 0.768673 -0.052405
v 0.199400 0.768673 -0.035160
v 0.201706 0.768673 -0.017647
v 0.205000 0.735000 0.000000
v 0.204220 0.735000 0.017867
v 0.201886 0.735000 0.035598
v 0.198015 0.735000 0.053058
v 0.192637 0.735000 0.070114
v 0.185793 0.735000 0.086637
v 0.177535 0.735000 0.102500
v 0.167926 0.735000 0.117583
v 0.157039 0.735000 0.131771
v 0.144957 0.735000 0.144957
v 0.131771 0.735000 0.157039
v 0.117583 0.735000 0.167926
v 0.102500 0.735000 0.177535
v 0.086637 0.735000 0.185793
v 0.070114 0.735000 0.192637
v 0.053058 0.735000 0.198015
v 0.035598 0.735000 0.201886
v 0.017867 0.735000 0.204220
v 0.000000 0.735000 0.205000
v -0.017867 0.735000 0.204220
v -0.035598 0.735000 0.201886
v -0.053058 0.735000 0.198015
v -0.070114 0.735000 0.192637
v -0.086637 0.735000 0.185793
v -0.102500 0.735000 0.177535
v -0.117583 0.735000 0.167926
v -0.131771 0.735000 0.157039
v -0.144957 0.735000 0.144957
v -0.157039 0.735000 0.131771
v -0.167926 0.735000 0.117583
v -0.177535 0.735000 0.102500
v -0.185793 0.735000 0.086637
v -0.192637 0.735000 0.070114
v -0.198015 0.735000 0.053058
v -0.201886 0.735000 0.035598
v -0.204220 0.735000 0.017867
v -0.205000 0.735000 0.000000
v -0.204220 0.735000 -0.017867
v -0.201886 0.735000 -0.035598
v -0.198015 0.735000 -0.053058
v -0.192637 0.735000 -0.070114
v -0.185793 0.735000 -0.086637
v -0.177535 0.735000 -0.102500
v -0.167926 0.735000 -0.117583
v -0.157039 0.735000 -0.131771
v -0.144957 0.735000 -0.144957
v -0.131771 0.735000 -0.157039
v -0.117583 0.735000 -0.167926
v -0.102500 0.735000 -0.177535
v -0.086637 0.735000 -0.185793
v -0.070114 0.735000 -0.192637
v -0.053058 0.735000 -0.198015
v -0.035598 0.735000 -0.201886
v -0.017867 0.735000 -0.204220
v -0.000000 0.735000 -0.205000
v 0.017867 0.735000 -0.204220
v 0.035598 0.735000 -0.201886
v 0.053058 0.735000 -0.198015
v 0.070114 0.735000 -0.192637
v 0.086637 0.735000 -0.185793
v 0.102500 0.735000 -0.177535
v 0.117583 0.735000 -0.167926
v 0.131771 0.735000 -0.157039
v 0.144957 0.735000 -0.144957
v 0.157039 0.735000 -0.131771
v 0.167926 0.735000 -0.117583
v 0.177535 0.735000 -0.102500
v 0.185793 0.735000 -0.086637
v 0.192637 0.735000 -0.070114
v 0.198015 0.735000 -0.053058
v 0.201886 0.735000 -0.035598
v 0.204220 0.735000 -0.017867
v 0.202476 0.701327 0.000000
v 0.201706 0.701327 0.017647
v 0.199400 0.701327 0.035160
v 0.195577 0.701327 0.052405
v 0.190265 0.701327 0.069251
v 0.183506 0.701327 0.085570
v 0.175349 0.701327 0.101238
v 0.165859 0.701327 0.116136
v 0.155106 0.701327 0.130149
v 0.143172 0.701327 0.143172
v 0.130149 0.701327 0.155106
v 0.116136 0.701327 0.165859
v 0.101238 0.701327 0.175349
v 0.085570 0.701327 0.183506
v 0.069251 0.701327 0.190265
v 0.052405 0.701327 0.195577
v 0.035160 0.701327 0.199400
v 0.017647 0.701327 0.201706
v 0.000000 0.701327 0.202476
v -0.017647 0.701327 0.201706
v -0.035160 0.701327 0.199400
v -0.052405 0.701327 0.195577
v -0.069251 0.701327 0.190265
v -0.085570 0.701327 0.183506
v -0.101238 0.701327 0.175349
v -0.116136 0.701327 0.165859
v -0.130149 0.701327 0.155106
v -0.143172 0.701327 0.143172
v -0.155106 0.701327 0.130149
v -0.165859 0.701327 0.116136
v -0.175349 0.701327 0.101238
v -0.183506 0.701327 0.085570
v -0.190265 0.701327 0.069251
v -0.195577 0.701327 0.052405
v -0.199400 0.701327 0.035160
v -0.201706 0.701327 0.017647
v -0.202476 0.701327 0.000000
v -0.201706 0.701327 -0.017647
v -0.199400 0.701327 -0.035160
v -0.195577 0.701327 -0.052405
v -0.190265 0.701327 -0.069251
v -0.183506 0.701327 -0.085570
v -0.175349 0.701327 -0.101238
v -0.165859 0.701327 -0.116136
v -0.155106 0.701327 -0.130149
v -0.143172 0.701327 -0.143172
v -0.130149 0.701327 -0.155106
v -0.116136 0.701327 -0.165859
v -0.101238 0.701327 -0.175349
v -0.085570 0.701327 -0.183506
v -0.069251 0.701327 -0.190265
v -0.052405 0.701327 -0.195577
v -0.035160 0.701327 -0.199400
v -0.017647 0.701327 -0.201706
v -0.000000 0.701327 -0.202476
v 0.017647 0.701327 -0.201706
v 0.035160 0.701327 -0.199400
v 0.052405 0.701327 -0.195577
v 0.069251 0.701327 -0.190265
v 0.085570 0.701327 -0.183506
v 0.101238 0.701327 -0.175349
v 0.116136 0.701327 -0.165859
v 0.130149 0.701327 -0.155106
v 0.143172 0.701327 -0.143172
v 0.155106 0.701327 -0.130149
v 0.165859 0.701327 -0.116136
v 0.175349 0.701327 -0.101238
v 0.183506 0.701327 -0.085570
v 0.190265 0.701327 -0.069251
v 0.195577 0.701327 -0.052405
v 0.199400 0.701327 -0.035160
v 0.201706 0.701327 -0.017647
v 0.194967 0.668484 0.000000
v 0.194225 0.668484 0.016992
v 0.192005 0.668484 0.033856
v 0.188323 0.668484 0.050461
v 0.183209 0.668484 0.066682
v 0.176700 0.668484 0.082396
v 0.168846 0.668484 0.097483
v 0.159707 0.668484 0.111828
v 0.149353 0.668484 0.125322
v 0.137862 0.668484 0.137862
v 0.125322 0.668484 0.149353
v 0.111828 0.668484 0.159707
v 0.097483 0.668484 0.168846
v 0.082396 0.668484 0.176700
v 0.066682 0.668484 0.183209
v 0.050461 0.668484 0.188323
v 0.033856 0.668484 0.192005
v 0.016992 0.668484 0.194225
v 0.000000 0.668484 0.194967
v -0.016992 0.668484 0.194225
v -0.033856 0.668484 0.192005
v -0.050461 0.668484 0.188323
v -0.066682 0.668484 0.183209
v -0.082396 0.668484 0.176700
v -0.097483 0.668484 0.168846
v -0.111828 0.668484 0.159707
v -0.125322 0.668484 0.149353
v -0.137862 0.668484 0.137862
v -0.149353 0.668484 0.125322
v -0.159707 0.668484 0.111828
v -0.168846 0.668484 0.097483
v -0.176700 0.668484 0.082396
v -0.183209 0.668484 0.066682
v -0.188323 0.668484 0.050461
v -0.192005 0.668484 0.033856
v -0.194225 0.668484 0.016992
v -0.194967 0.668484 0.000000
v -0.194225 0.668484 -0.016992
v -0.192005 0.668484 -0.033856
v -0.188323 0.668484 -0.050461
v -0.183209 0.668484 -0.066682
v -0.176700 0.668484 -0.082396
v -0.168846 0.668484 -0.097483
v -0.159707 0.668484 -0.111828
v -0.149353 0.668484 -0.125322
v -0.137862 0.668484 -0.137862
v -0.125322 0.668484 -0.149353
v -0.111828 0.668484 -0.159707
v -0.097483 0.668484 -0.168846
v -0.082396 0.668484 -0.176700
v -0.066682 0.668484 -0.183209
v -0.050461 0.668484 -0.188323
v -0.033856 0.668484 -0.192005
v -0.016992 0.668484 -0.194225
v -0.000000 0.668484 -0.194967
v 0.016992 0.668484 -0.194225
v 0.033856 0.668484 -0.192005
v 0.050461 0.668484 -0.188323
v 0.066682 0.668484 -0.183209
v 0.082396 0.668484 -0.176700
v 0.097483 0.668484 -0.168846
v 0.111828 0.668484 -0.159707
v 0.125322 0.668484 -0.149353
v 0.137862 0.668484 -0.137862
v 0.149353 0.668484 -0.125322
v 0.159707 0.668484 -0.111828
v 0.168846 0.668484 -0.097483
v 0.176700 0.668484 -0.082396
v 0.183209 0.668484 -0.066682
v 0.188323 0.668484 -0.050461
v 0.192005 0.668484 -0.033856
v 0.194225 0.668484 -0.016992
v 0.182656 0.637279 0.000000
v 0.181961 0.637279 0.015920
v 0.179881 0.637279 0.031718
v 0.176432 0.637279 0.047275
v 0.171641 0.637279 0.062472
v 0.165543 0.637279 0.077194
v 0.158185 0.637279 0.091328
v 0.149623 0.637279 0.104767
v 0.139923 0.637279 0.117409
v 0.129158 0.637279 0.129158
v 0.117409 0.637279 0.139923
v 0.104767 0.637279 0.149623
v 0.091328 0.637279 0.158185
v 0.077194 0.637279 0.165543
v 0.062472 0.637279 0.171641
v 0.047275 0.637279 0.176432
v 0.031718 0.637279 0.179881
v 0.015920 0.637279 0.181961
v 0.000000 0.637279 0.182656
v -0.015920 0.637279 0.181961
v -0.031718 0.637279 0.179881
v -0.047275 0.637279 0.176432
v -0.062472 0.637279 0.171641
v -0.077194 0.637279 0.165543
v -0.091328 0.637279 0.158185
v -0.104767 0.637279 0.149623
v -0.117409 0.637279 0.139923
v -0.129158 0.637279 0.129158
v -0.139923 0.637279 0.117409
v -0.149623 0.637279 0.104767
v -0.158185 0.637279 0.091328
v -0.165543 0.637279 0.077194
v -0.171641 0.637279 0.062472
v -0.176432 0.637279 0.047275
v -0.179881 0.637279 0.031718
v -0.181961 0.637279 0.015920
v -0.182656 0.637279 0.000000
v -0.181961 0.637279 -0.015920
v -0.179881 0.637279 -0.031718
v -0.176432 0.637279 -0.047275
v -0.171641 0.637279 -0.062472
v -0.165543 0.637279 -0.077194
v -0.158185 0.637279 -0.091328
v -0.149623 0.637279 -0.104767
v -0.139923 0.637279 -0.117409
v -0.129158 0.637279 -0.129158
v -0.117409 0.637279 -0.139923
v -0.104767 0.637279 -0.149623
v -0.091328 0.637279 -0.158185
v -0.077194 0.637279 -0.165543
v -0.062472 0.637279 -0.171641
v -0.047275 0.637279 -0.176432
v -0.031718 0.637279 -0.179881
v -0.015920 0.637279 -0.181961
v -0.000000 0.637279 -0.182656
v 0.015920 0.637279 -0.181961
v 0.031718 0.637279 -0.179881
v 0.047275 0.637279 -0.176432
v 0.062472 0.637279 -0.171641
v 0.077194 0.637279 -0.165543
v 0.091328 0.637279 -0.158185
v 0.104767 0.637279 -0.149623
v 0.117409 0.637279 -0.139923
v 0.129158 0.637279 -0.129158
v 0.139923 0.637279 -0.117409
v 0.149623 0.637279 -0.104767
v 0.158185 0.637279 -0.091328
v 0.165543 0.637279 -0.077194
v 0.171641 0.637279 -0.062472
v 0.176432 0.637279 -0.047275
v 0.179881 0.637279 -0.031718
v 0.181961 0.637279 -0.015920
v 0.165848 0.608479 0.000000
v 0.165217 0.608479 0.014455
v 0.163329 0.608479 0.028799
v 0.160197 0.608479 0.042925
v 0.155847 0.608479 0.056724
v 0.150310 0.608479 0.070091
v 0.143629 0.608479 0.082924
v 0.135855 0.608479 0.095127
v 0.127047 0.608479 0.106605
v 0.117273 0.608479 0.117273
v 0.106605 0.608479 0.127047
v 0.095127 0.608479 0.135855
v 0.082924 0.608479 0.143629
v 0.070091 0.608479 0.150310
v 0.056724 0.608479 0.155847
v 0.042925 0.608479 0.160197
v 0.028799 0.608479 0.163329
v 0.014455 0.608479 0.165217
v 0.000000 0.608479 0.165848
v -0.014455 0.608479 0.165217
v -0.028799 0.608479 0.163329
v -0.042925 0.608479 0.160197
v -0.056724 0.608479 0.155847
v -0.070091 0.608479 0.150310
v -0.082924 0.608479 0.143629
v -0.095127 0.608479 0.135855
v -0.106605 0.608479 0.127047
v -0.117273 0.608479 0.117273
v -0.127047 0.608479 0.106605
v -0.135855 0.608479 0.095127
v -0.143629 0.608479 0.082924
v -0.150310 0.608479 0.070091
v -0.155847 0.608479 0.056724
v -0.160197 0.608479 0.042925
v -0.163329 0.608479 0.028799
v -0.165217 0.608479 0.014455
v -0.165848 0.608479 0.000000
v -0.165217 0.608479 -0.014455
v -0.163329 0.608479 -0.028799
v -0.160197 0.608479 -0.042925
v -0.155847 0.608479 -0.056724
v -0.150310 0.608479 -0.070091
v -0.143629 0.608479 -0.082924
v -0.135855 0.608479 -0.095127
v -0.127047 0.608479 -0.106605
v -0.117273 0.608479 -0.117273
v -0.106605 0.608479 -0.127047
v -0.095127 0.608479 -0.135855
v -0.082924 0.608479 -0.143629
v -0.070091 0.608479 -0.150310
v -0.056724 0.608479 -0.155847
v -0.042925 0.608479 -0.160197
v -0.028799 0.608479 -0.163329
v -0.014455 0.608479 -0.165217
v -0.000000 0.608479 -0.165848
v 0.014455 0.608479 -0.165217
v 0.028799 0.608479 -0.163329
v 0.042925 0.608479 -0.160197
v 0.056724 0.608479 -0.155847
v 0.070091 0.608479 -0.150310
v 0.082924 0.608479 -0.143629
v 0.095127 0.608479 -0.135855
v 0.106605 0.608479 -0.127047
v 0.117273 0.608479 -0.117273
v 0.127047 0.608479 -0.106605
v 0.135855 0.608479 -0.095127
v 0.143629 0.608479 -0.082924
v 0.150310 0.608479 -0.070091
v 0.155847 0.608479 -0.056724
v 0.160197 0.608479 -0.042925
v 0.163329 0.608479 -0.028799
v 0.165217 0.608479 -0.014455
v 0.144957 0.582795 0.000000
v 0.144405 0.582795 0.012634
v 0.142755 0.582795 0.025171
v 0.140018 0.582795 0.037518
v 0.136215 0.582795 0.049578
v 0.131376 0.582795 0.061261
v 0.125536 0.582795 0.072478
v 0.118742 0.582795 0.083144
v 0.111043 0.582795 0.093176
v 0.102500 0.582795 0.102500
v 0.093176 0.582795 0.111043
v 0.083144 0.582795 0.118742
v 0.072478 0.582795 0.125536
v 0.061261 0.582795 0.131376
v 0.049578 0.582795 0.136215
v 0.037518 0.582795 0.140018
v 0.025171 0.582795 0.142755
v 0.012634 0.582795 0.144405
v 0.000000 0.582795 0.144957
v -0.012634 0.582795 0.144405
v -0.025171 0.582795 0.142755
v -0.037518 0.582795 0.140018
v -0.049578 0.582795 0.136215
v -0.061261 0.582795 0.131376
v -0.072478 0.582795 0.125536
v -0.083144 0.582795 0.118742
v -0.093176 0.582795 0.111043
v -0.102500 0.582795 0.102500
v -0.111043 0.582795 0.093176
v -0.118742 0.582795 0.083144
v -0.125536 0.582795 0.072478
v -0.131376 0.582795 0.061261
v -0.136215 0.582795 0.049578
v -0.140018 0.582795 0.037518
v -0.142755 0.582795 0.025171
v -0.144405 0.582795 0.012634
v -0.144957 0.582795 0.000000
v -0.144405 0.582795 -0.012634
v -0.142755 0.582795 -0.025171
v -0.140018 0.582795 -0.037518
v -0.136215 0.582795 -0.049578
v -0.131376 0.582795 -0.061261
v -0.125536 0.582795 -0.072478
v -0.118742 0.582795 -0.083144
v -0.111043 0.582795 -0.093176
v -0.102500 0.582795 -0.102500
v -0.093176 0.582795 -0.111043
v -0.083144 0.582795 -0.118742
v -0.072478 0.582795 -0.125536
v -0.061261 0.582795 -0.131376
v -0.049578 0.582795 -0.136215
v -0.037518 0.582795 -0.140018
v -0.025171 0.582795 -0.142755
v -0.012634 0.582795 -0.144405
v -0.000000 0.582795 -0.144957
v 0.012634 0.582795 -0.144405
v 0.025171 0.582795 -0.142755
v 0.037518 0.582795 -0.140018
v 0.049578 0.582795 -0.136215
v 0.061261 0.582795 -0.131376
v 0.072478 0.582795 -0.125536
v 0.083144 0.582795 -0.118742
v 0.093176 0.582795 -0.111043
v 0.102500 0.582795 -0.102500
v 0.111043 0.582795 -0.093176
v 0.118742 0.582795 -0.083144
v 0.125536 0.582795 -0.072478
v 0.131376 0.582795 -0.061261
v 0.136215 0.582795 -0.049578
v 0.140018 0.582795 -0.037518
v 0.142755 0.582795 -0.025171
v 0.144405 0.582795 -0.012634
v 0.120496 0.560859 0.000000
v 0.120037 0.560859 0.010502
v 0.118665 0.560859 0.020924
v 0.116390 0.560859 0.031187
v 0.113229 0.560859 0.041212
v 0.109206 0.560859 0.050924
v 0.104353 0.560859 0.060248
v 0.098705 0.560859 0.069114
v 0.092305 0.560859 0.077453
v 0.085204 0.560859 0.085204
v 0.077453 0.560859 0.092305
v 0.069114 0.560859 0.098705
v 0.060248 0.560859 0.104353
v 0.050924 0.560859 0.109206
v 0.041212 0.560859 0.113229
v 0.031187 0.560859 0.116390
v 0.020924 0.560859 0.118665
v 0.010502 0.560859 0.120037
v 0.000000 0.560859 0.120496
v -0.010502 0.560859 0.120037
v -0.020924 0.560859 0.118665
v -0.031187 0.560859 0.116390
v -0.041212 0.560859 0.113229
v -0.050924 0.560859 0.109206
v -0.060248 0.560859 0.104353
v -0.069114 0.560859 0.098705
v -0.077453 0.560859 0.092305
v -0.085204 0.560859 0.085204
v -0.092305 0.560859 0.077453
v -0.098705 0.560859 0.069114
v -0.104353 0.560859 0.060248
v -0.109206 0.560859 0.050924
v -0.113229 0.560859 0.041212
v -0.116390 0.560859 0.031187
v -0.118665 0.560859 0.020924
v -0.120037 0.560859 0.010502
v -0.120496 0.560859 0.000000
v -0.120037 0.560859 -0.010502
v -0.118665 0.560859 -0.020924
v -0.116390 0.560859 -0.031187
v -0.113229 0.560859 -0.041212
v -0.109206 0.560859 -0.050924
v -0.104353 0.560859 -0.060248
v -0.098705 0.560859 -0.069114
v -0.092305 0.560859 -0.077453
v -0.085204 0.560859 -0.085204
v -0.077453 0.560859 -0.092305
v -0.069114 0.560859 -0.098705
v -0.060248 0.560859 -0.104353
v -0.050924 0.560859 -0.109206
v -0.041212 0.560859 -0.113229
v -0.031187 0.560859 -0.116390
v -0.020924 0.560859 -0.118665
v -0.010502 0.560859 -0.120037
v -0.000000 0.560859 -0.120496
v 0.010502 0.560859 -0.120037
v 0.020924 0.560859 -0.118665
v 0.031187 0.560859 -0.116390
v 0.041212 0.560859 -0.113229
v 0.050924 0.560859 -0.109206
v 0.060248 0.560859 -0.104353
v 0.069114 0.560859 -0.098705
v 0.077453 0.560859 -0.092305
v 0.085204 0.560859 -0.085204
v 0.092305 0.560859 -0.077453
v 0.098705 0.560859 -0.069114
v 0.104353 0.560859 -0.060248
v 0.109206 0.560859 -0.050924
v 0.113229 0.560859 -0.041212
v 0.116390 0.560859 -0.031187
v 0.118665 0.560859 -0.020924
v 0.120037 0.560859 -0.010502
v 0.093068 0.543211 0.000000
v 0.092714 0.543211 0.008111
v 0.091654 0.543211 0.016161
v 0.089897 0.543211 0.024088
v 0.087455 0.543211 0.031831
v 0.084348 0.543211 0.039332
v 0.080599 0.543211 0.046534
v 0.076237 0.543211 0.053382
v 0.071294 0.543211 0.059823
v 0.065809 0.543211 0.065809
v 0.059823 0.543211 0.071294
v 0.053382 0.543211 0.076237
v 0.046534 0.543211 0.080599
v 0.039332 0.543211 0.084348
v 0.031831 0.543211 0.087455
v 0.024088 0.543211 0.089897
v 0.016161 0.543211 0.091654
v 0.008111 0.543211 0.092714
v 0.000000 0.543211 0.093068
v -0.008111 0.543211 0.092714
v -0.016161 0.543211 0.091654
v -0.024088 0.543211 0.089897
v -0.031831 0.543211 0.087455
v -0.039332 0.543211 0.084348
v -0.046534 0.543211 0.080599
v -0.053382 0.543211 0.076237
v -0.059823 0.543211 0.071294
v -0.065809 0.543211 0.065809
v -0.071294 0.543211 0.059823
v -0.076237 0.543211 0.053382
v -0.080599 0.543211 0.046534
v -0.084348 0.543211 0.039332
v -0.087455 0.543211 0.031831
v -0.089897 0.543211 0.024088
v -0.091654 0.543211 0.016161
v -0.092714 0.543211 0.008111
v -0.093068 0.543211 0.000000
v -0.092714 0.543211 -0.008111
v -0.091654 0.543211 -0.016161
v -0.089897 0.543211 -0.024088
v -0.087455 0.543211 -0.031831
v -0.084348 0.543211 -0.039332
v -0.080599 0.543211 -0.046534
v -0.076237 0.543211 -0.053382
v -0.071294 0.543211 -0.059823
v -0.065809 0.543211 -0.065809
v -0.059823 0.543211 -0.071294
v -0.053382 0.543211 -0.076237
v -0.046534 0.543211 -0.080599
v -0.039332 0.543211 -0.084348
v -0.031831 0.543211 -0.087455
v -0.024088 0.543211 -0.089897
v -0.016161 0.543211 -0.091654
v -0.008111 0.543211 -0.092714
v -0.000000 0.543211 -0.093068
v 0.008111 0.543211 -0.092714
v 0.016161 0.543211 -0.091654
v 0.024088 0.543211 -0.089897
v 0.031831 0.543211 -0.087455
v 0.039332 0.543211 -0.084348
v 0.046534 0.543211 -0.080599
v 0.053382 0.543211 -0.076237
v 0.059823 0.543211 -0.071294
v 0.065809 0.543211 -0.065809
v 0.071294 0.543211 -0.059823
v 0.076237 0.543211 -0.053382
v 0.080599 0.543211 -0.046534
v 0.084348 0.543211 -0.039332
v 0.087455 0.543211 -0.031831
v 0.089897 0.543211 -0.024088
v 0.091654 0.543211 -0.016161
v 0.092714 0.543211 -0.008111
v 0.063348 0.530285 0.000000
v 0.063107 0.530285 0.005521
v 0.062386 0.530285 0.011000
v 0.061190 0.530285 0.016396
v 0.059528 0.530285 0.021666
v 0.057413 0.530285 0.026772
v 0.054861 0.530285 0.031674
v 0.051892 0.530285 0.036335
v 0.048528 0.530285 0.040720
v 0.044794 0.530285 0.044794
v 0.040720 0.530285 0.048528
v 0.036335 0.530285 0.051892
v 0.031674 0.530285 0.054861
v 0.026772 0.530285 0.057413
v 0.021666 0.530285 0.059528
v 0.016396 0.530285 0.061190
v 0.011000 0.530285 0.062386
v 0.005521 0.530285 0.063107
v 0.000000 0.530285 0.063348
v -0.005521 0.530285 0.063107
v -0.011000 0.530285 0.062386
v -0.016396 0.530285 0.061190
v -0.021666 0.530285 0.059528
v -0.026772 0.530285 0.057413
v -0.031674 0.530285 0.054861
v -0.036335 0.530285 0.051892
v -0.040720 0.530285 0.048528
v -0.044794 0.530285 0.044794
v -0.048528 0.530285 0.040720
v -0.051892 0.530285 0.036335
v -0.054861 0.530285 0.031674
v -0.057413 0.530285 0.026772
v -0.059528 0.530285 0.021666
v -0.061190 0.530285 0.016396
v -0.062386 0.530285 0.011000
v -0.063107 0.530285 0.005521
v -0.063348 0.530285 0.000000
v -0.063107 0.530285 -0.005521
v -0.062386 0.530285 -0.011000
v -0.061190 0.530285 -0.016396
v -0.059528 0.530285 -0.021666
v -0.057413 0.530285 -0.026772
v -0.054861 0.530285 -0.031674
v -0.051892 0.530285 -0.036335
v -0.048528 0.530285 -0.040720
v -0.044794 0.530285 -0.044794
v -0.040720 0.530285 -0.048528
v -0.036335 0.530285 -0.051892
v -0.031674 0.530285 -0.054861
v -0.026772 0.530285 -0.057413
v -0.021666 0.530285 -0.059528
v -0.016396 0.530285 -0.061190
v -0.011000 0.530285 -0.062386
v -0.005521 0.530285 -0.063107
v -0.000000 0.530285 -0.063348
v 0.005521 0.530285 -0.063107
v 0.011000 0.530285 -0.062386
v 0.016396 0.530285 -0.061190
v 0.021666 0.530285 -0.059528
v 0.026772 0.530285 -0.057413
v 0.031674 0.530285 -0.054861
v 0.036335 0.530285 -0.051892
v 0.040720 0.530285 -0.048528
v 0.044794 0.530285 -0.044794
v 0.048528 0.530285 -0.040720
v 0.051892 0.530285 -0.036335
v 0.054861 0.530285 -0.031674
v 0.057413 0.530285 -0.026772
v 0.059528 0.530285 -0.021666
v 0.061190 0.530285 -0.016396
v 0.062386 0.530285 -0.011000
v 0.063107 0.530285 -0.005521
v 0.032069 0.522400 0.000000
v 0.031947 0.522400 0.002795
v 0.031582 0.522400 0.005569
v 0.030976 0.522400 0.008300
v 0.030135 0.522400 0.010968
v 0.029064 0.522400 0.013553
v 0.027773 0.522400 0.016035
v 0.026269 0.522400 0.018394
v 0.024566 0.522400 0.020614
v 0.022676 0.522400 0.022676
v 0.020614 0.522400 0.024566
v 0.018394 0.522400 0.026269
v 0.016035 0.522400 0.027773
v 0.013553 0.522400 0.029064
v 0.010968 0.522400 0.030135
v 0.008300 0.522400 0.030976
v 0.005569 0.522400 0.031582
v 0.002795 0.522400 0.031947
v 0.000000 0.522400 0.032069
v -0.002795 0.522400 0.031947
v -0.005569 0.522400 0.031582
v -0.008300 0.522400 0.030976
v -0.010968 0.522400 0.030135
v -0.013553 0.522400 0.029064
v -0.016035 0.522400 0.027773
v -0.018394 0.522400 0.026269
v -0.020614 0.522400 0.024566
v -0.022676 0.522400 0.022676
v -0.024566 0.522400 0.020614
v -0.026269 0.522400 0.018394
v -0.027773 0.522400 0.016035
v -0.029064 0.522400 0.013553
v -0.030135 0.522400 0.010968
v -0.030976 0.522400 0.008300
v -0.031582 0.522400 0.005569
v -0.031947 0.522400 0.002795
v -0.032069 0.522400 0.000000
v -0.031947 0.522400 -0.002795
v -0.031582 0.522400 -0.005569
v -0.030976 0.522400 -0.008300
v -0.030135 0.522400 -0.010968
v -0.029064 0.522400 -0.013553
v -0.027773 0.522400 -0.016035
v -0.026269 0.522400 -0.018394
v -0.024566 0.522400 -0.020614
v -0.022676 0.522400 -0.022676
v -0.020614 0.522400 -0.024566
v -0.018394 0.522400 -0.026269
v -0.016035 0.522400 -0.027773
v -0.013553 0.522400 -0.029064
v -0.010968 0.522400 -0.030135
v -0.008300 0.522400 -0.030976
v -0.005569 0.522400 -0.031582
v -0.002795 0.522400 -0.031947
v -0.000000 0.522400 -0.032069
v 0.002795 0.522400 -0.031947
v 0.005569 0.522400 -0.031582
v 0.008300 0.522400 -0.030976
v 0.010968 0.522400 -0.030135
v 0.013553 0.522400 -0.029064
v 0.016035 0.522400 -0.027773
v 0.018394 0.522400 -0.026269
v 0.020614 0.522400 -0.024566
v 0.022676 0.522400 -0.022676
v 0.024566 0.522400 -0.020614
v 0.026269 0.522400 -0.018394
v 0.027773 0.522400 -0.016035
v 0.029064 0.522400 -0.013553
v 0.030135 0.522400 -0.010968
v 0.030976 0.522400 -0.008300
v 0.031582 0.522400 -0.005569
v 0.031947 0.522400 -0.002795
v 0.000000 0.519750 0.000000
v 0.000000 0.519750 0.000000
v 0.000000 0.519750 0.000000
v 0.000000 0.519750 0.000000
v 0.000000 0.519750 0.000000
v 0.000000 0.519750 0.000000
v 0.000000 0.519750 0.000000
v 0.000000 0.519750 0.000000
v 0.000000 0.519750 0.000000
v 0.000000 0.519750 0.000000
v 0.000000 0.519750 0.000000
v 0.000000 0.519750 0.000000
v 0.000000 0.519750 0.000000
v 0.000000 0.519750 0.000000
v 0.000000 0.519750 0.000000
v 0.000000 0.519750 0.000000
v 0.000000 0.519750 0.000000
v 0.000000 0.519750 0.000000
v 0.000000 0.519750 0.000000
v -0.000000 0.519750 0.000000
v -0.000000 0.519750 0.000000
v -0.000000 0.519750 0.000000
v -0.000000 0.519750 0.000000
v -0.000000 0.519750 0.000000
v -0.000000 0.519750 0.000000
v -0.000000 0.519750 0.000000
v -0.000000 0.519750 0.000000
v -0.000000 0.519750 0.000000
v -0.000000 0.519750 0.000000
v -0.000000 0.519750 0.000000
v -0.000000 0.519750 0.000000
v -0.000000 0.519750 0.000000
v -0.000000 0.519750 0.000000
v -0.000000 0.519750 0.000000
v -0.000000 0.519750 0.000000
v -0.000000 0.519750 0.000000
v -0.000000 0.519750 0.000000
v -0.000000 0.519750 -0.000000
v -0.000000 0.519750 -0.000000
v -0.000000 0.519750 -0.000000
v -0.000000 0.519750 -0.000000
v -0.000000 0.519750 -0.000000
v -0.000000 0.519750 -0.000000
v -0.000000 0.519750 -0.000000
v -0.000000 0.519750 -0.000000
v -0.000000 0.519750 -0.000000
v -0.000000 0.519750 -0.000000
v -0.000000 0.519750 -0.000000
v -0.000000 0.519750 -0.000000
v -0.000000 0.519750 -0.000000
v -0.000000 0.519750 -0.000000
v -0.000000 0.519750 -0.000000
v -0.000000 0.519750 -0.000000
v -0.000000 0.519750 -0.000000
v -0.000000 0.519750 -0.000000
v 0.000000 0.519750 -0.000000
v 0.000000 0.519750 -0.000000
v 0.000000 0.519750 -0.000000
v 0.000000 0.519750 -0.000000
v 0.000000 0.519750 -0.000000
v 0.000000 0.519750 -0.000000
v 0.000000 0.519750 -0.000000
v 0.000000 0.519750 -0.000000
v 0.000000 0.519750 -0.000000
v 0.000000 0.519750 -0.000000
v 0.000000 0.519750 -0.000000
v 0.000000 0.519750 -0.000000
v 0.000000 0.519750 -0.000000
v 0.000000 0.519750 -0.000000
v 0.000000 0.519750 -0.000000
v 0.000000 0.519750 -0.000000
v 0.000000 0.519750 -0.000000
v 0.180000 0.575000 0.000000
v 0.179315 0.575000 0.015688
v 0.177265 0.575000 0.031257
v 0.173867 0.575000 0.046587
v 0.169145 0.575000 0.061564
v 0.163135 0.575000 0.076071
v 0.155885 0.575000 0.090000
v 0.147447 0.575000 0.103244
v 0.137888 0.575000 0.115702
v 0.127279 0.575000 0.127279
v 0.115702 0.575000 0.137888
v 0.103244 0.575000 0.147447
v 0.090000 0.575000 0.155885
v 0.076071 0.575000 0.163135
v 0.061564 0.575000 0.169145
v 0.046587 0.575000 0.173867
v 0.031257 0.575000 0.177265
v 0.015688 0.575000 0.179315
v 0.000000 0.575000 0.180000
v -0.015688 0.575000 0.179315
v -0.031257 0.575000 0.177265
v -0.046587 0.575000 0.173867
v -0.061564 0.575000 0.169145
v -0.076071 0.575000 0.163135
v -0.090000 0.575000 0.155885
v -0.103244 0.575000 0.147447
v -0.115702 0.575000 0.137888
v -0.127279 0.575000 0.127279
v -0.137888 0.575000 0.115702
v -0.147447 0.575000 0.103244
v -0.155885 0.575000 0.090000
v -0.163135 0.575000 0.076071
v -0.169145 0.575000 0.061564
v -0.173867 0.575000 0.046587
v -0.177265 0.575000 0.031257
v -0.179315 0.575000 0.015688
v -0.180000 0.575000 0.000000
v -0.179315 0.575000 -0.015688
v -0.177265 0.575000 -0.031257
v -0.173867 0.575000 -0.046587
v -0.169145 0.575000 -0.061564
v -0.163135 0.575000 -0.076071
v -0.155885 0.575000 -0.090000
v -0.147447 0.575000 -0.103244
v -0.137888 0.575000 -0.115702
v -0.127279 0.575000 -0.127279
v -0.115702 0.575000 -0.137888
v -0.103244 0.575000 -0.147447
v -0.090000 0.575000 -0.155885
v -0.076071 0.575000 -0.163135
v -0.061564 0.575000 -0.169145
v -0.046587 0.575000 -0.173867
v -0.031257 0.575000 -0.177265
v -0.015688 0.575000 -0.179315
v -0.000000 0.575000 -0.180000
v 0.015688 0.575000 -0.179315
v 0.031257 0.575000 -0.177265
v 0.046587 0.575000 -0.173867
v 0.061564 0.575000 -0.169145
v 0.076071 0.575000 -0.163135
v 0.090000 0.575000 -0.155885
v 0.103244 0.575000 -0.147447
v 0.115702 0.575000 -0.137888
v 0.127279 0.575000 -0.127279
v 0.137888 0.575000 -0.115702
v 0.147447 0.575000 -0.103244
v 0.155885 0.575000 -0.090000
v 0.163135 0.575000 -0.076071
v 0.169145 0.575000 -0.061564
v 0.173867 0.575000 -0.046587
v 0.177265 0.575000 -0.031257
v 0.179315 0.575000 -0.015688
v 0.255000 0.595000 0.000000
v 0.254030 0.595000 0.022225
v 0.251126 0.595000 0.044280
v 0.246311 0.595000 0.065999
v 0.239622 0.595000 0.087215
v 0.231108 0.595000 0.107768
v 0.220836 0.595000 0.127500
v 0.208884 0.595000 0.146262
v 0.195341 0.595000 0.163911
v 0.180312 0.595000 0.180312
v 0.163911 0.595000 0.195341
v 0.146262 0.595000 0.208884
v 0.127500 0.595000 0.220836
v 0.107768 0.595000 0.231108
v 0.087215 0.595000 0.239622
v 0.065999 0.595000 0.246311
v 0.044280 0.595000 0.251126
v 0.022225 0.595000 0.254030
v 0.000000 0.595000 0.255000
v -0.022225 0.595000 0.254030
v -0.044280 0.595000 0.251126
v -0.065999 0.595000 0.246311
v -0.087215 0.595000 0.239622
v -0.107768 0.595000 0.231108
v -0.127500 0.595000 0.220836
v -0.146262 0.595000 0.208884
v -0.163911 0.595000 0.195341
v -0.180312 0.595000 0.180312
v -0.195341 0.595000 0.163911
v -0.208884 0.595000 0.146262
v -0.220836 0.595000 0.127500
v -0.231108 0.595000 0.107768
v -0.239622 0.595000 0.087215
v -0.246311 0.595000 0.065999
v -0.251126 0.595000 0.044280
v -0.254030 0.595000 0.022225
v -0.255000 0.595000 0.000000
v -0.254030 0.595000 -0.022225
v -0.251126 0.595000 -0.044280
v -0.246311 0.595000 -0.065999
v -0.239622 0.595000 -0.087215
v -0.231108 0.595000 -0.107768
v -0.220836 0.595000 -0.127500
v -0.208884 0.595000 -0.146262
v -0.195341 0.595000 -0.163911
v -0.180312 0.595000 -0.180312
v -0.163911 0.595000 -0.195341
v -0.146262 0.595000 -0.208884
v -0.127500 0.595000 -0.220836
v -0.107768 0.595000 -0.231108
v -0.087215 0.595000 -0.239622
v -0.065999 0.595000 -0.246311
v -0.044280 0.595000 -0.251126
v -0.022225 0.595000 -0.254030
v -0.000000 0.595000 -0.255000
v 0.022225 0.595000 -0.254030
v 0.044280 0.595000 -0.251126
v 0.065999 0.595000 -0.246311
v 0.087215 0.595000 -0.239622
v 0.107768 0.595000 -0.231108
v 0.127500 0.595000 -0.220836
v 0.146262 0.595000 -0.208884
v 0.163911 0.595000 -0.195341
v 0.180312 0.595000 -0.180312
v 0.195341 0.595000 -0.163911
v 0.208884 0.595000 -0.146262
v 0.220836 0.595000 -0.127500
v 0.231108 0.595000 -0.107768
v 0.239622 0.595000 -0.087215
v 0.246311 0.595000 -0.065999
v 0.251126 0.595000 -0.044280
v 0.254030 0.595000 -0.022225
v 0.245000 0.625000 0.000000
v 0.244068 0.625000 0.021353
v 0.241278 0.625000 0.042544
v 0.236652 0.625000 0.063411
v 0.230225 0.625000 0.083795
v 0.222045 0.625000 0.103541
v 0.212176 0.625000 0.122500
v 0.200692 0.625000 0.140526
v 0.187681 0.625000 0.157483
v 0.173241 0.625000 0.173241
v 0.157483 0.625000 0.187681
v 0.140526 0.625000 0.200692
v 0.122500 0.625000 0.212176
v 0.103541 0.625000 0.222045
v 0.083795 0.625000 0.230225
v 0.063411 0.625000 0.236652
v 0.042544 0.625000 0.241278
v 0.021353 0.625000 0.244068
v 0.000000 0.625000 0.245000
v -0.021353 0.625000 0.244068
v -0.042544 0.625000 0.241278
v -0.063411 0.625000 0.236652
v -0.083795 0.625000 0.230225
v -0.103541 0.625000 0.222045
v -0.122500 0.625000 0.212176
v -0.140526 0.625000 0.200692
v -0.157483 0.625000 0.187681
v -0.173241 0.625000 0.173241
v -0.187681 0.625000 0.157483
v -0.200692 0.625000 0.140526
v -0.212176 0.625000 0.122500
v -0.222045 0.625000 0.103541
v -0.230225 0.625000 0.083795
v -0.236652 0.625000 0.063411
v -0.241278 0.625000 0.042544
v -0.244068 0.625000 0.021353
v -0.245000 0.625000 0.000000
v -0.244068 0.625000 -0.021353
v -0.241278 0.625000 -0.042544
v -0.236652 0.625000 -0.063411
v -0.230225 0.625000 -0.083795
v -0.222045 0.625000 -0.103541
v -0.212176 0.625000 -0.122500
v -0.200692 0.625000 -0.140526
v -0.187681 0.625000 -0.157483
v -0.173241 0.625000 -0.173241
v -0.157483 0.625000 -0.187681
v -0.140526 0.625000 -0.200692
v -0.122500 0.625000 -0.212176
v -0.103541 0.625000 -0.222045
v -0.083795 0.625000 -0.230225
v -0.063411 0.625000 -0.236652
v -0.042544 0.625000 -0.241278
v -0.021353 0.625000 -0.244068
v -0.000000 0.625000 -0.245000
v 0.021353 0.625000 -0.244068
v 0.042544 0.625000 -0.241278
v 0.063411 0.625000 -0.236652
v 0.083795 0.625000 -0.230225
v 0.103541 0.625000 -0.222045
v 0.122500 0.625000 -0.212176
v 0.140526 0.625000 -0.200692
v 0.157483 0.625000 -0.187681
v 0.173241 0.625000 -0.173241
v 0.187681 0.625000 -0.157483
v 0.200692 0.625000 -0.140526
v 0.212176 0.625000 -0.122500
v 0.222045 0.625000 -0.103541
v 0.230225 0.625000 -0.083795
v 0.236652 0.625000 -0.063411
v 0.241278 0.625000 -0.042544
v 0.244068 0.625000 -0.021353
v 0.180000 0.645000 0.000000
v 0.179315 0.645000 0.015688
v 0.177265 0.645000 0.031257
v 0.173867 0.645000 0.046587
v 0.169145 0.645000 0.061564
v 0.163135 0.645000 0.076071
v 0.155885 0.645000 0.090000
v 0.147447 0.645000 0.103244
v 0.137888 0.645000 0.115702
v 0.127279 0.645000 0.127279
v 0.115702 0.645000 0.137888
v 0.103244 0.645000 0.147447
v 0.090000 0.645000 0.155885
v 0.076071 0.645000 0.163135
v 0.061564 0.645000 0.169145
v 0.046587 0.645000 0.173867
v 0.031257 0.645000 0.177265
v 0.015688 0.645000 0.179315
v 0.000000 0.645000 0.180000
v -0.015688 0.645000 0.179315
v -0.031257 0.645000 0.177265
v -0.046587 0.645000 0.173867
v -0.061564 0.645000 0.169145
v -0.076071 0.645000 0.163135
v -0.090000 0.645000 0.155885
v -0.103244 0.645000 0.147447
v -0.115702 0.645000 0.137888
v -0.127279 0.645000 0.127279
v -0.137888 0.645000 0.115702
v -0.147447 0.645000 0.103244
v -0.155885 0.645000 0.090000
v -0.163135 0.645000 0.076071
v -0.169145 0.645000 0.061564
v -0.173867 0.645000 0.046587
v -0.177265 0.645000 0.031257
v -0.179315 0.645000 0.015688
v -0.180000 0.645000 0.000000
v -0.179315 0.645000 -0.015688
v -0.177265 0.645000 -0.031257
v -0.173867 0.645000 -0.046587
v -0.169145 0.645000 -0.061564
v -0.163135 0.645000 -0.076071
v -0.155885 0.645000 -0.090000
v -0.147447 0.645000 -0.103244
v -0.137888 0.645000 -0.115702
v -0.127279 0.645000 -0.127279
v -0.115702 0.645000 -0.137888
v -0.103244 0.645000 -0.147447
v -0.090000 0.645000 -0.155885
v -0.076071 0.645000 -0.163135
v -0.061564 0.645000 -0.169145
v -0.046587 0.645000 -0.173867
v -0.031257 0.645000 -0.177265
v -0.015688 0.645000 -0.179315
v -0.000000 0.645000 -0.180000
v 0.015688 0.645000 -0.179315
v 0.031257 0.645000 -0.177265
v 0.046587 0.645000 -0.173867
v 0.061564 0.645000 -0.169145
v 0.076071 0.645000 -0.163135
v 0.090000 0.645000 -0.155885
v 0.103244 0.645000 -0.147447
v 0.115702 0.645000 -0.137888
v 0.127279 0.645000 -0.127279
v 0.137888 0.645000 -0.115702
v 0.147447 0.645000 -0.103244
v 0.155885 0.645000 -0.090000
v 0.163135 0.645000 -0.076071
v 0.169145 0.645000 -0.061564
v 0.173867 0.645000 -0.046587
v 0.177265 0.645000 -0.031257
v 0.179315 0.645000 -0.015688
vn 0.832050 -0.554700 0.000000
vn 0.828884 -0.554700 0.072518
vn 0.819410 -0.554700 0.144484
vn 0.803699 -0.554700 0.215350
vn 0.781872 -0.554700 0.284578
vn 0.754094 -0.554700 0.351640
vn 0.720577 -0.554700 0.416025
vn 0.681576 -0.554700 0.477244
vn 0.637388 -0.554700 0.534832
vn 0.588348 -0.554700 0.588348
vn 0.534832 -0.554700 0.637388
vn 0.477244 -0.554700 0.681576
vn 0.416025 -0.554700 0.720577
vn 0.351640 -0.554700 0.754094
vn 0.284578 -0.554700 0.781872
vn 0.215350 -0.554700 0.803699
vn 0.144484 -0.554700 0.819410
vn 0.072518 -0.554700 0.828884
vn 0.000000 -0.554700 0.832050
vn -0.072518 -0.554700 0.828884
vn -0.144484 -0.554700 0.819410
vn -0.215350 -0.554700 0.803699
vn -0.284578 -0.554700 0.781872
vn -0.351640 -0.554700 0.754094
vn -0.416025 -0.554700 0.720577
vn -0.477244 -0.554700 0.681576
vn -0.534832 -0.554700 0.637388
vn -0.588348 -0.554700 0.588348
vn -0.637388 -0.554700 0.534832
vn -0.681576 -0.554700 0.477244
vn -0.720577 -0.554700 0.416025
vn -0.754094 -0.554700 0.351640
vn -0.781872 -0.554700 0.284578
vn -0.803699 -0.554700 0.215350
vn -0.819410 -0.554700 0.144484
vn -0.828884 -0.554700 0.072518
vn -0.832050 -0.554700 0.000000
vn -0.828884 -0.554700 -0.072518
vn -0.819410 -0.554700 -0.144484
vn -0.803699 -0.554700 -0.215350
vn -0.781872 -0.554700 -0.284578
vn -0.754094 -0.554700 -0.351640
vn -0.720577 -0.554700 -0.416025
vn -0.681576 -0.554700 -0.477244
vn -0.637388 -0.554700 -0.534832
vn -0.588348 -0.554700 -0.588348
vn -0.534832 -0.554700 -0.637388
vn -0.477244 -0.554700 -0.681576
vn -0.416025 -0.554700 -0.720577
vn -0.351640 -0.554700 -0.754094
vn -0.284578 -0.554700 -0.781872
vn -0.215350 -0.554700 -0.803699
vn -0.144484 -0.554700 -0.819410
vn -0.072518 -0.554700 -0.828884
vn -0.000000 -0.554700 -0.832050
vn 0.072518 -0.554700 -0.828884
vn 0.144484 -0.554700 -0.819410
vn 0.215350 -0.554700 -0.803699
vn 0.284578 -0.554700 -0.781872
vn 0.351640 -0.554700 -0.754094
vn 0.416025 -0.554700 -0.720577
vn 0.477244 -0.554700 -0.681576
vn 0.534832 -0.554700 -0.637388
vn 0.588348 -0.554700 -0.588348
vn 0.637388 -0.554700 -0.534832
vn 0.681576 -0.554700 -0.477244
vn 0.720577 -0.554700 -0.416025
vn 0.754094 -0.554700 -0.351640
vn 0.781872 -0.554700 -0.284578
vn 0.803699 -0.554700 -0.215350
vn 0.819410 -0.554700 -0.144484
vn 0.828884 -0.554700 -0.072518
vn 0.961524 0.274721 0.000000
vn 0.957865 0.274721 0.083802
vn 0.946916 0.274721 0.166967
vn 0.928761 0.274721 0.248861
vn 0.903537 0.274721 0.328861
vn 0.871437 0.274721 0.406358
vn 0.832704 0.274721 0.480762
vn 0.787634 0.274721 0.551507
vn 0.736570 0.274721 0.618056
vn 0.679900 0.274721 0.679900
vn 0.618056 0.274721 0.736570
vn 0.551507 0.274721 0.787634
vn 0.480762 0.274721 0.832704
vn 0.406358 0.274721 0.871437
vn 0.328861 0.274721 0.903537
vn 0.248861 0.274721 0.928761
vn 0.166967 0.274721 0.946916
vn 0.083802 0.274721 0.957865
vn 0.000000 0.274721 0.961524
vn -0.083802 0.274721 0.957865
vn -0.166967 0.274721 0.946916
vn -0.248861 0.274721 0.928761
vn -0.328861 0.274721 0.903537
vn -0.406358 0.274721 0.871437
vn -0.480762 0.274721 0.832704
vn -0.551507 0.274721 0.787634
vn -0.618056 0.274721 0.736570
vn -0.679900 0.274721 0.679900
vn -0.736570 0.274721 0.618056
vn -0.787634 0.274721 0.551507
vn -0.832704 0.274721 0.480762
vn -0.871437 0.274721 0.406358
vn -0.903537 0.274721 0.328861
vn -0.928761 0.274721 0.248861
vn -0.946916 0.274721 0.166967
vn -0.957865 0.274721 0.083802
vn -0.961524 0.274721 0.000000
vn -0.957865 0.274721 -0.083802
vn -0.946916 0.274721 -0.166967
vn -0.928761 0.274721 -0.248861
vn -0.903537 0.274721 -0.328861
vn -0.871437 0.274721 -0.406358
vn -0.832704 0.274721 -0.480762
vn -0.787634 0.274721 -0.551507
vn -0.736570 0.274721 -0.618056
vn -0.679900 0.274721 -0.679900
vn -0.618056 0.274721 -0.736570
vn -0.551507 0.274721 -0.787634
vn -0.480762 0.274721 -0.832704
vn -0.406358 0.274721 -0.871437
vn -0.328861 0.274721 -0.903537
vn -0.248861 0.274721 -0.928761
vn -0.166967 0.274721 -0.946916
vn -0.083802 0.274721 -0.957865
vn -0.000000 0.274721 -0.961524
vn 0.083802 0.274721 -0.957865
vn 0.166967 0.274721 -0.946916
vn 0.248861 0.274721 -0.928761
vn 0.328861 0.274721 -0.903537
vn 0.406358 0.274721 -0.871437
vn 0.480762 0.274721 -0.832704
vn 0.551507 0.274721 -0.787634
vn 0.618056 0.274721 -0.736570
vn 0.679900 0.274721 -0.679900
vn 0.736570 0.274721 -0.618056
vn 0.787634 0.274721 -0.551507
vn 0.832704 0.274721 -0.480762
vn 0.871437 0.274721 -0.406358
vn 0.903537 0.274721 -0.328861
vn 0.928761 0.274721 -0.248861
vn 0.946916 0.274721 -0.166967
vn 0.957865 0.274721 -0.083802
vn 0.573462 0.819232 0.000000
vn 0.571280 0.819232 0.049981
vn 0.564750 0.819232 0.099581
vn 0.553922 0.819232 0.148423
vn 0.538878 0.819232 0.196136
vn 0.519733 0.819232 0.242356
vn 0.496633 0.819232 0.286731
vn 0.469753 0.819232 0.328924
vn 0.439298 0.819232 0.368614
vn 0.405499 0.819232 0.405499
vn 0.368614 0.819232 0.439298
vn 0.328924 0.819232 0.469753
vn 0.286731 0.819232 0.496633
vn 0.242356 0.819232 0.519733
vn 0.196136 0.819232 0.538878
vn 0.148423 0.819232 0.553922
vn 0.099581 0.819232 0.564750
vn 0.049981 0.819232 0.571280
vn 0.000000 0.819232 0.573462
vn -0.049981 0.819232 0.571280
vn -0.099581 0.819232 0.564750
vn -0.148423 0.819232 0.553922
vn -0.196136 0.819232 0.538878
vn -0.242356 0.819232 0.519733
vn -0.286731 0.819232 0.496633
vn -0.328924 0.819232 0.469753
vn -0.368614 0.819232 0.439298
vn -0.405499 0.819232 0.405499
vn -0.439298 0.819232 0.368614
vn -0.469753 0.819232 0.328924
vn -0.496633 0.819232 0.286731
vn -0.519733 0.819232 0.242356
vn -0.538878 0.819232 0.196136
vn -0.553922 0.819232 0.148423
vn -0.564750 0.819232 0.099581
vn -0.571280 0.819232 0.049981
vn -0.573462 0.819232 0.000000
vn -0.571280 0.819232 -0.049981
vn -0.564750 0.819232 -0.099581
vn -0.553922 0.819232 -0.148423
vn -0.538878 0.819232 -0.196136
vn -0.519733 0.819232 -0.242356
vn -0.496633 0.819232 -0.286731
vn -0.469753 0.819232 -0.328924
vn -0.439298 0.819232 -0.368614
vn -0.405499 0.819232 -0.405499
vn -0.368614 0.819232 -0.439298
vn -0.328924 0.819232 -0.469753
vn -0.286731 0.819232 -0.496633
vn -0.242356 0.819232 -0.519733
vn -0.196136 0.819232 -0.538878
vn -0.148423 0.819232 -0.553922
vn -0.099581 0.819232 -0.564750
vn -0.049981 0.819232 -0.571280
vn -0.000000 0.819232 -0.573462
vn 0.049981 0.819232 -0.571280
vn 0.099581 0.819232 -0.564750
vn 0.148423 0.819232 -0.553922
vn 0.196136 0.819232 -0.538878
vn 0.242356 0.819232 -0.519733
vn 0.286731 0.819232 -0.496633
vn 0.328924 0.819232 -0.469753
vn 0.368614 0.819232 -0.439298
vn 0.405499 0.819232 -0.405499
vn 0.439298 0.819232 -0.368614
vn 0.469753 0.819232 -0.328924
vn 0.496633 0.819232 -0.286731
vn 0.519733 0.819232 -0.242356
vn 0.538878 0.819232 -0.196136
vn 0.553922 0.819232 -0.148423
vn 0.564750 0.819232 -0.099581
vn 0.571280 0.819232 -0.049981
vn 0.792624 0.609711 0.000000
vn 0.789608 0.609711 0.069082
vn 0.780582 0.609711 0.137638
vn 0.765616 0.609711 0.205146
vn 0.744823 0.609711 0.271093
vn 0.718361 0.609711 0.334977
vn 0.686433 0.609711 0.396312
vn 0.649280 0.609711 0.454630
vn 0.607185 0.609711 0.509489
vn 0.560470 0.609711 0.560470
vn 0.509489 0.609711 0.607185
vn 0.454630 0.609711 0.649280
vn 0.396312 0.609711 0.686433
vn 0.334977 0.609711 0.718361
vn 0.271093 0.609711 0.744823
vn 0.205146 0.609711 0.765616
vn 0.137638 0.609711 0.780582
vn 0.069082 0.609711 0.789608
vn 0.000000 0.609711 0.792624
vn -0.069082 0.609711 0.789608
vn -0.137638 0.609711 0.780582
vn -0.205146 0.609711 0.765616
vn -0.271093 0.609711 0.744823
vn -0.334977 0.609711 0.718361
vn -0.396312 0.609711 0.686433
vn -0.454630 0.609711 0.649280
vn -0.509489 0.609711 0.607185
vn -0.560470 0.609711 0.560470
vn -0.607185 0.609711 0.509489
vn -0.649280 0.609711 0.454630
vn -0.686433 0.609711 0.396312
vn -0.718361 0.609711 0.334977
vn -0.744823 0.609711 0.271093
vn -0.765616 0.609711 0.205146
vn -0.780582 0.609711 0.137638
vn -0.789608 0.609711 0.069082
vn -0.792624 0.609711 0.000000
vn -0.789608 0.609711 -0.069082
vn -0.780582 0.609711 -0.137638
vn -0.765616 0.609711 -0.205146
vn -0.744823 0.609711 -0.271093
vn -0.718361 0.609711 -0.334977
vn -0.686433 0.609711 -0.396312
vn -0.649280 0.609711 -0.454630
vn -0.607185 0.609711 -0.509489
vn -0.560470 0.609711 -0.560470
vn -0.509489 0.609711 -0.607185
vn -0.454630 0.609711 -0.649280
vn -0.396312 0.609711 -0.686433
vn -0.334977 0.609711 -0.718361
vn -0.271093 0.609711 -0.744823
vn -0.205146 0.609711 -0.765616
vn -0.137638 0.609711 -0.780582
vn -0.069082 0.609711 -0.789608
vn -0.000000 0.609711 -0.792624
vn 0.069082 0.609711 -0.789608
vn 0.137638 0.609711 -0.780582
vn 0.205146 0.609711 -0.765616
vn 0.271093 0.609711 -0.744823
vn 0.334977 0.609711 -0.718361
vn 0.396312 0.609711 -0.686433
vn 0.454630 0.609711 -0.649280
vn 0.509489 0.609711 -0.607185
vn 0.560470 0.609711 -0.560470
vn 0.607185 0.609711 -0.509489
vn 0.649280 0.609711 -0.454630
vn 0.686433 0.609711 -0.396312
vn 0.718361 0.609711 -0.334977
vn 0.744823 0.609711 -0.271093
vn 0.765616 0.609711 -0.205146
vn 0.780582 0.609711 -0.137638
vn 0.789608 0.609711 -0.069082
vn 0.813733 0.581238 0.000000
vn 0.810637 0.581238 0.070922
vn 0.801371 0.581238 0.141303
vn 0.786006 0.581238 0.210610
vn 0.764659 0.581238 0.278313
vn 0.737493 0.581238 0.343899
vn 0.704714 0.581238 0.406867
vn 0.666571 0.581238 0.466738
vn 0.623356 0.581238 0.523058
vn 0.575396 0.581238 0.575396
vn 0.523058 0.581238 0.623356
vn 0.466738 0.581238 0.666571
vn 0.406867 0.581238 0.704714
vn 0.343899 0.581238 0.737493
vn 0.278313 0.581238 0.764659
vn 0.210610 0.581238 0.786006
vn 0.141303 0.581238 0.801371
vn 0.070922 0.581238 0.810637
vn 0.000000 0.581238 0.813733
vn -0.070922 0.581238 0.810637
vn -0.141303 0.581238 0.801371
vn -0.210610 0.581238 0.786006
vn -0.278313 0.581238 0.764659
vn -0.343899 0.581238 0.737493
vn -0.406867 0.581238 0.704714
vn -0.466738 0.581238 0.666571
vn -0.523058 0.581238 0.623356
vn -0.575396 0.581238 0.575396
vn -0.623356 0.581238 0.523058
vn -0.666571 0.581238 0.466738
vn -0.704714 0.581238 0.406867
vn -0.737493 0.581238 0.343899
vn -0.764659 0.581238 0.278313
vn -0.786006 0.581238 0.210610
vn -0.801371 0.581238 0.141303
vn -0.810637 0.581238 0.070922
vn -0.813733 0.581238 0.000000
vn -0.810637 0.581238 -0.070922
vn -0.801371 0.581238 -0.141303
vn -0.786006 0.581238 -0.210610
vn -0.764659 0.581238 -0.278313
vn -0.737493 0.581238 -0.343899
vn -0.704714 0.581238 -0.406867
vn -0.666571 0.581238 -0.466738
vn -0.623356 0.581238 -0.523058
vn -0.575396 0.581238 -0.575396
vn -0.523058 0.581238 -0.623356
vn -0.466738 0.581238 -0.666571
vn -0.406867 0.581238 -0.704714
vn -0.343899 0.581238 -0.737493
vn -0.278313 0.581238 -0.764659
vn -0.210610 0.581238 -0.786006
vn -0.141303 0.581238 -0.801371
vn -0.070922 0.581238 -0.810637
vn -0.000000 0.581238 -0.813733
vn 0.070922 0.581238 -0.810637
vn 0.141303 0.581238 -0.801371
vn 0.210610 0.581238 -0.786006
vn 0.278313 0.581238 -0.764659
vn 0.343899 0.581238 -0.737493
vn 0.406867 0.581238 -0.704714
vn 0.466738 0.581238 -0.666571
vn 0.523058 0.581238 -0.623356
vn 0.575396 0.581238 -0.575396
vn 0.623356 0.581238 -0.523058
vn 0.666571 0.581238 -0.466738
vn 0.704714 0.581238 -0.406867
vn 0.737493 0.581238 -0.343899
vn 0.764659 0.581238 -0.278313
vn 0.786006 0.581238 -0.210610
vn 0.801371 0.581238 -0.141303
vn 0.810637 0.581238 -0.070922
vn 0.573462 0.819232 0.000000
vn 0.571280 0.819232 0.049981
vn 0.564750 0.819232 0.099581
vn 0.553922 0.819232 0.148423
vn 0.538878 0.819232 0.196136
vn 0.519733 0.819232 0.242356
vn 0.496633 0.819232 0.286731
vn 0.469753 0.819232 0.328924
vn 0.439298 0.819232 0.368614
vn 0.405499 0.819232 0.405499
vn 0.368614 0.819232 0.439298
vn 0.328924 0.819232 0.469753
vn 0.286731 0.819232 0.496633
vn 0.242356 0.819232 0.519733
vn 0.196136 0.819232 0.538878
vn 0.148423 0.819232 0.553922
vn 0.099581 0.819232 0.564750
vn 0.049981 0.819232 0.571280
vn 0.000000 0.819232 0.573462
vn -0.049981 0.819232 0.571280
vn -0.099581 0.819232 0.564750
vn -0.148423 0.819232 0.553922
vn -0.196136 0.819232 0.538878
vn -0.242356 0.819232 0.519733
vn -0.286731 0.819232 0.496633
vn -0.328924 0.819232 0.469753
vn -0.368614 0.819232 0.439298
vn -0.405499 0.819232 0.405499
vn -0.439298 0.819232 0.368614
vn -0.469753 0.819232 0.328924
vn -0.496633 0.819232 0.286731
vn -0.519733 0.819232 0.242356
vn -0.538878 0.819232 0.196136
vn -0.553922 0.819232 0.148423
vn -0.564750 0.819232 0.099581
vn -0.571280 0.819232 0.049981
vn -0.573462 0.819232 0.000000
vn -0.571280 0.819232 -0.049981
vn -0.564750 0.819232 -0.099581
vn -0.553922 0.819232 -0.148423
vn -0.538878 0.819232 -0.196136
vn -0.519733 0.819232 -0.242356
vn -0.496633 0.819232 -0.286731
vn -0.469753 0.819232 -0.328924
vn -0.439298 0.819232 -0.368614
vn -0.405499 0.819232 -0.405499
vn -0.368614 0.819232 -0.439298
vn -0.328924 0.819232 -0.469753
vn -0.286731 0.819232 -0.496633
vn -0.242356 0.819232 -0.519733
vn -0.196136 0.819232 -0.538878
vn -0.148423 0.819232 -0.553922
vn -0.099581 0.819232 -0.564750
vn -0.049981 0.819232 -0.571280
vn -0.000000 0.819232 -0.573462
vn 0.049981 0.819232 -0.571280
vn 0.099581 0.819232 -0.564750
vn 0.148423 0.819232 -0.553922
vn 0.196136 0.819232 -0.538878
vn 0.242356 0.819232 -0.519733
vn 0.286731 0.819232 -0.496633
vn 0.328924 0.819232 -0.469753
vn 0.368614 0.819232 -0.439298
vn 0.405499 0.819232 -0.405499
vn 0.439298 0.819232 -0.368614
vn 0.469753 0.819232 -0.328924
vn 0.496633 0.819232 -0.286731
vn 0.519733 0.819232 -0.242356
vn 0.538878 0.819232 -0.196136
vn 0.553922 0.819232 -0.148423
vn 0.564750 0.819232 -0.099581
vn 0.571280 0.819232 -0.049981
vn 0.851658 0.524097 0.000000
vn 0.848417 0.524097 0.074227
vn 0.838720 0.524097 0.147889
vn 0.822639 0.524097 0.220425
vn 0.800297 0.524097 0.291284
vn 0.771865 0.524097 0.359926
vn 0.737558 0.524097 0.425829
vn 0.697638 0.524097 0.488491
vn 0.652408 0.524097 0.547435
vn 0.602213 0.524097 0.602213
vn 0.547435 0.524097 0.652408
vn 0.488491 0.524097 0.697638
vn 0.425829 0.524097 0.737558
vn 0.359926 0.524097 0.771865
vn 0.291284 0.524097 0.800297
vn 0.220425 0.524097 0.822639
vn 0.147889 0.524097 0.838720
vn 0.074227 0.524097 0.848417
vn 0.000000 0.524097 0.851658
vn -0.074227 0.524097 0.848417
vn -0.147889 0.524097 0.838720
vn -0.220425 0.524097 0.822639
vn -0.291284 0.524097 0.800297
vn -0.359926 0.524097 0.771865
vn -0.425829 0.524097 0.737558
vn -0.488491 0.524097 0.697638
vn -0.547435 0.524097 0.652408
vn -0.602213 0.524097 0.602213
vn -0.652408 0.524097 0.547435
vn -0.697638 0.524097 0.488491
vn -0.737558 0.524097 0.425829
vn -0.771865 0.524097 0.359926
vn -0.800297 0.524097 0.291284
vn -0.822639 0.524097 0.220425
vn -0.838720 0.524097 0.147889
vn -0.848417 0.524097 0.074227
vn -0.851658 0.524097 0.000000
vn -0.848417 0.524097 -0.074227
vn -0.838720 0.524097 -0.147889
vn -0.822639 0.524097 -0.220425
vn -0.800297 0.524097 -0.291284
vn -0.771865 0.524097 -0.359926
vn -0.737558 0.524097 -0.425829
vn -0.697638 0.524097 -0.488491
vn -0.652408 0.524097 -0.547435
vn -0.602213 0.524097 -0.602213
vn -0.547435 0.524097 -0.652408
vn -0.488491 0.524097 -0.697638
vn -0.425829 0.524097 -0.737558
vn -0.359926 0.524097 -0.771865
vn -0.291284 0.524097 -0.800297
vn -0.220425 0.524097 -0.822639
vn -0.147889 0.524097 -0.838720
vn -0.074227 0.524097 -0.848417
vn -0.000000 0.524097 -0.851658
vn 0.074227 0.524097 -0.848417
vn 0.147889 0.524097 -0.838720
vn 0.220425 0.524097 -0.822639
vn 0.291284 0.524097 -0.800297
vn 0.359926 0.524097 -0.771865
vn 0.425829 0.524097 -0.737558
vn 0.488491 0.524097 -0.697638
vn 0.547435 0.524097 -0.652408
vn 0.602213 0.524097 -0.602213
vn 0.652408 0.524097 -0.547435
vn 0.697638 0.524097 -0.488491
vn 0.737558 0.524097 -0.425829
vn 0.771865 0.524097 -0.359926
vn 0.800297 0.524097 -0.291284
vn 0.822639 0.524097 -0.220425
vn 0.838720 0.524097 -0.147889
vn 0.848417 0.524097 -0.074227
vn 0.960714 0.277540 0.000000
vn 0.957058 0.277540 0.083732
vn 0.946119 0.277540 0.166826
vn 0.927979 0.277540 0.248651
vn 0.902776 0.277540 0.328584
vn 0.870703 0.277540 0.406015
vn 0.832003 0.277540 0.480357
vn 0.786971 0.277540 0.551043
vn 0.735950 0.277540 0.617535
vn 0.679328 0.277540 0.679328
vn 0.617535 0.277540 0.735950
vn 0.551043 0.277540 0.786971
vn 0.480357 0.277540 0.832003
vn 0.406015 0.277540 0.870703
vn 0.328584 0.277540 0.902776
vn 0.248651 0.277540 0.927979
vn 0.166826 0.277540 0.946119
vn 0.083732 0.277540 0.957058
vn 0.000000 0.277540 0.960714
vn -0.083732 0.277540 0.957058
vn -0.166826 0.277540 0.946119
vn -0.248651 0.277540 0.927979
vn -0.328584 0.277540 0.902776
vn -0.406015 0.277540 0.870703
vn -0.480357 0.277540 0.832003
vn -0.551043 0.277540 0.786971
vn -0.617535 0.277540 0.735950
vn -0.679328 0.277540 0.679328
vn -0.735950 0.277540 0.617535
vn -0.786971 0.277540 0.551043
vn -0.832003 0.277540 0.480357
vn -0.870703 0.277540 0.406015
vn -0.902776 0.277540 0.328584
vn -0.927979 0.277540 0.248651
vn -0.946119 0.277540 0.166826
vn -0.957058 0.277540 0.083732
vn -0.960714 0.277540 0.000000
vn -0.957058 0.277540 -0.083732
vn -0.946119 0.277540 -0.166826
vn -0.927979 0.277540 -0.248651
vn -0.902776 0.277540 -0.328584
vn -0.870703 0.277540 -0.406015
vn -0.832003 0.277540 -0.480357
vn -0.786971 0.277540 -0.551043
vn -0.735950 0.277540 -0.617535
vn -0.679328 0.277540 -0.679328
vn -0.617535 0.277540 -0.735950
vn -0.551043 0.277540 -0.786971
vn -0.480357 0.277540 -0.832003
vn -0.406015 0.277540 -0.870703
vn -0.328584 0.277540 -0.902776
vn -0.248651 0.277540 -0.927979
vn -0.166826 0.277540 -0.946119
vn -0.083732 0.277540 -0.957058
vn -0.000000 0.277540 -0.960714
vn 0.083732 0.277540 -0.957058
vn 0.166826 0.277540 -0.946119
vn 0.248651 0.277540 -0.927979
vn 0.328584 0.277540 -0.902776
vn 0.406015 0.277540 -0.870703
vn 0.480357 0.277540 -0.832003
vn 0.551043 0.277540 -0.786971
vn 0.617535 0.277540 -0.735950
vn 0.679328 0.277540 -0.679328
vn 0.735950 0.277540 -0.617535
vn 0.786971 0.277540 -0.551043
vn 0.832003 0.277540 -0.480357
vn 0.870703 0.277540 -0.406015
vn 0.902776 0.277540 -0.328584
vn 0.927979 0.277540 -0.248651
vn 0.946119 0.277540 -0.166826
vn 0.957058 0.277540 -0.083732
vn 0.999688 0.024992 0.000000
vn 0.995884 0.024992 0.087129
vn 0.984500 0.024992 0.173594
vn 0.965624 0.024992 0.258738
vn 0.939399 0.024992 0.341913
vn 0.906025 0.024992 0.422486
vn 0.865755 0.024992 0.499844
vn 0.818896 0.024992 0.573397
vn 0.765805 0.024992 0.642587
vn 0.706886 0.024992 0.706886
vn 0.642587 0.024992 0.765805
vn 0.573397 0.024992 0.818896
vn 0.499844 0.024992 0.865755
vn 0.422486 0.024992 0.906025
vn 0.341913 0.024992 0.939399
vn 0.258738 0.024992 0.965624
vn 0.173594 0.024992 0.984500
vn 0.087129 0.024992 0.995884
vn 0.000000 0.024992 0.999688
vn -0.087129 0.024992 0.995884
vn -0.173594 0.024992 0.984500
vn -0.258738 0.024992 0.965624
vn -0.341913 0.024992 0.939399
vn -0.422486 0.024992 0.906025
vn -0.499844 0.024992 0.865755
vn -0.573397 0.024992 0.818896
vn -0.642587 0.024992 0.765805
vn -0.706886 0.024992 0.706886
vn -0.765805 0.024992 0.642587
vn -0.818896 0.024992 0.573397
vn -0.865755 0.024992 0.499844
vn -0.906025 0.024992 0.422486
vn -0.939399 0.024992 0.341913
vn -0.965624 0.024992 0.258738
vn -0.984500 0.024992 0.173594
vn -0.995884 0.024992 0.087129
vn -0.999688 0.024992 0.000000
vn -0.995884 0.024992 -0.087129
vn -0.984500 0.024992 -0.173594
vn -0.965624 0.024992 -0.258738
vn -0.939399 0.024992 -0.341913
vn -0.906025 0.024992 -0.422486
vn -0.865755 0.024992 -0.499844
vn -0.818896 0.024992 -0.573397
vn -0.765805 0.024992 -0.642587
vn -0.706886 0.024992 -0.706886
vn -0.642587 0.024992 -0.765805
vn -0.573397 0.024992 -0.818896
vn -0.499844 0.024992 -0.865755
vn -0.422486 0.024992 -0.906025
vn -0.341913 0.024992 -0.939399
vn -0.258738 0.024992 -0.965624
vn -0.173594 0.024992 -0.984500
vn -0.087129 0.024992 -0.995884
vn -0.000000 0.024992 -0.999688
vn 0.087129 0.024992 -0.995884
vn 0.173594 0.024992 -0.984500
vn 0.258738 0.024992 -0.965624
vn 0.341913 0.024992 -0.939399
vn 0.422486 0.024992 -0.906025
vn 0.499844 0.024992 -0.865755
vn 0.573397 0.024992 -0.818896
vn 0.642587 0.024992 -0.765805
vn 0.706886 0.024992 -0.706886
vn 0.765805 0.024992 -0.642587
vn 0.818896 0.024992 -0.573397
vn 0.865755 0.024992 -0.499844
vn 0.906025 0.024992 -0.422486
vn 0.939399 0.024992 -0.341913
vn 0.965624 0.024992 -0.258738
vn 0.984500 0.024992 -0.173594
vn 0.995884 0.024992 -0.087129
vn 0.777245 -0.629198 0.000000
vn 0.774287 -0.629198 0.067741
vn 0.765437 -0.629198 0.134967
vn 0.750761 -0.629198 0.201166
vn 0.730371 -0.629198 0.265833
vn 0.704423 -0.629198 0.328478
vn 0.673114 -0.629198 0.388622
vn 0.636682 -0.629198 0.445809
vn 0.595404 -0.629198 0.499603
vn 0.549595 -0.629198 0.549595
vn 0.499603 -0.629198 0.595404
vn 0.445809 -0.629198 0.636682
vn 0.388622 -0.629198 0.673114
vn 0.328478 -0.629198 0.704423
vn 0.265833 -0.629198 0.730371
vn 0.201166 -0.629198 0.750761
vn 0.134967 -0.629198 0.765437
vn 0.067741 -0.629198 0.774287
vn 0.000000 -0.629198 0.777245
vn -0.067741 -0.629198 0.774287
vn -0.134967 -0.629198 0.765437
vn -0.201166 -0.629198 0.750761
vn -0.265833 -0.629198 0.730371
vn -0.328478 -0.629198 0.704423
vn -0.388622 -0.629198 0.673114
vn -0.445809 -0.629198 0.636682
vn -0.499603 -0.629198 0.595404
vn -0.549595 -0.629198 0.549595
vn -0.595404 -0.629198 0.499603
vn -0.636682 -0.629198 0.445809
vn -0.673114 -0.629198 0.388622
vn -0.704423 -0.629198 0.328478
vn -0.730371 -0.629198 0.265833
vn -0.750761 -0.629198 0.201166
vn -0.765437 -0.629198 0.134967
vn -0.774287 -0.629198 0.067741
vn -0.777245 -0.629198 0.000000
vn -0.774287 -0.629198 -0.067741
vn -0.765437 -0.629198 -0.134967
vn -0.750761 -0.629198 -0.201166
vn -0.730371 -0.629198 -0.265833
vn -0.704423 -0.629198 -0.328478
vn -0.673114 -0.629198 -0.388622
vn -0.636682 -0.629198 -0.445809
vn -0.595404 -0.629198 -0.499603
vn -0.549595 -0.629198 -0.549595
vn -0.499603 -0.629198 -0.595404
vn -0.445809 -0.629198 -0.636682
vn -0.388622 -0.629198 -0.673114
vn -0.328478 -0.629198 -0.704423
vn -0.265833 -0.629198 -0.730371
vn -0.201166 -0.629198 -0.750761
vn -0.134967 -0.629198 -0.765437
vn -0.067741 -0.629198 -0.774287
vn -0.000000 -0.629198 -0.777245
vn 0.067741 -0.629198 -0.774287
vn 0.134967 -0.629198 -0.765437
vn 0.201166 -0.629198 -0.750761
vn 0.265833 -0.629198 -0.730371
vn 0.328478 -0.629198 -0.704423
vn 0.388622 -0.629198 -0.673114
vn 0.445809 -0.629198 -0.636682
vn 0.499603 -0.629198 -0.595404
vn 0.549595 -0.629198 -0.549595
vn 0.595404 -0.629198 -0.499603
vn 0.636682 -0.629198 -0.445809
vn 0.673114 -0.629198 -0.388622
vn 0.704423 -0.629198 -0.328478
vn 0.730371 -0.629198 -0.265833
vn 0.750761 -0.629198 -0.201166
vn 0.765437 -0.629198 -0.134967
vn 0.774287 -0.629198 -0.067741
vn 0.682318 -0.731055 0.000000
vn 0.679722 -0.731055 0.059468
vn 0.671952 -0.731055 0.118483
vn 0.659069 -0.731055 0.176597
vn 0.641169 -0.731055 0.233367
vn 0.618390 -0.731055 0.288360
vn 0.590905 -0.731055 0.341159
vn 0.558922 -0.731055 0.391362
vn 0.522686 -0.731055 0.438586
vn 0.482472 -0.731055 0.482472
vn 0.438586 -0.731055 0.522686
vn 0.391362 -0.731055 0.558922
vn 0.341159 -0.731055 0.590905
vn 0.288360 -0.731055 0.618390
vn 0.233367 -0.731055 0.641169
vn 0.176597 -0.731055 0.659069
vn 0.118483 -0.731055 0.671952
vn 0.059468 -0.731055 0.679722
vn 0.000000 -0.731055 0.682318
vn -0.059468 -0.731055 0.679722
vn -0.118483 -0.731055 0.671952
vn -0.176597 -0.731055 0.659069
vn -0.233367 -0.731055 0.641169
vn -0.288360 -0.731055 0.618390
vn -0.341159 -0.731055 0.590905
vn -0.391362 -0.731055 0.558922
vn -0.438586 -0.731055 0.522686
vn -0.482472 -0.731055 0.482472
vn -0.522686 -0.731055 0.438586
vn -0.558922 -0.731055 0.391362
vn -0.590905 -0.731055 0.341159
vn -0.618390 -0.731055 0.288360
vn -0.641169 -0.731055 0.233367
vn -0.659069 -0.731055 0.176597
vn -0.671952 -0.731055 0.118483
vn -0.679722 -0.731055 0.059468
vn -0.682318 -0.731055 0.000000
vn -0.679722 -0.731055 -0.059468
vn -0.671952 -0.731055 -0.118483
vn -0.659069 -0.731055 -0.176597
vn -0.641169 -0.731055 -0.233367
vn -0.618390 -0.731055 -0.288360
vn -0.590905 -0.731055 -0.341159
vn -0.558922 -0.731055 -0.391362
vn -0.522686 -0.731055 -0.438586
vn -0.482472 -0.731055 -0.482472
vn -0.438586 -0.731055 -0.522686
vn -0.391362 -0.731055 -0.558922
vn -0.341159 -0.731055 -0.590905
vn -0.288360 -0.731055 -0.618390
vn -0.233367 -0.731055 -0.641169
vn -0.176597 -0.731055 -0.659069
vn -0.118483 -0.731055 -0.671952
vn -0.059468 -0.731055 -0.679722
vn -0.000000 -0.731055 -0.682318
vn 0.059468 -0.731055 -0.679722
vn 0.118483 -0.731055 -0.671952
vn 0.176597 -0.731055 -0.659069
vn 0.233367 -0.731055 -0.641169
vn 0.288360 -0.731055 -0.618390
vn 0.341159 -0.731055 -0.590905
vn 0.391362 -0.731055 -0.558922
vn 0.438586 -0.731055 -0.522686
vn 0.482472 -0.731055 -0.482472
vn 0.522686 -0.731055 -0.438586
vn 0.558922 -0.731055 -0.391362
vn 0.590905 -0.731055 -0.341159
vn 0.618390 -0.731055 -0.288360
vn 0.641169 -0.731055 -0.233367
vn 0.659069 -0.731055 -0.176597
vn 0.671952 -0.731055 -0.118483
vn 0.679722 -0.731055 -0.059468
vn 0.792624 0.609711 0.000000
vn 0.789608 0.609711 0.069082
vn 0.780582 0.609711 0.137638
vn 0.765616 0.609711 0.205146
vn 0.744823 0.609711 0.271093
vn 0.718361 0.609711 0.334977
vn 0.686433 0.609711 0.396312
vn 0.649280 0.609711 0.454630
vn 0.607185 0.609711 0.509489
vn 0.560470 0.609711 0.560470
vn 0.509489 0.609711 0.607185
vn 0.454630 0.609711 0.649280
vn 0.396312 0.609711 0.686433
vn 0.334977 0.609711 0.718361
vn 0.271093 0.609711 0.744823
vn 0.205146 0.609711 0.765616
vn 0.137638 0.609711 0.780582
vn 0.069082 0.609711 0.789608
vn 0.000000 0.609711 0.792624
vn -0.069082 0.609711 0.789608
vn -0.137638 0.609711 0.780582
vn -0.205146 0.609711 0.765616
vn -0.271093 0.609711 0.744823
vn -0.334977 0.609711 0.718361
vn -0.396312 0.609711 0.686433
vn -0.454630 0.609711 0.649280
vn -0.509489 0.609711 0.607185
vn -0.560470 0.609711 0.560470
vn -0.607185 0.609711 0.509489
vn -0.649280 0.609711 0.454630
vn -0.686433 0.609711 0.396312
vn -0.718361 0.609711 0.334977
vn -0.744823 0.609711 0.271093
vn -0.765616 0.609711 0.205146
vn -0.780582 0.609711 0.137638
vn -0.789608 0.609711 0.069082
vn -0.792624 0.609711 0.000000
vn -0.789608 0.609711 -0.069082
vn -0.780582 0.609711 -0.137638
vn -0.765616 0.609711 -0.205146
vn -0.744823 0.609711 -0.271093
vn -0.718361 0.609711 -0.334977
vn -0.686433 0.609711 -0.396312
vn -0.649280 0.609711 -0.454630
vn -0.607185 0.609711 -0.509489
vn -0.560470 0.609711 -0.560470
vn -0.509489 0.609711 -0.607185
vn -0.454630 0.609711 -0.649280
vn -0.396312 0.609711 -0.686433
vn -0.334977 0.609711 -0.718361
vn -0.271093 0.609711 -0.744823
vn -0.205146 0.609711 -0.765616
vn -0.137638 0.609711 -0.780582
vn -0.069082 0.609711 -0.789608
vn -0.000000 0.609711 -0.792624
vn 0.069082 0.609711 -0.789608
vn 0.137638 0.609711 -0.780582
vn 0.205146 0.609711 -0.765616
vn 0.271093 0.609711 -0.744823
vn 0.334977 0.609711 -0.718361
vn 0.396312 0.609711 -0.686433
vn 0.454630 0.609711 -0.649280
vn 0.509489 0.609711 -0.607185
vn 0.560470 0.609711 -0.560470
vn 0.607185 0.609711 -0.509489
vn 0.649280 0.609711 -0.454630
vn 0.686433 0.609711 -0.396312
vn 0.718361 0.609711 -0.334977
vn 0.744823 0.609711 -0.271093
vn 0.765616 0.609711 -0.205146
vn 0.780582 0.609711 -0.137638
vn 0.789608 0.609711 -0.069082
vn 0.447214 0.894427 0.000000
vn 0.445512 0.894427 0.038977
vn 0.440419 0.894427 0.077658
vn 0.431975 0.894427 0.115747
vn 0.420243 0.894427 0.152956
vn 0.405313 0.894427 0.189001
vn 0.387298 0.894427 0.223607
vn 0.366336 0.894427 0.256511
vn 0.342585 0.894427 0.287463
vn 0.316228 0.894427 0.316228
vn 0.287463 0.894427 0.342585
vn 0.256511 0.894427 0.366336
vn 0.223607 0.894427 0.387298
vn 0.189001 0.894427 0.405313
vn 0.152956 0.894427 0.420243
vn 0.115747 0.894427 0.431975
vn 0.077658 0.894427 0.440419
vn 0.038977 0.894427 0.445512
vn 0.000000 0.894427 0.447214
vn -0.038977 0.894427 0.445512
vn -0.077658 0.894427 0.440419
vn -0.115747 0.894427 0.431975
vn -0.152956 0.894427 0.420243
vn -0.189001 0.894427 0.405313
vn -0.223607 0.894427 0.387298
vn -0.256511 0.894427 0.366336
vn -0.287463 0.894427 0.342585
vn -0.316228 0.894427 0.316228
vn -0.342585 0.894427 0.287463
vn -0.366336 0.894427 0.256511
vn -0.387298 0.894427 0.223607
vn -0.405313 0.894427 0.189001
vn -0.420243 0.894427 0.152956
vn -0.431975 0.894427 0.115747
vn -0.440419 0.894427 0.077658
vn -0.445512 0.894427 0.038977
vn -0.447214 0.894427 0.000000
vn -0.445512 0.894427 -0.038977
vn -0.440419 0.894427 -0.077658
vn -0.431975 0.894427 -0.115747
vn -0.420243 0.894427 -0.152956
vn -0.405313 0.894427 -0.189001
vn -0.387298 0.894427 -0.223607
vn -0.366336 0.894427 -0.256511
vn -0.342585 0.894427 -0.287463
vn -0.316228 0.894427 -0.316228
vn -0.287463 0.894427 -0.342585
vn -0.256511 0.894427 -0.366336
vn -0.223607 0.894427 -0.387298
vn -0.189001 0.894427 -0.405313
vn -0.152956 0.894427 -0.420243
vn -0.115747 0.894427 -0.431975
vn -0.077658 0.894427 -0.440419
vn -0.038977 0.894427 -0.445512
vn -0.000000 0.894427 -0.447214
vn 0.038977 0.894427 -0.445512
vn 0.077658 0.894427 -0.440419
vn 0.115747 0.894427 -0.431975
vn 0.152956 0.894427 -0.420243
vn 0.189001 0.894427 -0.405313
vn 0.223607 0.894427 -0.387298
vn 0.256511 0.894427 -0.366336
vn 0.287463 0.894427 -0.342585
vn 0.316228 0.894427 -0.316228
vn 0.342585 0.894427 -0.287463
vn 0.366336 0.894427 -0.256511
vn 0.387298 0.894427 -0.223607
vn 0.405313 0.894427 -0.189001
vn 0.420243 0.894427 -0.152956
vn 0.431975 0.894427 -0.115747
vn 0.440419 0.894427 -0.077658
vn 0.445512 0.894427 -0.038977
vn 0.000000 -1.000000 0.000000
vn 0.000000 -1.000000 0.000000
vn 0.000000 -1.000000 0.000000
vn 0.000000 -1.000000 0.000000
vn 0.000000 -1.000000 0.000000
vn 0.000000 -1.000000 0.000000
vn 0.000000 -1.000000 0.000000
vn 0.000000 -1.000000 0.000000
vn 0.000000 -1.000000 0.000000
vn 0.000000 -1.000000 0.000000
vn 0.000000 -1.000000 0.000000
vn 0.000000 -1.000000 0.000000
vn 0.000000 -1.000000 0.000000
vn 0.000000 -1.000000 0.000000
vn 0.000000 -1.000000 0.000000
vn 0.000000 -1.000000 0.000000
vn 0.000000 -1.000000 0.000000
vn 0.000000 -1.000000 0.000000
vn 0.000000 -1.000000 0.000000
vn 0.000000 -1.000000 0.000000
vn 0.000000 -1.000000 0.000000
vn 0.000000 -1.000000 0.000000
vn 0.000000 -1.000000 0.000000
vn 0.000000 -1.000000 0.000000
vn 0.000000 -1.000000 0.000000
vn 0.000000 -1.000000 0.000000
vn 0.000000 -1.000000 0.000000
vn 0.000000 -1.000000 0.000000
vn 0.000000 -1.000000 0.000000
vn 0.000000 -1.000000 0.000000
vn 0.000000 -1.000000 0.000000
vn 0.000000 -1.000000 0.000000
vn 0.000000 -1.000000 0.000000
vn 0.000000 -1.000000 0.000000
vn 0.000000 -1.000000 0.000000
vn 0.000000 -1.000000 0.000000
vn 0.000000 -1.000000 0.000000
vn 0.000000 -1.000000 0.000000
vn 0.000000 -1.000000 0.000000
vn 0.000000 -1.000000 0.000000
vn 0.000000 -1.000000 0.000000
vn 0.000000 -1.000000 0.000000
vn 0.000000 -1.000000 0.000000
vn 0.000000 -1.000000 0.000000
vn 0.000000 -1.000000 0.000000
vn 0.000000 -1.000000 0.000000
vn 0.000000 -1.000000 0.000000
vn 0.000000 -1.000000 0.000000
vn 0.000000 -1.000000 0.000000
vn 0.000000 -1.000000 0.000000
vn 0.000000 -1.000000 0.000000
vn 0.000000 -1.000000 0.000000
vn 0.000000 -1.000000 0.000000
vn 0.000000 -1.000000 0.000000
vn 0.000000 -1.000000 0.000000
vn 0.000000 -1.000000 0.000000
vn 0.000000 -1.000000 0.000000
vn 0.000000 -1.000000 0.000000
vn 0.000000 -1.000000 0.000000
vn 0.000000 -1.000000 0.000000
vn 0.000000 -1.000000 0.000000
vn 0.000000 -1.000000 0.000000
vn 0.000000 -1.000000 0.000000
vn 0.000000 -1.000000 0.000000
vn 0.000000 -1.000000 0.000000
vn 0.000000 -1.000000 0.000000
vn 0.000000 -1.000000 0.000000
vn 0.000000 -1.000000 0.000000
vn 0.000000 -1.000000 0.000000
vn 0.000000 -1.000000 0.000000
vn 0.000000 -1.000000 0.000000
vn 0.000000 -1.000000 0.000000
vn 0.000000 -1.000000 0.000000
vn 0.000000 1.000000 0.000000
vn 0.000000 1.000000 0.000000
vn 0.000000 1.000000 0.000000
vn 0.000000 1.000000 0.000000
vn 0.000000 1.000000 0.000000
vn 0.000000 1.000000 0.000000
vn 0.000000 1.000000 0.000000
vn 0.000000 1.000000 0.000000
vn 0.000000 1.000000 0.000000
vn 0.000000 1.000000 0.000000
vn 0.000000 1.000000 0.000000
vn 0.000000 1.000000 0.000000
vn 0.000000 1.000000 0.000000
vn 0.000000 1.000000 0.000000
vn 0.000000 1.000000 0.000000
vn 0.000000 1.000000 0.000000
vn 0.000000 1.000000 0.000000
vn 0.000000 1.000000 0.000000
vn 0.000000 1.000000 0.000000
vn 0.000000 1.000000 0.000000
vn 0.000000 1.000000 0.000000
vn 0.000000 1.000000 0.000000
vn 0.000000 1.000000 0.000000
vn 0.000000 1.000000 0.000000
vn 0.000000 1.000000 0.000000
vn 0.000000 1.000000 0.000000
vn 0.000000 1.000000 0.000000
vn 0.000000 1.000000 0.000000
vn 0.000000 1.000000 0.000000
vn 0.000000 1.000000 0.000000
vn 0.000000 1.000000 0.000000
vn 0.000000 1.000000 0.000000
vn 0.000000 1.000000 0.000000
vn 0.000000 1.000000 0.000000
vn 0.000000 1.000000 0.000000
vn 0.000000 1.000000 0.000000
vn 0.000000 1.000000 0.000000
vn 0.000000 1.000000 0.000000
vn 0.000000 1.000000 0.000000
vn 0.000000 1.000000 0.000000
vn 0.000000 1.000000 0.000000
vn 0.000000 1.000000 0.000000
vn 0.000000 1.000000 0.000000
vn 0.000000 1.000000 0.000000
vn 0.000000 1.000000 0.000000
vn 0.000000 1.000000 0.000000
vn 0.000000 1.000000 0.000000
vn 0.000000 1.000000 0.000000
vn 0.000000 1.000000 0.000000
vn 0.000000 1.000000 0.000000
vn 0.000000 1.000000 0.000000
vn 0.000000 1.000000 0.000000
vn 0.000000 1.000000 0.000000
vn 0.000000 1.000000 0.000000
vn 0.000000 1.000000 0.000000
vn 0.000000 1.000000 0.000000
vn 0.000000 1.000000 0.000000
vn 0.000000 1.000000 0.000000
vn 0.000000 1.000000 0.000000
vn 0.000000 1.000000 0.000000
vn 0.000000 1.000000 0.000000
vn 0.000000 1.000000 0.000000
vn 0.000000 1.000000 0.000000
vn 0.000000 1.000000 0.000000
vn 0.000000 1.000000 0.000000
vn 0.000000 1.000000 0.000000
vn 0.000000 1.000000 0.000000
vn 0.000000 1.000000 0.000000
vn 0.000000 1.000000 0.000000
vn 0.000000 1.000000 0.000000
vn 0.000000 1.000000 0.000000
vn 0.000000 1.000000 0.000000
vn 0.000000 1.000000 0.000000
vn 0.000000 1.000000 0.000000
vn 0.000000 1.000000 0.000000
vn 0.000000 1.000000 0.000000
vn 0.000000 1.000000 0.000000
vn 0.000000 1.000000 0.000000
vn 0.000000 1.000000 0.000000
vn 0.000000 1.000000 0.000000
vn 0.000000 1.000000 0.000000
vn 0.000000 1.000000 0.000000
vn 0.000000 1.000000 0.000000
vn 0.000000 1.000000 0.000000
vn 0.000000 1.000000 0.000000
vn 0.000000 1.000000 0.000000
vn 0.000000 1.000000 0.000000
vn 0.000000 1.000000 0.000000
vn 0.000000 1.000000 0.000000
vn 0.000000 1.000000 0.000000
vn 0.000000 1.000000 0.000000
vn 0.000000 1.000000 0.000000
vn -0.000000 1.000000 0.000000
vn -0.000000 1.000000 0.000000
vn -0.000000 1.000000 0.000000
vn -0.000000 1.000000 0.000000
vn -0.000000 1.000000 0.000000
vn -0.000000 1.000000 0.000000
vn -0.000000 1.000000 0.000000
vn -0.000000 1.000000 0.000000
vn -0.000000 1.000000 0.000000
vn -0.000000 1.000000 0.000000
vn -0.000000 1.000000 0.000000
vn -0.000000 1.000000 0.000000
vn -0.000000 1.000000 0.000000
vn -0.000000 1.000000 0.000000
vn -0.000000 1.000000 0.000000
vn -0.000000 1.000000 0.000000
vn -0.000000 1.000000 0.000000
vn -0.000000 1.000000 0.000000
vn -0.000000 1.000000 -0.000000
vn -0.000000 1.000000 -0.000000
vn -0.000000 1.000000 -0.000000
vn -0.000000 1.000000 -0.000000
vn -0.000000 1.000000 -0.000000
vn -0.000000 1.000000 -0.000000
vn -0.000000 1.000000 -0.000000
vn -0.000000 1.000000 -0.000000
vn -0.000000 1.000000 -0.000000
vn -0.000000 1.000000 -0.000000
vn -0.000000 1.000000 -0.000000
vn -0.000000 1.000000 -0.000000
vn -0.000000 1.000000 -0.000000
vn -0.000000 1.000000 -0.000000
vn -0.000000 1.000000 -0.000000
vn -0.000000 1.000000 -0.000000
vn -0.000000 1.000000 -0.000000
vn -0.000000 1.000000 -0.000000
vn 0.000000 1.000000 -0.000000
vn 0.000000 1.000000 -0.000000
vn 0.000000 1.000000 -0.000000
vn 0.000000 1.000000 -0.000000
vn 0.000000 1.000000 -0.000000
vn 0.000000 1.000000 -0.000000
vn 0.000000 1.000000 -0.000000
vn 0.000000 1.000000 -0.000000
vn 0.000000 1.000000 -0.000000
vn 0.000000 1.000000 -0.000000
vn 0.000000 1.000000 -0.000000
vn 0.000000 1.000000 -0.000000
vn 0.000000 1.000000 -0.000000
vn 0.000000 1.000000 -0.000000
vn 0.000000 1.000000 -0.000000
vn 0.000000 1.000000 -0.000000
vn 0.000000 1.000000 -0.000000
vn 0.164051 0.986452 0.000000
vn 0.163426 0.986452 0.014298
vn 0.161558 0.986452 0.028487
vn 0.158461 0.986452 0.042459
vn 0.154157 0.986452 0.056109
vn 0.148680 0.986452 0.069331
vn 0.142072 0.986452 0.082025
vn 0.134382 0.986452 0.094096
vn 0.125670 0.986452 0.105450
vn 0.116001 0.986452 0.116001
vn 0.105450 0.986452 0.125670
vn 0.094096 0.986452 0.134382
vn 0.082025 0.986452 0.142072
vn 0.069331 0.986452 0.148680
vn 0.056109 0.986452 0.154157
vn 0.042459 0.986452 0.158461
vn 0.028487 0.986452 0.161558
vn 0.014298 0.986452 0.163426
vn 0.000000 0.986452 0.164051
vn -0.014298 0.986452 0.163426
vn -0.028487 0.986452 0.161558
vn -0.042459 0.986452 0.158461
vn -0.056109 0.986452 0.154157
vn -0.069331 0.986452 0.148680
vn -0.082025 0.986452 0.142072
vn -0.094096 0.986452 0.134382
vn -0.105450 0.986452 0.125670
vn -0.116001 0.986452 0.116001
vn -0.125670 0.986452 0.105450
vn -0.134382 0.986452 0.094096
vn -0.142072 0.986452 0.082025
vn -0.148680 0.986452 0.069331
vn -0.154157 0.986452 0.056109
vn -0.158461 0.986452 0.042459
vn -0.161558 0.986452 0.028487
vn -0.163426 0.986452 0.014298
vn -0.164051 0.986452 0.000000
vn -0.163426 0.986452 -0.014298
vn -0.161558 0.986452 -0.028487
vn -0.158461 0.986452 -0.042459
vn -0.154157 0.986452 -0.056109
vn -0.148680 0.986452 -0.069331
vn -0.142072 0.986452 -0.082025
vn -0.134382 0.986452 -0.094096
vn -0.125670 0.986452 -0.105450
vn -0.116001 0.986452 -0.116001
vn -0.105450 0.986452 -0.125670
vn -0.094096 0.986452 -0.134382
vn -0.082025 0.986452 -0.142072
vn -0.069331 0.986452 -0.148680
vn -0.056109 0.986452 -0.154157
vn -0.042459 0.986452 -0.158461
vn -0.028487 0.986452 -0.161558
vn -0.014298 0.986452 -0.163426
vn -0.000000 0.986452 -0.164051
vn 0.014298 0.986452 -0.163426
vn 0.028487 0.986452 -0.161558
vn 0.042459 0.986452 -0.158461
vn 0.056109 0.986452 -0.154157
vn 0.069331 0.986452 -0.148680
vn 0.082025 0.986452 -0.142072
vn 0.094096 0.986452 -0.134382
vn 0.105450 0.986452 -0.125670
vn 0.116001 0.986452 -0.116001
vn 0.125670 0.986452 -0.105450
vn 0.134382 0.986452 -0.094096
vn 0.142072 0.986452 -0.082025
vn 0.148680 0.986452 -0.069331
vn 0.154157 0.986452 -0.056109
vn 0.158461 0.986452 -0.042459
vn 0.161558 0.986452 -0.028487
vn 0.163426 0.986452 -0.014298
vn 0.322891 0.946436 0.000000
vn 0.321663 0.946436 0.028142
vn 0.317986 0.946436 0.056070
vn 0.311889 0.946436 0.083570
vn 0.303419 0.946436 0.110435
vn 0.292639 0.946436 0.136460
vn 0.279632 0.946436 0.161446
vn 0.264497 0.946436 0.185203
vn 0.247349 0.946436 0.207551
vn 0.228319 0.946436 0.228319
vn 0.207551 0.946436 0.247349
vn 0.185203 0.946436 0.264497
vn 0.161446 0.946436 0.279632
vn 0.136460 0.946436 0.292639
vn 0.110435 0.946436 0.303419
vn 0.083570 0.946436 0.311889
vn 0.056070 0.946436 0.317986
vn 0.028142 0.946436 0.321663
vn 0.000000 0.946436 0.322891
vn -0.028142 0.946436 0.321663
vn -0.056070 0.946436 0.317986
vn -0.083570 0.946436 0.311889
vn -0.110435 0.946436 0.303419
vn -0.136460 0.946436 0.292639
vn -0.161446 0.946436 0.279632
vn -0.185203 0.946436 0.264497
vn -0.207551 0.946436 0.247349
vn -0.228319 0.946436 0.228319
vn -0.247349 0.946436 0.207551
vn -0.264497 0.946436 0.185203
vn -0.279632 0.946436 0.161446
vn -0.292639 0.946436 0.136460
vn -0.303419 0.946436 0.110435
vn -0.311889 0.946436 0.083570
vn -0.317986 0.946436 0.056070
vn -0.321663 0.946436 0.028142
vn -0.322891 0.946436 0.000000
vn -0.321663 0.946436 -0.028142
vn -0.317986 0.946436 -0.056070
vn -0.311889 0.946436 -0.083570
vn -0.303419 0.946436 -0.110435
vn -0.292639 0.946436 -0.136460
vn -0.279632 0.946436 -0.161446
vn -0.264497 0.946436 -0.185203
vn -0.247349 0.946436 -0.207551
vn -0.228319 0.946436 -0.228319
vn -0.207551 0.946436 -0.247349
vn -0.185203 0.946436 -0.264497
vn -0.161446 0.946436 -0.279632
vn -0.136460 0.946436 -0.292639
vn -0.110435 0.946436 -0.303419
vn -0.083570 0.946436 -0.311889
vn -0.056070 0.946436 -0.317986
vn -0.028142 0.946436 -0.321663
vn -0.000000 0.946436 -0.322891
vn 0.028142 0.946436 -0.321663
vn 0.056070 0.946436 -0.317986
vn 0.083570 0.946436 -0.311889
vn 0.110435 0.946436 -0.303419
vn 0.136460 0.946436 -0.292639
vn 0.161446 0.946436 -0.279632
vn 0.185203 0.946436 -0.264497
vn 0.207551 0.946436 -0.247349
vn 0.228319 0.946436 -0.228319
vn 0.247349 0.946436 -0.207551
vn 0.264497 0.946436 -0.185203
vn 0.279632 0.946436 -0.161446
vn 0.292639 0.946436 -0.136460
vn 0.303419 0.946436 -0.110435
vn 0.311889 0.946436 -0.083570
vn 0.317986 0.946436 -0.056070
vn 0.321663 0.946436 -0.028142
vn 0.471733 0.881741 0.000000
vn 0.469938 0.881741 0.041114
vn 0.464566 0.881741 0.081916
vn 0.455659 0.881741 0.122094
vn 0.443284 0.881741 0.161342
vn 0.427535 0.881741 0.199363
vn 0.408533 0.881741 0.235867
vn 0.386421 0.881741 0.270575
vn 0.361369 0.881741 0.303224
vn 0.333566 0.881741 0.333566
vn 0.303224 0.881741 0.361369
vn 0.270575 0.881741 0.386421
vn 0.235867 0.881741 0.408533
vn 0.199363 0.881741 0.427535
vn 0.161342 0.881741 0.443284
vn 0.122094 0.881741 0.455659
vn 0.081916 0.881741 0.464566
vn 0.041114 0.881741 0.469938
vn 0.000000 0.881741 0.471733
vn -0.041114 0.881741 0.469938
vn -0.081916 0.881741 0.464566
vn -0.122094 0.881741 0.455659
vn -0.161342 0.881741 0.443284
vn -0.199363 0.881741 0.427535
vn -0.235867 0.881741 0.408533
vn -0.270575 0.881741 0.386421
vn -0.303224 0.881741 0.361369
vn -0.333566 0.881741 0.333566
vn -0.361369 0.881741 0.303224
vn -0.386421 0.881741 0.270575
vn -0.408533 0.881741 0.235867
vn -0.427535 0.881741 0.199363
vn -0.443284 0.881741 0.161342
vn -0.455659 0.881741 0.122094
vn -0.464566 0.881741 0.081916
vn -0.469938 0.881741 0.041114
vn -0.471733 0.881741 0.000000
vn -0.469938 0.881741 -0.041114
vn -0.464566 0.881741 -0.081916
vn -0.455659 0.881741 -0.122094
vn -0.443284 0.881741 -0.161342
vn -0.427535 0.881741 -0.199363
vn -0.408533 0.881741 -0.235867
vn -0.386421 0.881741 -0.270575
vn -0.361369 0.881741 -0.303224
vn -0.333566 0.881741 -0.333566
vn -0.303224 0.881741 -0.361369
vn -0.270575 0.881741 -0.386421
vn -0.235867 0.881741 -0.408533
vn -0.199363 0.881741 -0.427535
vn -0.161342 0.881741 -0.443284
vn -0.122094 0.881741 -0.455659
vn -0.081916 0.881741 -0.464566
vn -0.041114 0.881741 -0.469938
vn -0.000000 0.881741 -0.471733
vn 0.041114 0.881741 -0.469938
vn 0.081916 0.881741 -0.464566
vn 0.122094 0.881741 -0.455659
vn 0.161342 0.881741 -0.443284
vn 0.199363 0.881741 -0.427535
vn 0.235867 0.881741 -0.408533
vn 0.270575 0.881741 -0.386421
vn 0.303224 0.881741 -0.361369
vn 0.333566 0.881741 -0.333566
vn 0.361369 0.881741 -0.303224
vn 0.386421 0.881741 -0.270575
vn 0.408533 0.881741 -0.235867
vn 0.427535 0.881741 -0.199363
vn 0.443284 0.881741 -0.161342
vn 0.455659 0.881741 -0.122094
vn 0.464566 0.881741 -0.081916
vn 0.469938 0.881741 -0.041114
vn 0.606528 0.795062 0.000000
vn 0.604220 0.795062 0.052862
vn 0.597314 0.795062 0.105323
vn 0.585862 0.795062 0.156981
vn 0.569950 0.795062 0.207445
vn 0.549701 0.795062 0.256330
vn 0.525269 0.795062 0.303264
vn 0.496839 0.795062 0.347890
vn 0.464628 0.795062 0.389869
vn 0.428880 0.795062 0.428880
vn 0.389869 0.795062 0.464628
vn 0.347890 0.795062 0.496839
vn 0.303264 0.795062 0.525269
vn 0.256330 0.795062 0.549701
vn 0.207445 0.795062 0.569950
vn 0.156981 0.795062 0.585862
vn 0.105323 0.795062 0.597314
vn 0.052862 0.795062 0.604220
vn 0.000000 0.795062 0.606528
vn -0.052862 0.795062 0.604220
vn -0.105323 0.795062 0.597314
vn -0.156981 0.795062 0.585862
vn -0.207445 0.795062 0.569950
vn -0.256330 0.795062 0.549701
vn -0.303264 0.795062 0.525269
vn -0.347890 0.795062 0.496839
vn -0.389869 0.795062 0.464628
vn -0.428880 0.795062 0.428880
vn -0.464628 0.795062 0.389869
vn -0.496839 0.795062 0.347890
vn -0.525269 0.795062 0.303264
vn -0.549701 0.795062 0.256330
vn -0.569950 0.795062 0.207445
vn -0.585862 0.795062 0.156981
vn -0.597314 0.795062 0.105323
vn -0.604220 0.795062 0.052862
vn -0.606528 0.795062 0.000000
vn -0.604220 0.795062 -0.052862
vn -0.597314 0.795062 -0.105323
vn -0.585862 0.795062 -0.156981
vn -0.569950 0.795062 -0.207445
vn -0.549701 0.795062 -0.256330
vn -0.525269 0.795062 -0.303264
vn -0.496839 0.795062 -0.347890
vn -0.464628 0.795062 -0.389869
vn -0.428880 0.795062 -0.428880
vn -0.389869 0.795062 -0.464628
vn -0.347890 0.795062 -0.496839
vn -0.303264 0.795062 -0.525269
vn -0.256330 0.795062 -0.549701
vn -0.207445 0.795062 -0.569950
vn -0.156981 0.795062 -0.585862
vn -0.105323 0.795062 -0.597314
vn -0.052862 0.795062 -0.604220
vn -0.000000 0.795062 -0.606528
vn 0.052862 0.795062 -0.604220
vn 0.105323 0.795062 -0.597314
vn 0.156981 0.795062 -0.585862
vn 0.207445 0.795062 -0.569950
vn 0.256330 0.795062 -0.549701
vn 0.303264 0.795062 -0.525269
vn 0.347890 0.795062 -0.496839
vn 0.389869 0.795062 -0.464628
vn 0.428880 0.795062 -0.428880
vn 0.464628 0.795062 -0.389869
vn 0.496839 0.795062 -0.347890
vn 0.525269 0.795062 -0.303264
vn 0.549701 0.795062 -0.256330
vn 0.569950 0.795062 -0.207445
vn 0.585862 0.795062 -0.156981
vn 0.597314 0.795062 -0.105323
vn 0.604220 0.795062 -0.052862
vn 0.724138 0.689655 0.000000
vn 0.721382 0.689655 0.063113
vn 0.713137 0.689655 0.125745
vn 0.699464 0.689655 0.187421
vn 0.680467 0.689655 0.247670
vn 0.656292 0.689655 0.306034
vn 0.627122 0.689655 0.362069
vn 0.593179 0.689655 0.415348
vn 0.554722 0.689655 0.465467
vn 0.512043 0.689655 0.512043
vn 0.465467 0.689655 0.554722
vn 0.415348 0.689655 0.593179
vn 0.362069 0.689655 0.627122
vn 0.306034 0.689655 0.656292
vn 0.247670 0.689655 0.680467
vn 0.187421 0.689655 0.699464
vn 0.125745 0.689655 0.713137
vn 0.063113 0.689655 0.721382
vn 0.000000 0.689655 0.724138
vn -0.063113 0.689655 0.721382
vn -0.125745 0.689655 0.713137
vn -0.187421 0.689655 0.699464
vn -0.247670 0.689655 0.680467
vn -0.306034 0.689655 0.656292
vn -0.362069 0.689655 0.627122
vn -0.415348 0.689655 0.593179
vn -0.465467 0.689655 0.554722
vn -0.512043 0.689655 0.512043
vn -0.554722 0.689655 0.465467
vn -0.593179 0.689655 0.415348
vn -0.627122 0.689655 0.362069
vn -0.656292 0.689655 0.306034
vn -0.680467 0.689655 0.247670
vn -0.699464 0.689655 0.187421
vn -0.713137 0.689655 0.125745
vn -0.721382 0.689655 0.063113
vn -0.724138 0.689655 0.000000
vn -0.721382 0.689655 -0.063113
vn -0.713137 0.689655 -0.125745
vn -0.699464 0.689655 -0.187421
vn -0.680467 0.689655 -0.247670
vn -0.656292 0.689655 -0.306034
vn -0.627122 0.689655 -0.362069
vn -0.593179 0.689655 -0.415348
vn -0.554722 0.689655 -0.465467
vn -0.512043 0.689655 -0.512043
vn -0.465467 0.689655 -0.554722
vn -0.415348 0.689655 -0.593179
vn -0.362069 0.689655 -0.627122
vn -0.306034 0.689655 -0.656292
vn -0.247670 0.689655 -0.680467
vn -0.187421 0.689655 -0.699464
vn -0.125745 0.689655 -0.713137
vn -0.063113 0.689655 -0.721382
vn -0.000000 0.689655 -0.724138
vn 0.063113 0.689655 -0.721382
vn 0.125745 0.689655 -0.713137
vn 0.187421 0.689655 -0.699464
vn 0.247670 0.689655 -0.680467
vn 0.306034 0.689655 -0.656292
vn 0.362069 0.689655 -0.627122
vn 0.415348 0.689655 -0.593179
vn 0.465467 0.689655 -0.554722
vn 0.512043 0.689655 -0.512043
vn 0.554722 0.689655 -0.465467
vn 0.593179 0.689655 -0.415348
vn 0.627122 0.689655 -0.362069
vn 0.656292 0.689655 -0.306034
vn 0.680467 0.689655 -0.247670
vn 0.699464 0.689655 -0.187421
vn 0.713137 0.689655 -0.125745
vn 0.721382 0.689655 -0.063113
vn 0.822332 0.569008 0.000000
vn 0.819202 0.569008 0.071671
vn 0.809839 0.569008 0.142796
vn 0.794311 0.569008 0.212835
vn 0.772739 0.569008 0.281254
vn 0.745286 0.569008 0.347532
vn 0.712160 0.569008 0.411166
vn 0.673615 0.569008 0.471670
vn 0.629943 0.569008 0.528585
vn 0.581476 0.569008 0.581476
vn 0.528585 0.569008 0.629943
vn 0.471670 0.569008 0.673615
vn 0.411166 0.569008 0.712160
vn 0.347532 0.569008 0.745286
vn 0.281254 0.569008 0.772739
vn 0.212835 0.569008 0.794311
vn 0.142796 0.569008 0.809839
vn 0.071671 0.569008 0.819202
vn 0.000000 0.569008 0.822332
vn -0.071671 0.569008 0.819202
vn -0.142796 0.569008 0.809839
vn -0.212835 0.569008 0.794311
vn -0.281254 0.569008 0.772739
vn -0.347532 0.569008 0.745286
vn -0.411166 0.569008 0.712160
vn -0.471670 0.569008 0.673615
vn -0.528585 0.569008 0.629943
vn -0.581476 0.569008 0.581476
vn -0.629943 0.569008 0.528585
vn -0.673615 0.569008 0.471670
vn -0.712160 0.569008 0.411166
vn -0.745286 0.569008 0.347532
vn -0.772739 0.569008 0.281254
vn -0.794311 0.569008 0.212835
vn -0.809839 0.569008 0.142796
vn -0.819202 0.569008 0.071671
vn -0.822332 0.569008 0.000000
vn -0.819202 0.569008 -0.071671
vn -0.809839 0.569008 -0.142796
vn -0.794311 0.569008 -0.212835
vn -0.772739 0.569008 -0.281254
vn -0.745286 0.569008 -0.347532
vn -0.712160 0.569008 -0.411166
vn -0.673615 0.569008 -0.471670
vn -0.629943 0.569008 -0.528585
vn -0.581476 0.569008 -0.581476
vn -0.528585 0.569008 -0.629943
vn -0.471670 0.569008 -0.673615
vn -0.411166 0.569008 -0.712160
vn -0.347532 0.569008 -0.745286
vn -0.281254 0.569008 -0.772739
vn -0.212835 0.569008 -0.794311
vn -0.142796 0.569008 -0.809839
vn -0.071671 0.569008 -0.819202
vn -0.000000 0.569008 -0.822332
vn 0.071671 0.569008 -0.819202
vn 0.142796 0.569008 -0.809839
vn 0.212835 0.569008 -0.794311
vn 0.281254 0.569008 -0.772739
vn 0.347532 0.569008 -0.745286
vn 0.411166 0.569008 -0.712160
vn 0.471670 0.569008 -0.673615
vn 0.528585 0.569008 -0.629943
vn 0.581476 0.569008 -0.581476
vn 0.629943 0.569008 -0.528585
vn 0.673615 0.569008 -0.471670
vn 0.712160 0.569008 -0.411166
vn 0.745286 0.569008 -0.347532
vn 0.772739 0.569008 -0.281254
vn 0.794311 0.569008 -0.212835
vn 0.809839 0.569008 -0.142796
vn 0.819202 0.569008 -0.071671
vn 0.899668 0.436575 0.000000
vn 0.896244 0.436575 0.078411
vn 0.886000 0.436575 0.156226
vn 0.869012 0.436575 0.232851
vn 0.845411 0.436575 0.307705
vn 0.815376 0.436575 0.380216
vn 0.779135 0.436575 0.449834
vn 0.736965 0.436575 0.516028
vn 0.689186 0.436575 0.578295
vn 0.636161 0.436575 0.636161
vn 0.578295 0.436575 0.689186
vn 0.516028 0.436575 0.736965
vn 0.449834 0.436575 0.779135
vn 0.380216 0.436575 0.815376
vn 0.307705 0.436575 0.845411
vn 0.232851 0.436575 0.869012
vn 0.156226 0.436575 0.886000
vn 0.078411 0.436575 0.896244
vn 0.000000 0.436575 0.899668
vn -0.078411 0.436575 0.896244
vn -0.156226 0.436575 0.886000
vn -0.232851 0.436575 0.869012
vn -0.307705 0.436575 0.845411
vn -0.380216 0.436575 0.815376
vn -0.449834 0.436575 0.779135
vn -0.516028 0.436575 0.736965
vn -0.578295 0.436575 0.689186
vn -0.636161 0.436575 0.636161
vn -0.689186 0.436575 0.578295
vn -0.736965 0.436575 0.516028
vn -0.779135 0.436575 0.449834
vn -0.815376 0.436575 0.380216
vn -0.845411 0.436575 0.307705
vn -0.869012 0.436575 0.232851
vn -0.886000 0.436575 0.156226
vn -0.896244 0.436575 0.078411
vn -0.899668 0.436575 0.000000
vn -0.896244 0.436575 -0.078411
vn -0.886000 0.436575 -0.156226
vn -0.869012 0.436575 -0.232851
vn -0.845411 0.436575 -0.307705
vn -0.815376 0.436575 -0.380216
vn -0.779135 0.436575 -0.449834
vn -0.736965 0.436575 -0.516028
vn -0.689186 0.436575 -0.578295
vn -0.636161 0.436575 -0.636161
vn -0.578295 0.436575 -0.689186
vn -0.516028 0.436575 -0.736965
vn -0.449834 0.436575 -0.779135
vn -0.380216 0.436575 -0.815376
vn -0.307705 0.436575 -0.845411
vn -0.232851 0.436575 -0.869012
vn -0.156226 0.436575 -0.886000
vn -0.078411 0.436575 -0.896244
vn -0.000000 0.436575 -0.899668
vn 0.078411 0.436575 -0.896244
vn 0.156226 0.436575 -0.886000
vn 0.232851 0.436575 -0.869012
vn 0.307705 0.436575 -0.845411
vn 0.380216 0.436575 -0.815376
vn 0.449834 0.436575 -0.779135
vn 0.516028 0.436575 -0.736965
vn 0.578295 0.436575 -0.689186
vn 0.636161 0.436575 -0.636161
vn 0.689186 0.436575 -0.578295
vn 0.736965 0.436575 -0.516028
vn 0.779135 0.436575 -0.449834
vn 0.815376 0.436575 -0.380216
vn 0.845411 0.436575 -0.307705
vn 0.869012 0.436575 -0.232851
vn 0.886000 0.436575 -0.156226
vn 0.896244 0.436575 -0.078411
vn 0.955307 0.295617 0.000000
vn 0.951671 0.295617 0.083260
vn 0.940793 0.295617 0.165887
vn 0.922755 0.295617 0.247252
vn 0.897694 0.295617 0.326734
vn 0.865802 0.295617 0.403730
vn 0.827320 0.295617 0.477653
vn 0.782541 0.295617 0.547941
vn 0.731807 0.295617 0.614059
vn 0.675504 0.295617 0.675504
vn 0.614059 0.295617 0.731807
vn 0.547941 0.295617 0.782541
vn 0.477653 0.295617 0.827320
vn 0.403730 0.295617 0.865802
vn 0.326734 0.295617 0.897694
vn 0.247252 0.295617 0.922755
vn 0.165887 0.295617 0.940793
vn 0.083260 0.295617 0.951671
vn 0.000000 0.295617 0.955307
vn -0.083260 0.295617 0.951671
vn -0.165887 0.295617 0.940793
vn -0.247252 0.295617 0.922755
vn -0.326734 0.295617 0.897694
vn -0.403730 0.295617 0.865802
vn -0.477653 0.295617 0.827320
vn -0.547941 0.295617 0.782541
vn -0.614059 0.295617 0.731807
vn -0.675504 0.295617 0.675504
vn -0.731807 0.295617 0.614059
vn -0.782541 0.295617 0.547941
vn -0.827320 0.295617 0.477653
vn -0.865802 0.295617 0.403730
vn -0.897694 0.295617 0.326734
vn -0.922755 0.295617 0.247252
vn -0.940793 0.295617 0.165887
vn -0.951671 0.295617 0.083260
vn -0.955307 0.295617 0.000000
vn -0.951671 0.295617 -0.083260
vn -0.940793 0.295617 -0.165887
vn -0.922755 0.295617 -0.247252
vn -0.897694 0.295617 -0.326734
vn -0.865802 0.295617 -0.403730
vn -0.827320 0.295617 -0.477653
vn -0.782541 0.295617 -0.547941
vn -0.731807 0.295617 -0.614059
vn -0.675504 0.295617 -0.675504
vn -0.614059 0.295617 -0.731807
vn -0.547941 0.295617 -0.782541
vn -0.477653 0.295617 -0.827320
vn -0.403730 0.295617 -0.865802
vn -0.326734 0.295617 -0.897694
vn -0.247252 0.295617 -0.922755
vn -0.165887 0.295617 -0.940793
vn -0.083260 0.295617 -0.951671
vn -0.000000 0.295617 -0.955307
vn 0.083260 0.295617 -0.951671
vn 0.165887 0.295617 -0.940793
vn 0.247252 0.295617 -0.922755
vn 0.326734 0.295617 -0.897694
vn 0.403730 0.295617 -0.865802
vn 0.477653 0.295617 -0.827320
vn 0.547941 0.295617 -0.782541
vn 0.614059 0.295617 -0.731807
vn 0.675504 0.295617 -0.675504
vn 0.731807 0.295617 -0.614059
vn 0.782541 0.295617 -0.547941
vn 0.827320 0.295617 -0.477653
vn 0.865802 0.295617 -0.403730
vn 0.897694 0.295617 -0.326734
vn 0.922755 0.295617 -0.247252
vn 0.940793 0.295617 -0.165887
vn 0.951671 0.295617 -0.083260
vn 0.988814 0.149155 0.000000
vn 0.985051 0.149155 0.086181
vn 0.973792 0.149155 0.171706
vn 0.955121 0.149155 0.255924
vn 0.929181 0.149155 0.338194
vn 0.896170 0.149155 0.417891
vn 0.856338 0.149155 0.494407
vn 0.809989 0.149155 0.567160
vn 0.757475 0.149155 0.635597
vn 0.699197 0.149155 0.699197
vn 0.635597 0.149155 0.757475
vn 0.567160 0.149155 0.809989
vn 0.494407 0.149155 0.856338
vn 0.417891 0.149155 0.896170
vn 0.338194 0.149155 0.929181
vn 0.255924 0.149155 0.955121
vn 0.171706 0.149155 0.973792
vn 0.086181 0.149155 0.985051
vn 0.000000 0.149155 0.988814
vn -0.086181 0.149155 0.985051
vn -0.171706 0.149155 0.973792
vn -0.255924 0.149155 0.955121
vn -0.338194 0.149155 0.929181
vn -0.417891 0.149155 0.896170
vn -0.494407 0.149155 0.856338
vn -0.567160 0.149155 0.809989
vn -0.635597 0.149155 0.757475
vn -0.699197 0.149155 0.699197
vn -0.757475 0.149155 0.635597
vn -0.809989 0.149155 0.567160
vn -0.856338 0.149155 0.494407
vn -0.896170 0.149155 0.417891
vn -0.929181 0.149155 0.338194
vn -0.955121 0.149155 0.255924
vn -0.973792 0.149155 0.171706
vn -0.985051 0.149155 0.086181
vn -0.988814 0.149155 0.000000
vn -0.985051 0.149155 -0.086181
vn -0.973792 0.149155 -0.171706
vn -0.955121 0.149155 -0.255924
vn -0.929181 0.149155 -0.338194
vn -0.896170 0.149155 -0.417891
vn -0.856338 0.149155 -0.494407
vn -0.809989 0.149155 -0.567160
vn -0.757475 0.149155 -0.635597
vn -0.699197 0.149155 -0.699197
vn -0.635597 0.149155 -0.757475
vn -0.567160 0.149155 -0.809989
vn -0.494407 0.149155 -0.856338
vn -0.417891 0.149155 -0.896170
vn -0.338194 0.149155 -0.929181
vn -0.255924 0.149155 -0.955121
vn -0.171706 0.149155 -0.973792
vn -0.086181 0.149155 -0.985051
vn -0.000000 0.149155 -0.988814
vn 0.086181 0.149155 -0.985051
vn 0.171706 0.149155 -0.973792
vn 0.255924 0.149155 -0.955121
vn 0.338194 0.149155 -0.929181
vn 0.417891 0.149155 -0.896170
vn 0.494407 0.149155 -0.856338
vn 0.567160 0.149155 -0.809989
vn 0.635597 0.149155 -0.757475
vn 0.699197 0.149155 -0.699197
vn 0.757475 0.149155 -0.635597
vn 0.809989 0.149155 -0.567160
vn 0.856338 0.149155 -0.494407
vn 0.896170 0.149155 -0.417891
vn 0.929181 0.149155 -0.338194
vn 0.955121 0.149155 -0.255924
vn 0.973792 0.149155 -0.171706
vn 0.985051 0.149155 -0.086181
vn 1.000000 0.000000 0.000000
vn 0.996195 0.000000 0.087156
vn 0.984808 0.000000 0.173648
vn 0.965926 0.000000 0.258819
vn 0.939693 0.000000 0.342020
vn 0.906308 0.000000 0.422618
vn 0.866025 0.000000 0.500000
vn 0.819152 0.000000 0.573576
vn 0.766044 0.000000 0.642788
vn 0.707107 0.000000 0.707107
vn 0.642788 0.000000 0.766044
vn 0.573576 0.000000 0.819152
vn 0.500000 0.000000 0.866025
vn 0.422618 0.000000 0.906308
vn 0.342020 0.000000 0.939693
vn 0.258819 0.000000 0.965926
vn 0.173648 0.000000 0.984808
vn 0.087156 0.000000 0.996195
vn 0.000000 0.000000 1.000000
vn -0.087156 0.000000 0.996195
vn -0.173648 0.000000 0.984808
vn -0.258819 0.000000 0.965926
vn -0.342020 0.000000 0.939693
vn -0.422618 0.000000 0.906308
vn -0.500000 0.000000 0.866025
vn -0.573576 0.000000 0.819152
vn -0.642788 0.000000 0.766044
vn -0.707107 0.000000 0.707107
vn -0.766044 0.000000 0.642788
vn -0.819152 0.000000 0.573576
vn -0.866025 0.000000 0.500000
vn -0.906308 0.000000 0.422618
vn -0.939693 0.000000 0.342020
vn -0.965926 0.000000 0.258819
vn -0.984808 0.000000 0.173648
vn -0.996195 0.000000 0.087156
vn -1.000000 0.000000 0.000000
vn -0.996195 0.000000 -0.087156
vn -0.984808 0.000000 -0.173648
vn -0.965926 0.000000 -0.258819
vn -0.939693 0.000000 -0.342020
vn -0.906308 0.000000 -0.422618
vn -0.866025 0.000000 -0.500000
vn -0.819152 0.000000 -0.573576
vn -0.766044 0.000000 -0.642788
vn -0.707107 0.000000 -0.707107
vn -0.642788 0.000000 -0.766044
vn -0.573576 0.000000 -0.819152
vn -0.500000 0.000000 -0.866025
vn -0.422618 0.000000 -0.906308
vn -0.342020 0.000000 -0.939693
vn -0.258819 0.000000 -0.965926
vn -0.173648 0.000000 -0.984808
vn -0.087156 0.000000 -0.996195
vn -0.000000 0.000000 -1.000000
vn 0.087156 0.000000 -0.996195
vn 0.173648 0.000000 -0.984808
vn 0.258819 0.000000 -0.965926
vn 0.342020 0.000000 -0.939693
vn 0.422618 0.000000 -0.906308
vn 0.500000 0.000000 -0.866025
vn 0.573576 0.000000 -0.819152
vn 0.642788 0.000000 -0.766044
vn 0.707107 0.000000 -0.707107
vn 0.766044 0.000000 -0.642788
vn 0.819152 0.000000 -0.573576
vn 0.866025 0.000000 -0.500000
vn 0.906308 0.000000 -0.422618
vn 0.939693 0.000000 -0.342020
vn 0.965926 0.000000 -0.258819
vn 0.984808 0.000000 -0.173648
vn 0.996195 0.000000 -0.087156
vn 0.988814 -0.149155 0.000000
vn 0.985051 -0.149155 0.086181
vn 0.973792 -0.149155 0.171706
vn 0.955121 -0.149155 0.255924
vn 0.929181 -0.149155 0.338194
vn 0.896170 -0.149155 0.417891
vn 0.856338 -0.149155 0.494407
vn 0.809989 -0.149155 0.567160
vn 0.757475 -0.149155 0.635597
vn 0.699197 -0.149155 0.699197
vn 0.635597 -0.149155 0.757475
vn 0.567160 -0.149155 0.809989
vn 0.494407 -0.149155 0.856338
vn 0.417891 -0.149155 0.896170
vn 0.338194 -0.149155 0.929181
vn 0.255924 -0.149155 0.955121
vn 0.171706 -0.149155 0.973792
vn 0.086181 -0.149155 0.985051
vn 0.000000 -0.149155 0.988814
vn -0.086181 -0.149155 0.985051
vn -0.171706 -0.149155 0.973792
vn -0.255924 -0.149155 0.955121
vn -0.338194 -0.149155 0.929181
vn -0.417891 -0.149155 0.896170
vn -0.494407 -0.149155 0.856338
vn -0.567160 -0.149155 0.809989
vn -0.635597 -0.149155 0.757475
vn -0.699197 -0.149155 0.699197
vn -0.757475 -0.149155 0.635597
vn -0.809989 -0.149155 0.567160
vn -0.856338 -0.149155 0.494407
vn -0.896170 -0.149155 0.417891
vn -0.929181 -0.149155 0.338194
vn -0.955121 -0.149155 0.255924
vn -0.973792 -0.149155 0.171706
vn -0.985051 -0.149155 0.086181
vn -0.988814 -0.149155 0.000000
vn -0.985051 -0.149155 -0.086181
vn -0.973792 -0.149155 -0.171706
vn -0.955121 -0.149155 -0.255924
vn -0.929181 -0.149155 -0.338194
vn -0.896170 -0.149155 -0.417891
vn -0.856338 -0.149155 -0.494407
vn -0.809989 -0.149155 -0.567160
vn -0.757475 -0.149155 -0.635597
vn -0.699197 -0.149155 -0.699197
vn -0.635597 -0.149155 -0.757475
vn -0.567160 -0.149155 -0.809989
vn -0.494407 -0.149155 -0.856338
vn -0.417891 -0.149155 -0.896170
vn -0.338194 -0.149155 -0.929181
vn -0.255924 -0.149155 -0.955121
vn -0.171706 -0.149155 -0.973792
vn -0.086181 -0.149155 -0.985051
vn -0.000000 -0.149155 -0.988814
vn 0.086181 -0.149155 -0.985051
vn 0.171706 -0.149155 -0.973792
vn 0.255924 -0.149155 -0.955121
vn 0.338194 -0.149155 -0.929181
vn 0.417891 -0.149155 -0.896170
vn 0.494407 -0.149155 -0.856338
vn 0.567160 -0.149155 -0.809989
vn 0.635597 -0.149155 -0.757475
vn 0.699197 -0.149155 -0.699197
vn 0.757475 -0.149155 -0.635597
vn 0.809989 -0.149155 -0.567160
vn 0.856338 -0.149155 -0.494407
vn 0.896170 -0.149155 -0.417891
vn 0.929181 -0.149155 -0.338194
vn 0.955121 -0.149155 -0.255924
vn 0.973792 -0.149155 -0.171706
vn 0.985051 -0.149155 -0.086181
vn 0.955307 -0.295617 0.000000
vn 0.951671 -0.295617 0.083260
vn 0.940793 -0.295617 0.165887
vn 0.922755 -0.295617 0.247252
vn 0.897694 -0.295617 0.326734
vn 0.865802 -0.295617 0.403730
vn 0.827320 -0.295617 0.477653
vn 0.782541 -0.295617 0.547941
vn 0.731807 -0.295617 0.614059
vn 0.675504 -0.295617 0.675504
vn 0.614059 -0.295617 0.731807
vn 0.547941 -0.295617 0.782541
vn 0.477653 -0.295617 0.827320
vn 0.403730 -0.295617 0.865802
vn 0.326734 -0.295617 0.897694
vn 0.247252 -0.295617 0.922755
vn 0.165887 -0.295617 0.940793
vn 0.083260 -0.295617 0.951671
vn 0.000000 -0.295617 0.955307
vn -0.083260 -0.295617 0.951671
vn -0.165887 -0.295617 0.940793
vn -0.247252 -0.295617 0.922755
vn -0.326734 -0.295617 0.897694
vn -0.403730 -0.295617 0.865802
vn -0.477653 -0.295617 0.827320
vn -0.547941 -0.295617 0.782541
vn -0.614059 -0.295617 0.731807
vn -0.675504 -0.295617 0.675504
vn -0.731807 -0.295617 0.614059
vn -0.782541 -0.295617 0.547941
vn -0.827320 -0.295617 0.477653
vn -0.865802 -0.295617 0.403730
vn -0.897694 -0.295617 0.326734
vn -0.922755 -0.295617 0.247252
vn -0.940793 -0.295617 0.165887
vn -0.951671 -0.295617 0.083260
vn -0.955307 -0.295617 0.000000
vn -0.951671 -0.295617 -0.083260
vn -0.940793 -0.295617 -0.165887
vn -0.922755 -0.295617 -0.247252
vn -0.897694 -0.295617 -0.326734
vn -0.865802 -0.295617 -0.403730
vn -0.827320 -0.295617 -0.477653
vn -0.782541 -0.295617 -0.547941
vn -0.731807 -0.295617 -0.614059
vn -0.675504 -0.295617 -0.675504
vn -0.614059 -0.295617 -0.731807
vn -0.547941 -0.295617 -0.782541
vn -0.477653 -0.295617 -0.827320
vn -0.403730 -0.295617 -0.865802
vn -0.326734 -0.295617 -0.897694
vn -0.247252 -0.295617 -0.922755
vn -0.165887 -0.295617 -0.940793
vn -0.083260 -0.295617 -0.951671
vn -0.000000 -0.295617 -0.955307
vn 0.083260 -0.295617 -0.951671
vn 0.165887 -0.295617 -0.940793
vn 0.247252 -0.295617 -0.922755
vn 0.326734 -0.295617 -0.897694
vn 0.403730 -0.295617 -0.865802
vn 0.477653 -0.295617 -0.827320
vn 0.547941 -0.295617 -0.782541
vn 0.614059 -0.295617 -0.731807
vn 0.675504 -0.295617 -0.675504
vn 0.731807 -0.295617 -0.614059
vn 0.782541 -0.295617 -0.547941
vn 0.827320 -0.295617 -0.477653
vn 0.865802 -0.295617 -0.403730
vn 0.897694 -0.295617 -0.326734
vn 0.922755 -0.295617 -0.247252
vn 0.940793 -0.295617 -0.165887
vn 0.951671 -0.295617 -0.083260
vn 0.899668 -0.436575 0.000000
vn 0.896244 -0.436575 0.078411
vn 0.886000 -0.436575 0.156226
vn 0.869012 -0.436575 0.232851
vn 0.845411 -0.436575 0.307705
vn 0.815376 -0.436575 0.380216
vn 0.779135 -0.436575 0.449834
vn 0.736965 -0.436575 0.516028
vn 0.689186 -0.436575 0.578295
vn 0.636161 -0.436575 0.636161
vn 0.578295 -0.436575 0.689186
vn 0.516028 -0.436575 0.736965
vn 0.449834 -0.436575 0.779135
vn 0.380216 -0.436575 0.815376
vn 0.307705 -0.436575 0.845411
vn 0.232851 -0.436575 0.869012
vn 0.156226 -0.436575 0.886000
vn 0.078411 -0.436575 0.896244
vn 0.000000 -0.436575 0.899668
vn -0.078411 -0.436575 0.896244
vn -0.156226 -0.436575 0.886000
vn -0.232851 -0.436575 0.869012
vn -0.307705 -0.436575 0.845411
vn -0.380216 -0.436575 0.815376
vn -0.449834 -0.436575 0.779135
vn -0.516028 -0.436575 0.736965
vn -0.578295 -0.436575 0.689186
vn -0.636161 -0.436575 0.636161
vn -0.689186 -0.436575 0.578295
vn -0.736965 -0.436575 0.516028
vn -0.779135 -0.436575 0.449834
vn -0.815376 -0.436575 0.380216
vn -0.845411 -0.436575 0.307705
vn -0.869012 -0.436575 0.232851
vn -0.886000 -0.436575 0.156226
vn -0.896244 -0.436575 0.078411
vn -0.899668 -0.436575 0.000000
vn -0.896244 -0.436575 -0.078411
vn -0.886000 -0.436575 -0.156226
vn -0.869012 -0.436575 -0.232851
vn -0.845411 -0.436575 -0.307705
vn -0.815376 -0.436575 -0.380216
vn -0.779135 -0.436575 -0.449834
vn -0.736965 -0.436575 -0.516028
vn -0.689186 -0.436575 -0.578295
vn -0.636161 -0.436575 -0.636161
vn -0.578295 -0.436575 -0.689186
vn -0.516028 -0.436575 -0.736965
vn -0.449834 -0.436575 -0.779135
vn -0.380216 -0.436575 -0.815376
vn -0.307705 -0.436575 -0.845411
vn -0.232851 -0.436575 -0.869012
vn -0.156226 -0.436575 -0.886000
vn -0.078411 -0.436575 -0.896244
vn -0.000000 -0.436575 -0.899668
vn 0.078411 -0.436575 -0.896244
vn 0.156226 -0.436575 -0.886000
vn 0.232851 -0.436575 -0.869012
vn 0.307705 -0.436575 -0.845411
vn 0.380216 -0.436575 -0.815376
vn 0.449834 -0.436575 -0.779135
vn 0.516028 -0.436575 -0.736965
vn 0.578295 -0.436575 -0.689186
vn 0.636161 -0.436575 -0.636161
vn 0.689186 -0.436575 -0.578295
vn 0.736965 -0.436575 -0.516028
vn 0.779135 -0.436575 -0.449834
vn 0.815376 -0.436575 -0.380216
vn 0.845411 -0.436575 -0.307705
vn 0.869012 -0.436575 -0.232851
vn 0.886000 -0.436575 -0.156226
vn 0.896244 -0.436575 -0.078411
vn 0.822332 -0.569008 0.000000
vn 0.819202 -0.569008 0.071671
vn 0.809839 -0.569008 0.142796
vn 0.794311 -0.569008 0.212835
vn 0.772739 -0.569008 0.281254
vn 0.745286 -0.569008 0.347532
vn 0.712160 -0.569008 0.411166
vn 0.673615 -0.569008 0.471670
vn 0.629943 -0.569008 0.528585
vn 0.581476 -0.569008 0.581476
vn 0.528585 -0.569008 0.629943
vn 0.471670 -0.569008 0.673615
vn 0.411166 -0.569008 0.712160
vn 0.347532 -0.569008 0.745286
vn 0.281254 -0.569008 0.772739
vn 0.212835 -0.569008 0.794311
vn 0.142796 -0.569008 0.809839
vn 0.071671 -0.569008 0.819202
vn 0.000000 -0.569008 0.822332
vn -0.071671 -0.569008 0.819202
vn -0.142796 -0.569008 0.809839
vn -0.212835 -0.569008 0.794311
vn -0.281254 -0.569008 0.772739
vn -0.347532 -0.569008 0.745286
vn -0.411166 -0.569008 0.712160
vn -0.471670 -0.569008 0.673615
vn -0.528585 -0.569008 0.629943
vn -0.581476 -0.569008 0.581476
vn -0.629943 -0.569008 0.528585
vn -0.673615 -0.569008 0.471670
vn -0.712160 -0.569008 0.411166
vn -0.745286 -0.569008 0.347532
vn -0.772739 -0.569008 0.281254
vn -0.794311 -0.569008 0.212835
vn -0.809839 -0.569008 0.142796
vn -0.819202 -0.569008 0.071671
vn -0.822332 -0.569008 0.000000
vn -0.819202 -0.569008 -0.071671
vn -0.809839 -0.569008 -0.142796
vn -0.794311 -0.569008 -0.212835
vn -0.772739 -0.569008 -0.281254
vn -0.745286 -0.569008 -0.347532
vn -0.712160 -0.569008 -0.411166
vn -0.673615 -0.569008 -0.471670
vn -0.629943 -0.569008 -0.528585
vn -0.581476 -0.569008 -0.581476
vn -0.528585 -0.569008 -0.629943
vn -0.471670 -0.569008 -0.673615
vn -0.411166 -0.569008 -0.712160
vn -0.347532 -0.569008 -0.745286
vn -0.281254 -0.569008 -0.772739
vn -0.212835 -0.569008 -0.794311
vn -0.142796 -0.569008 -0.809839
vn -0.071671 -0.569008 -0.819202
vn -0.000000 -0.569008 -0.822332
vn 0.071671 -0.569008 -0.819202
vn 0.142796 -0.569008 -0.809839
vn 0.212835 -0.569008 -0.794311
vn 0.281254 -0.569008 -0.772739
vn 0.347532 -0.569008 -0.745286
vn 0.411166 -0.569008 -0.712160
vn 0.471670 -0.569008 -0.673615
vn 0.528585 -0.569008 -0.629943
vn 0.581476 -0.569008 -0.581476
vn 0.629943 -0.569008 -0.528585
vn 0.673615 -0.569008 -0.471670
vn 0.712160 -0.569008 -0.411166
vn 0.745286 -0.569008 -0.347532
vn 0.772739 -0.569008 -0.281254
vn 0.794311 -0.569008 -0.212835
vn 0.809839 -0.569008 -0.142796
vn 0.819202 -0.569008 -0.071671
vn 0.724138 -0.689655 0.000000
vn 0.721382 -0.689655 0.063113
vn 0.713137 -0.689655 0.125745
vn 0.699464 -0.689655 0.187421
vn 0.680467 -0.689655 0.247670
vn 0.656292 -0.689655 0.306034
vn 0.627122 -0.689655 0.362069
vn 0.593179 -0.689655 0.415348
vn 0.554722 -0.689655 0.465467
vn 0.512043 -0.689655 0.512043
vn 0.465467 -0.689655 0.554722
vn 0.415348 -0.689655 0.593179
vn 0.362069 -0.689655 0.627122
vn 0.306034 -0.689655 0.656292
vn 0.247670 -0.689655 0.680467
vn 0.187421 -0.689655 0.699464
vn 0.125745 -0.689655 0.713137
vn 0.063113 -0.689655 0.721382
vn 0.000000 -0.689655 0.724138
vn -0.063113 -0.689655 0.721382
vn -0.125745 -0.689655 0.713137
vn -0.187421 -0.689655 0.699464
vn -0.247670 -0.689655 0.680467
vn -0.306034 -0.689655 0.656292
vn -0.362069 -0.689655 0.627122
vn -0.415348 -0.689655 0.593179
vn -0.465467 -0.689655 0.554722
vn -0.512043 -0.689655 0.512043
vn -0.554722 -0.689655 0.465467
vn -0.593179 -0.689655 0.415348
vn -0.627122 -0.689655 0.362069
vn -0.656292 -0.689655 0.306034
vn -0.680467 -0.689655 0.247670
vn -0.699464 -0.689655 0.187421
vn -0.713137 -0.689655 0.125745
vn -0.721382 -0.689655 0.063113
vn -0.724138 -0.689655 0.000000
vn -0.721382 -0.689655 -0.063113
vn -0.713137 -0.689655 -0.125745
vn -0.699464 -0.689655 -0.187421
vn -0.680467 -0.689655 -0.247670
vn -0.656292 -0.689655 -0.306034
vn -0.627122 -0.689655 -0.362069
vn -0.593179 -0.689655 -0.415348
vn -0.554722 -0.689655 -0.465467
vn -0.512043 -0.689655 -0.512043
vn -0.465467 -0.689655 -0.554722
vn -0.415348 -0.689655 -0.593179
vn -0.362069 -0.689655 -0.627122
vn -0.306034 -0.689655 -0.656292
vn -0.247670 -0.689655 -0.680467
vn -0.187421 -0.689655 -0.699464
vn -0.125745 -0.689655 -0.713137
vn -0.063113 -0.689655 -0.721382
vn -0.000000 -0.689655 -0.724138
vn 0.063113 -0.689655 -0.721382
vn 0.125745 -0.689655 -0.713137
vn 0.187421 -0.689655 -0.699464
vn 0.247670 -0.689655 -0.680467
vn 0.306034 -0.689655 -0.656292
vn 0.362069 -0.689655 -0.627122
vn 0.415348 -0.689655 -0.593179
vn 0.465467 -0.689655 -0.554722
vn 0.512043 -0.689655 -0.512043
vn 0.554722 -0.689655 -0.465467
vn 0.593179 -0.689655 -0.415348
vn 0.627122 -0.689655 -0.362069
vn 0.656292 -0.689655 -0.306034
vn 0.680467 -0.689655 -0.247670
vn 0.699464 -0.689655 -0.187421
vn 0.713137 -0.689655 -0.125745
vn 0.721382 -0.689655 -0.063113
vn 0.606528 -0.795062 0.000000
vn 0.604220 -0.795062 0.052862
vn 0.597314 -0.795062 0.105323
vn 0.585862 -0.795062 0.156981
vn 0.569950 -0.795062 0.207445
vn 0.549701 -0.795062 0.256330
vn 0.525269 -0.795062 0.303264
vn 0.496839 -0.795062 0.347890
vn 0.464628 -0.795062 0.389869
vn 0.428880 -0.795062 0.428880
vn 0.389869 -0.795062 0.464628
vn 0.347890 -0.795062 0.496839
vn 0.303264 -0.795062 0.525269
vn 0.256330 -0.795062 0.549701
vn 0.207445 -0.795062 0.569950
vn 0.156981 -0.795062 0.585862
vn 0.105323 -0.795062 0.597314
vn 0.052862 -0.795062 0.604220
vn 0.000000 -0.795062 0.606528
vn -0.052862 -0.795062 0.604220
vn -0.105323 -0.795062 0.597314
vn -0.156981 -0.795062 0.585862
vn -0.207445 -0.795062 0.569950
vn -0.256330 -0.795062 0.549701
vn -0.303264 -0.795062 0.525269
vn -0.347890 -0.795062 0.496839
vn -0.389869 -0.795062 0.464628
vn -0.428880 -0.795062 0.428880
vn -0.464628 -0.795062 0.389869
vn -0.496839 -0.795062 0.347890
vn -0.525269 -0.795062 0.303264
vn -0.549701 -0.795062 0.256330
vn -0.569950 -0.795062 0.207445
vn -0.585862 -0.795062 0.156981
vn -0.597314 -0.795062 0.105323
vn -0.604220 -0.795062 0.052862
vn -0.606528 -0.795062 0.000000
vn -0.604220 -0.795062 -0.052862
vn -0.597314 -0.795062 -0.105323
vn -0.585862 -0.795062 -0.156981
vn -0.569950 -0.795062 -0.207445
vn -0.549701 -0.795062 -0.256330
vn -0.525269 -0.795062 -0.303264
vn -0.496839 -0.795062 -0.347890
vn -0.464628 -0.795062 -0.389869
vn -0.428880 -0.795062 -0.428880
vn -0.389869 -0.795062 -0.464628
vn -0.347890 -0.795062 -0.496839
vn -0.303264 -0.795062 -0.525269
vn -0.256330 -0.795062 -0.549701
vn -0.207445 -0.795062 -0.569950
vn -0.156981 -0.795062 -0.585862
vn -0.105323 -0.795062 -0.597314
vn -0.052862 -0.795062 -0.604220
vn -0.000000 -0.795062 -0.606528
vn 0.052862 -0.795062 -0.604220
vn 0.105323 -0.795062 -0.597314
vn 0.156981 -0.795062 -0.585862
vn 0.207445 -0.795062 -0.569950
vn 0.256330 -0.795062 -0.549701
vn 0.303264 -0.795062 -0.525269
vn 0.347890 -0.795062 -0.496839
vn 0.389869 -0.795062 -0.464628
vn 0.428880 -0.795062 -0.428880
vn 0.464628 -0.795062 -0.389869
vn 0.496839 -0.795062 -0.347890
vn 0.525269 -0.795062 -0.303264
vn 0.549701 -0.795062 -0.256330
vn 0.569950 -0.795062 -0.207445
vn 0.585862 -0.795062 -0.156981
vn 0.597314 -0.795062 -0.105323
vn 0.604220 -0.795062 -0.052862
vn 0.471733 -0.881741 0.000000
vn 0.469938 -0.881741 0.041114
vn 0.464566 -0.881741 0.081916
vn 0.455659 -0.881741 0.122094
vn 0.443284 -0.881741 0.161342
vn 0.427535 -0.881741 0.199363
vn 0.408533 -0.881741 0.235867
vn 0.386421 -0.881741 0.270575
vn 0.361369 -0.881741 0.303224
vn 0.333566 -0.881741 0.333566
vn 0.303224 -0.881741 0.361369
vn 0.270575 -0.881741 0.386421
vn 0.235867 -0.881741 0.408533
vn 0.199363 -0.881741 0.427535
vn 0.161342 -0.881741 0.443284
vn 0.122094 -0.881741 0.455659
vn 0.081916 -0.881741 0.464566
vn 0.041114 -0.881741 0.469938
vn 0.000000 -0.881741 0.471733
vn -0.041114 -0.881741 0.469938
vn -0.081916 -0.881741 0.464566
vn -0.122094 -0.881741 0.455659
vn -0.161342 -0.881741 0.443284
vn -0.199363 -0.881741 0.427535
vn -0.235867 -0.881741 0.408533
vn -0.270575 -0.881741 0.386421
vn -0.303224 -0.881741 0.361369
vn -0.333566 -0.881741 0.333566
vn -0.361369 -0.881741 0.303224
vn -0.386421 -0.881741 0.270575
vn -0.408533 -0.881741 0.235867
vn -0.427535 -0.881741 0.199363
vn -0.443284 -0.881741 0.161342
vn -0.455659 -0.881741 0.122094
vn -0.464566 -0.881741 0.081916
vn -0.469938 -0.881741 0.041114
vn -0.471733 -0.881741 0.000000
vn -0.469938 -0.881741 -0.041114
vn -0.464566 -0.881741 -0.081916
vn -0.455659 -0.881741 -0.122094
vn -0.443284 -0.881741 -0.161342
vn -0.427535 -0.881741 -0.199363
vn -0.408533 -0.881741 -0.235867
vn -0.386421 -0.881741 -0.270575
vn -0.361369 -0.881741 -0.303224
vn -0.333566 -0.881741 -0.333566
vn -0.303224 -0.881741 -0.361369
vn -0.270575 -0.881741 -0.386421
vn -0.235867 -0.881741 -0.408533
vn -0.199363 -0.881741 -0.427535
vn -0.161342 -0.881741 -0.443284
vn -0.122094 -0.881741 -0.455659
vn -0.081916 -0.881741 -0.464566
vn -0.041114 -0.881741 -0.469938
vn -0.000000 -0.881741 -0.471733
vn 0.041114 -0.881741 -0.469938
vn 0.081916 -0.881741 -0.464566
vn 0.122094 -0.881741 -0.455659
vn 0.161342 -0.881741 -0.443284
vn 0.199363 -0.881741 -0.427535
vn 0.235867 -0.881741 -0.408533
vn 0.270575 -0.881741 -0.386421
vn 0.303224 -0.881741 -0.361369
vn 0.333566 -0.881741 -0.333566
vn 0.361369 -0.881741 -0.303224
vn 0.386421 -0.881741 -0.270575
vn 0.408533 -0.881741 -0.235867
vn 0.427535 -0.881741 -0.199363
vn 0.443284 -0.881741 -0.161342
vn 0.455659 -0.881741 -0.122094
vn 0.464566 -0.881741 -0.081916
vn 0.469938 -0.881741 -0.041114
vn 0.322891 -0.946436 0.000000
vn 0.321663 -0.946436 0.028142
vn 0.317986 -0.946436 0.056070
vn 0.311889 -0.946436 0.083570
vn 0.303419 -0.946436 0.110435
vn 0.292639 -0.946436 0.136460
vn 0.279632 -0.946436 0.161446
vn 0.264497 -0.946436 0.185203
vn 0.247349 -0.946436 0.207551
vn 0.228319 -0.946436 0.228319
vn 0.207551 -0.946436 0.247349
vn 0.185203 -0.946436 0.264497
vn 0.161446 -0.946436 0.279632
vn 0.136460 -0.946436 0.292639
vn 0.110435 -0.946436 0.303419
vn 0.083570 -0.946436 0.311889
vn 0.056070 -0.946436 0.317986
vn 0.028142 -0.946436 0.321663
vn 0.000000 -0.946436 0.322891
vn -0.028142 -0.946436 0.321663
vn -0.056070 -0.946436 0.317986
vn -0.083570 -0.946436 0.311889
vn -0.110435 -0.946436 0.303419
vn -0.136460 -0.946436 0.292639
vn -0.161446 -0.946436 0.279632
vn -0.185203 -0.946436 0.264497
vn -0.207551 -0.946436 0.247349
vn -0.228319 -0.946436 0.228319
vn -0.247349 -0.946436 0.207551
vn -0.264497 -0.946436 0.185203
vn -0.279632 -0.946436 0.161446
vn -0.292639 -0.946436 0.136460
vn -0.303419 -0.946436 0.110435
vn -0.311889 -0.946436 0.083570
vn -0.317986 -0.946436 0.056070
vn -0.321663 -0.946436 0.028142
vn -0.322891 -0.946436 0.000000
vn -0.321663 -0.946436 -0.028142
vn -0.317986 -0.946436 -0.056070
vn -0.311889 -0.946436 -0.083570
vn -0.303419 -0.946436 -0.110435
vn -0.292639 -0.946436 -0.136460
vn -0.279632 -0.946436 -0.161446
vn -0.264497 -0.946436 -0.185203
vn -0.247349 -0.946436 -0.207551
vn -0.228319 -0.946436 -0.228319
vn -0.207551 -0.946436 -0.247349
vn -0.185203 -0.946436 -0.264497
vn -0.161446 -0.946436 -0.279632
vn -0.136460 -0.946436 -0.292639
vn -0.110435 -0.946436 -0.303419
vn -0.083570 -0.946436 -0.311889
vn -0.056070 -0.946436 -0.317986
vn -0.028142 -0.946436 -0.321663
vn -0.000000 -0.946436 -0.322891
vn 0.028142 -0.946436 -0.321663
vn 0.056070 -0.946436 -0.317986
vn 0.083570 -0.946436 -0.311889
vn 0.110435 -0.946436 -0.303419
vn 0.136460 -0.946436 -0.292639
vn 0.161446 -0.946436 -0.279632
vn 0.185203 -0.946436 -0.264497
vn 0.207551 -0.946436 -0.247349
vn 0.228319 -0.946436 -0.228319
vn 0.247349 -0.946436 -0.207551
vn 0.264497 -0.946436 -0.185203
vn 0.279632 -0.946436 -0.161446
vn 0.292639 -0.946436 -0.136460
vn 0.303419 -0.946436 -0.110435
vn 0.311889 -0.946436 -0.083570
vn 0.317986 -0.946436 -0.056070
vn 0.321663 -0.946436 -0.028142
vn 0.164051 -0.986452 0.000000
vn 0.163426 -0.986452 0.014298
vn 0.161558 -0.986452 0.028487
vn 0.158461 -0.986452 0.042459
vn 0.154157 -0.986452 0.056109
vn 0.148680 -0.986452 0.069331
vn 0.142072 -0.986452 0.082025
vn 0.134382 -0.986452 0.094096
vn 0.125670 -0.986452 0.105450
vn 0.116001 -0.986452 0.116001
vn 0.105450 -0.986452 0.125670
vn 0.094096 -0.986452 0.134382
vn 0.082025 -0.986452 0.142072
vn 0.069331 -0.986452 0.148680
vn 0.056109 -0.986452 0.154157
vn 0.042459 -0.986452 0.158461
vn 0.028487 -0.986452 0.161558
vn 0.014298 -0.986452 0.163426
vn 0.000000 -0.986452 0.164051
vn -0.014298 -0.986452 0.163426
vn -0.028487 -0.986452 0.161558
vn -0.042459 -0.986452 0.158461
vn -0.056109 -0.986452 0.154157
vn -0.069331 -0.986452 0.148680
vn -0.082025 -0.986452 0.142072
vn -0.094096 -0.986452 0.134382
vn -0.105450 -0.986452 0.125670
vn -0.116001 -0.986452 0.116001
vn -0.125670 -0.986452 0.105450
vn -0.134382 -0.986452 0.094096
vn -0.142072 -0.986452 0.082025
vn -0.148680 -0.986452 0.069331
vn -0.154157 -0.986452 0.056109
vn -0.158461 -0.986452 0.042459
vn -0.161558 -0.986452 0.028487
vn -0.163426 -0.986452 0.014298
vn -0.164051 -0.986452 0.000000
vn -0.163426 -0.986452 -0.014298
vn -0.161558 -0.986452 -0.028487
vn -0.158461 -0.986452 -0.042459
vn -0.154157 -0.986452 -0.056109
vn -0.148680 -0.986452 -0.069331
vn -0.142072 -0.986452 -0.082025
vn -0.134382 -0.986452 -0.094096
vn -0.125670 -0.986452 -0.105450
vn -0.116001 -0.986452 -0.116001
vn -0.105450 -0.986452 -0.125670
vn -0.094096 -0.986452 -0.134382
vn -0.082025 -0.986452 -0.142072
vn -0.069331 -0.986452 -0.148680
vn -0.056109 -0.986452 -0.154157
vn -0.042459 -0.986452 -0.158461
vn -0.028487 -0.986452 -0.161558
vn -0.014298 -0.986452 -0.163426
vn -0.000000 -0.986452 -0.164051
vn 0.014298 -0.986452 -0.163426
vn 0.028487 -0.986452 -0.161558
vn 0.042459 -0.986452 -0.158461
vn 0.056109 -0.986452 -0.154157
vn 0.069331 -0.986452 -0.148680
vn 0.082025 -0.986452 -0.142072
vn 0.094096 -0.986452 -0.134382
vn 0.105450 -0.986452 -0.125670
vn 0.116001 -0.986452 -0.116001
vn 0.125670 -0.986452 -0.105450
vn 0.134382 -0.986452 -0.094096
vn 0.142072 -0.986452 -0.082025
vn 0.148680 -0.986452 -0.069331
vn 0.154157 -0.986452 -0.056109
vn 0.158461 -0.986452 -0.042459
vn 0.161558 -0.986452 -0.028487
vn 0.163426 -0.986452 -0.014298
vn 0.000000 -1.000000 0.000000
vn 0.000000 -1.000000 0.000000
vn 0.000000 -1.000000 0.000000
vn 0.000000 -1.000000 0.000000
vn 0.000000 -1.000000 0.000000
vn 0.000000 -1.000000 0.000000
vn 0.000000 -1.000000 0.000000
vn 0.000000 -1.000000 0.000000
vn 0.000000 -1.000000 0.000000
vn 0.000000 -1.000000 0.000000
vn 0.000000 -1.000000 0.000000
vn 0.000000 -1.000000 0.000000
vn 0.000000 -1.000000 0.000000
vn 0.000000 -1.000000 0.000000
vn 0.000000 -1.000000 0.000000
vn 0.000000 -1.000000 0.000000
vn 0.000000 -1.000000 0.000000
vn 0.000000 -1.000000 0.000000
vn 0.000000 -1.000000 0.000000
vn -0.000000 -1.000000 0.000000
vn -0.000000 -1.000000 0.000000
vn -0.000000 -1.000000 0.000000
vn -0.000000 -1.000000 0.000000
vn -0.000000 -1.000000 0.000000
vn -0.000000 -1.000000 0.000000
vn -0.000000 -1.000000 0.000000
vn -0.000000 -1.000000 0.000000
vn -0.000000 -1.000000 0.000000
vn -0.000000 -1.000000 0.000000
vn -0.000000 -1.000000 0.000000
vn -0.000000 -1.000000 0.000000
vn -0.000000 -1.000000 0.000000
vn -0.000000 -1.000000 0.000000
vn -0.000000 -1.000000 0.000000
vn -0.000000 -1.000000 0.000000
vn -0.000000 -1.000000 0.000000
vn -0.000000 -1.000000 0.000000
vn -0.000000 -1.000000 -0.000000
vn -0.000000 -1.000000 -0.000000
vn -0.000000 -1.000000 -0.000000
vn -0.000000 -1.000000 -0.000000
vn -0.000000 -1.000000 -0.000000
vn -0.000000 -1.000000 -0.000000
vn -0.000000 -1.000000 -0.000000
vn -0.000000 -1.000000 -0.000000
vn -0.000000 -1.000000 -0.000000
vn -0.000000 -1.000000 -0.000000
vn -0.000000 -1.000000 -0.000000
vn -0.000000 -1.000000 -0.000000
vn -0.000000 -1.000000 -0.000000
vn -0.000000 -1.000000 -0.000000
vn -0.000000 -1.000000 -0.000000
vn -0.000000 -1.000000 -0.000000
vn -0.000000 -1.000000 -0.000000
vn -0.000000 -1.000000 -0.000000
vn 0.000000 -1.000000 -0.000000
vn 0.000000 -1.000000 -0.000000
vn 0.000000 -1.000000 -0.000000
vn 0.000000 -1.000000 -0.000000
vn 0.000000 -1.000000 -0.000000
vn 0.000000 -1.000000 -0.000000
vn 0.000000 -1.000000 -0.000000
vn 0.000000 -1.000000 -0.000000
vn 0.000000 -1.000000 -0.000000
vn 0.000000 -1.000000 -0.000000
vn 0.000000 -1.000000 -0.000000
vn 0.000000 -1.000000 -0.000000
vn 0.000000 -1.000000 -0.000000
vn 0.000000 -1.000000 -0.000000
vn 0.000000 -1.000000 -0.000000
vn 0.000000 -1.000000 -0.000000
vn 0.000000 -1.000000 -0.000000
vn 0.257663 -0.966235 0.000000
vn 0.256682 -0.966235 0.022457
vn 0.253748 -0.966235 0.044743
vn 0.248883 -0.966235 0.066688
vn 0.242124 -0.966235 0.088126
vn 0.233522 -0.966235 0.108893
vn 0.223142 -0.966235 0.128831
vn 0.211065 -0.966235 0.147789
vn 0.197381 -0.966235 0.165622
vn 0.182195 -0.966235 0.182195
vn 0.165622 -0.966235 0.197381
vn 0.147789 -0.966235 0.211065
vn 0.128831 -0.966235 0.223142
vn 0.108893 -0.966235 0.233522
vn 0.088126 -0.966235 0.242124
vn 0.066688 -0.966235 0.248883
vn 0.044743 -0.966235 0.253748
vn 0.022457 -0.966235 0.256682
vn 0.000000 -0.966235 0.257663
vn -0.022457 -0.966235 0.256682
vn -0.044743 -0.966235 0.253748
vn -0.066688 -0.966235 0.248883
vn -0.088126 -0.966235 0.242124
vn -0.108893 -0.966235 0.233522
vn -0.128831 -0.966235 0.223142
vn -0.147789 -0.966235 0.211065
vn -0.165622 -0.966235 0.197381
vn -0.182195 -0.966235 0.182195
vn -0.197381 -0.966235 0.165622
vn -0.211065 -0.966235 0.147789
vn -0.223142 -0.966235 0.128831
vn -0.233522 -0.966235 0.108893
vn -0.242124 -0.966235 0.088126
vn -0.248883 -0.966235 0.066688
vn -0.253748 -0.966235 0.044743
vn -0.256682 -0.966235 0.022457
vn -0.257663 -0.966235 0.000000
vn -0.256682 -0.966235 -0.022457
vn -0.253748 -0.966235 -0.044743
vn -0.248883 -0.966235 -0.066688
vn -0.242124 -0.966235 -0.088126
vn -0.233522 -0.966235 -0.108893
vn -0.223142 -0.966235 -0.128831
vn -0.211065 -0.966235 -0.147789
vn -0.197381 -0.966235 -0.165622
vn -0.182195 -0.966235 -0.182195
vn -0.165622 -0.966235 -0.197381
vn -0.147789 -0.966235 -0.211065
vn -0.128831 -0.966235 -0.223142
vn -0.108893 -0.966235 -0.233522
vn -0.088126 -0.966235 -0.242124
vn -0.066688 -0.966235 -0.248883
vn -0.044743 -0.966235 -0.253748
vn -0.022457 -0.966235 -0.256682
vn -0.000000 -0.966235 -0.257663
vn 0.022457 -0.966235 -0.256682
vn 0.044743 -0.966235 -0.253748
vn 0.066688 -0.966235 -0.248883
vn 0.088126 -0.966235 -0.242124
vn 0.108893 -0.966235 -0.233522
vn 0.128831 -0.966235 -0.223142
vn 0.147789 -0.966235 -0.211065
vn 0.165622 -0.966235 -0.197381
vn 0.182195 -0.966235 -0.182195
vn 0.197381 -0.966235 -0.165622
vn 0.211065 -0.966235 -0.147789
vn 0.223142 -0.966235 -0.128831
vn 0.233522 -0.966235 -0.108893
vn 0.242124 -0.966235 -0.088126
vn 0.248883 -0.966235 -0.066688
vn 0.253748 -0.966235 -0.044743
vn 0.256682 -0.966235 -0.022457
vn 0.609711 -0.792624 0.000000
vn 0.607391 -0.792624 0.053140
vn 0.600448 -0.792624 0.105875
vn 0.588935 -0.792624 0.157805
vn 0.572941 -0.792624 0.208533
vn 0.552586 -0.792624 0.257675
vn 0.528025 -0.792624 0.304855
vn 0.499446 -0.792624 0.349716
vn 0.467066 -0.792624 0.391915
vn 0.431131 -0.792624 0.431131
vn 0.391915 -0.792624 0.467066
vn 0.349716 -0.792624 0.499446
vn 0.304855 -0.792624 0.528025
vn 0.257675 -0.792624 0.552586
vn 0.208533 -0.792624 0.572941
vn 0.157805 -0.792624 0.588935
vn 0.105875 -0.792624 0.600448
vn 0.053140 -0.792624 0.607391
vn 0.000000 -0.792624 0.609711
vn -0.053140 -0.792624 0.607391
vn -0.105875 -0.792624 0.600448
vn -0.157805 -0.792624 0.588935
vn -0.208533 -0.792624 0.572941
vn -0.257675 -0.792624 0.552586
vn -0.304855 -0.792624 0.528025
vn -0.349716 -0.792624 0.499446
vn -0.391915 -0.792624 0.467066
vn -0.431131 -0.792624 0.431131
vn -0.467066 -0.792624 0.391915
vn -0.499446 -0.792624 0.349716
vn -0.528025 -0.792624 0.304855
vn -0.552586 -0.792624 0.257675
vn -0.572941 -0.792624 0.208533
vn -0.588935 -0.792624 0.157805
vn -0.600448 -0.792624 0.105875
vn -0.607391 -0.792624 0.053140
vn -0.609711 -0.792624 0.000000
vn -0.607391 -0.792624 -0.053140
vn -0.600448 -0.792624 -0.105875
vn -0.588935 -0.792624 -0.157805
vn -0.572941 -0.792624 -0.208533
vn -0.552586 -0.792624 -0.257675
vn -0.528025 -0.792624 -0.304855
vn -0.499446 -0.792624 -0.349716
vn -0.467066 -0.792624 -0.391915
vn -0.431131 -0.792624 -0.431131
vn -0.391915 -0.792624 -0.467066
vn -0.349716 -0.792624 -0.499446
vn -0.304855 -0.792624 -0.528025
vn -0.257675 -0.792624 -0.552586
vn -0.208533 -0.792624 -0.572941
vn -0.157805 -0.792624 -0.588935
vn -0.105875 -0.792624 -0.600448
vn -0.053140 -0.792624 -0.607391
vn -0.000000 -0.792624 -0.609711
vn 0.053140 -0.792624 -0.607391
vn 0.105875 -0.792624 -0.600448
vn 0.157805 -0.792624 -0.588935
vn 0.208533 -0.792624 -0.572941
vn 0.257675 -0.792624 -0.552586
vn 0.304855 -0.792624 -0.528025
vn 0.349716 -0.792624 -0.499446
vn 0.391915 -0.792624 -0.467066
vn 0.431131 -0.792624 -0.431131
vn 0.467066 -0.792624 -0.391915
vn 0.499446 -0.792624 -0.349716
vn 0.528025 -0.792624 -0.304855
vn 0.552586 -0.792624 -0.257675
vn 0.572941 -0.792624 -0.208533
vn 0.588935 -0.792624 -0.157805
vn 0.600448 -0.792624 -0.105875
vn 0.607391 -0.792624 -0.053140
vn 0.554700 0.832050 0.000000
vn 0.552589 0.832050 0.048345
vn 0.546273 0.832050 0.096323
vn 0.535799 0.832050 0.143567
vn 0.521248 0.832050 0.189719
vn 0.502729 0.832050 0.234426
vn 0.480384 0.832050 0.277350
vn 0.454384 0.832050 0.318163
vn 0.424925 0.832050 0.356554
vn 0.392232 0.832050 0.392232
vn 0.356554 0.832050 0.424925
vn 0.318163 0.832050 0.454384
vn 0.277350 0.832050 0.480384
vn 0.234426 0.832050 0.502729
vn 0.189719 0.832050 0.521248
vn 0.143567 0.832050 0.535799
vn 0.096323 0.832050 0.546273
vn 0.048345 0.832050 0.552589
vn 0.000000 0.832050 0.554700
vn -0.048345 0.832050 0.552589
vn -0.096323 0.832050 0.546273
vn -0.143567 0.832050 0.535799
vn -0.189719 0.832050 0.521248
vn -0.234426 0.832050 0.502729
vn -0.277350 0.832050 0.480384
vn -0.318163 0.832050 0.454384
vn -0.356554 0.832050 0.424925
vn -0.392232 0.832050 0.392232
vn -0.424925 0.832050 0.356554
vn -0.454384 0.832050 0.318163
vn -0.480384 0.832050 0.277350
vn -0.502729 0.832050 0.234426
vn -0.521248 0.832050 0.189719
vn -0.535799 0.832050 0.143567
vn -0.546273 0.832050 0.096323
vn -0.552589 0.832050 0.048345
vn -0.554700 0.832050 0.000000
vn -0.552589 0.832050 -0.048345
vn -0.546273 0.832050 -0.096323
vn -0.535799 0.832050 -0.143567
vn -0.521248 0.832050 -0.189719
vn -0.502729 0.832050 -0.234426
vn -0.480384 0.832050 -0.277350
vn -0.454384 0.832050 -0.318163
vn -0.424925 0.832050 -0.356554
vn -0.392232 0.832050 -0.392232
vn -0.356554 0.832050 -0.424925
vn -0.318163 0.832050 -0.454384
vn -0.277350 0.832050 -0.480384
vn -0.234426 0.832050 -0.502729
vn -0.189719 0.832050 -0.521248
vn -0.143567 0.832050 -0.535799
vn -0.096323 0.832050 -0.546273
vn -0.048345 0.832050 -0.552589
vn -0.000000 0.832050 -0.554700
vn 0.048345 0.832050 -0.552589
vn 0.096323 0.832050 -0.546273
vn 0.143567 0.832050 -0.535799
vn 0.189719 0.832050 -0.521248
vn 0.234426 0.832050 -0.502729
vn 0.277350 0.832050 -0.480384
vn 0.318163 0.832050 -0.454384
vn 0.356554 0.832050 -0.424925
vn 0.392232 0.832050 -0.392232
vn 0.424925 0.832050 -0.356554
vn 0.454384 0.832050 -0.318163
vn 0.480384 0.832050 -0.277350
vn 0.502729 0.832050 -0.234426
vn 0.521248 0.832050 -0.189719
vn 0.535799 0.832050 -0.143567
vn 0.546273 0.832050 -0.096323
vn 0.552589 0.832050 -0.048345
vn 0.294086 0.955779 0.000000
vn 0.292967 0.955779 0.025631
vn 0.289618 0.955779 0.051067
vn 0.284065 0.955779 0.076115
vn 0.276350 0.955779 0.100583
vn 0.266532 0.955779 0.124286
vn 0.254686 0.955779 0.147043
vn 0.240901 0.955779 0.168681
vn 0.225283 0.955779 0.189035
vn 0.207950 0.955779 0.207950
vn 0.189035 0.955779 0.225283
vn 0.168681 0.955779 0.240901
vn 0.147043 0.955779 0.254686
vn 0.124286 0.955779 0.266532
vn 0.100583 0.955779 0.276350
vn 0.076115 0.955779 0.284065
vn 0.051067 0.955779 0.289618
vn 0.025631 0.955779 0.292967
vn 0.000000 0.955779 0.294086
vn -0.025631 0.955779 0.292967
vn -0.051067 0.955779 0.289618
vn -0.076115 0.955779 0.284065
vn -0.100583 0.955779 0.276350
vn -0.124286 0.955779 0.266532
vn -0.147043 0.955779 0.254686
vn -0.168681 0.955779 0.240901
vn -0.189035 0.955779 0.225283
vn -0.207950 0.955779 0.207950
vn -0.225283 0.955779 0.189035
vn -0.240901 0.955779 0.168681
vn -0.254686 0.955779 0.147043
vn -0.266532 0.955779 0.124286
vn -0.276350 0.955779 0.100583
vn -0.284065 0.955779 0.076115
vn -0.289618 0.955779 0.051067
vn -0.292967 0.955779 0.025631
vn -0.294086 0.955779 0.000000
vn -0.292967 0.955779 -0.025631
vn -0.289618 0.955779 -0.051067
vn -0.284065 0.955779 -0.076115
vn -0.276350 0.955779 -0.100583
vn -0.266532 0.955779 -0.124286
vn -0.254686 0.955779 -0.147043
vn -0.240901 0.955779 -0.168681
vn -0.225283 0.955779 -0.189035
vn -0.207950 0.955779 -0.207950
vn -0.189035 0.955779 -0.225283
vn -0.168681 0.955779 -0.240901
vn -0.147043 0.955779 -0.254686
vn -0.124286 0.955779 -0.266532
vn -0.100583 0.955779 -0.276350
vn -0.076115 0.955779 -0.284065
vn -0.051067 0.955779 -0.289618
vn -0.025631 0.955779 -0.292967
vn -0.000000 0.955779 -0.294086
vn 0.025631 0.955779 -0.292967
vn 0.051067 0.955779 -0.289618
vn 0.076115 0.955779 -0.284065
vn 0.100583 0.955779 -0.276350
vn 0.124286 0.955779 -0.266532
vn 0.147043 0.955779 -0.254686
vn 0.168681 0.955779 -0.240901
vn 0.189035 0.955779 -0.225283
vn 0.207950 0.955779 -0.207950
vn 0.225283 0.955779 -0.189035
vn 0.240901 0.955779 -0.168681
vn 0.254686 0.955779 -0.147043
vn 0.266532 0.955779 -0.124286
vn 0.276350 0.955779 -0.100583
vn 0.284065 0.955779 -0.076115
vn 0.289618 0.955779 -0.051067
vn 0.292967 0.955779 -0.025631
f 1//1 2//2 74//74 73//73
f 2//2 3//3 75//75 74//74
f 3//3 4//4 76//76 75//75
f 4//4 5//5 77//77 76//76
f 5//5 6//6 78//78 77//77
f 6//6 7//7 79//79 78//78
f 7//7 8//8 80//80 79//79
f 8//8 9//9 81//81 80//80
f 9//9 10//10 82//82 81//81
f 10//10 11//11 83//83 82//82
f 11//11 12//12 84//84 83//83
f 12//12 13//13 85//85 84//84
f 13//13 14//14 86//86 85//85
f 14//14 15//15 87//87 86//86
f 15//15 16//16 88//88 87//87
f 16//16 17//17 89//89 88//88
f 17//17 18//18 90//90 89//89
f 18//18 19//19 91//91 90//90
f 19//19 20//20 92//92 91//91
f 20//20 21//21 93//93 92//92
f 21//21 22//22 94//94 93//93
f 22//22 23//23 95//95 94//94
f 23//23 24//24 96//96 95//95
f 24//24 25//25 97//97 96//96
f 25//25 26//26 98//98 97//97
f 26//26 27//27 99//99 98//98
f 27//27 28//28 100//100 99//99
f 28//28 29//29 101//101 100//100
f 29//29 30//30 102//102 101//101
f 30//30 31//31 103//103 102//102
f 31//31 32//32 104//104 103//103
f 32//32 33//33 105//105 104//104
f 33//33 34//34 106//106 105//105
f 34//34 35//35 107//107 106//106
f 35//35 36//36 108//108 107//107
f 36//36 37//37 109//109 108//108
f 37//37 38//38 110//110 109//109
f 38//38 39//39 111//111 110//110
f 39//39 40//40 112//112 111//111
f 40//40 41//41 113//113 112//112
f 41//41 42//42 114//114 113//113
f 42//42 43//43 115//115 114//114
f 43//43 44//44 116//116 115//115
f 44//44 45//45 117//117 116//116
f 45//45 46//46 118//118 117//117
f 46//46 47//47 119//119 118//118
f 47//47 48//48 120//120 119//119
f 48//48 49//49 121//121 120//120
f 49//49 50//50 122//122 121//121
f 50//50 51//51 123//123 122//122
f 51//51 52//52 124//124 123//123
f 52//52 53//53 125//125 124//124
f 53//53 54//54 126//126 125//125
f 54//54 55//55 127//127 126//126
f 55//55 56//56 128//128 127//127
f 56//56 57//57 129//129 128//128
f 57//57 58//58 130//130 129//129
f 58//58 59//59 131//131 130//130
f 59//59 60//60 132//132 131//131
f 60//60 61//61 133//133 132//132
f 61//61 62//62 134//134 133//133
f 62//62 63//63 135//135 134//134
f 63//63 64//64 136//136 135//135
f 64//64 65//65 137//137 136//136
f 65//65 66//66 138//138 137//137
f 66//66 67//67 139//139 138//138
f 67//67 68//68 140//140 139//139
f 68//68 69//69 141//141 140//140
f 69//69 70//70 142//142 141//141
f 70//70 71//71 143//143 142//142
f 71//71 72//72 144//144 143//143
f 72//72 1//1 73//73 144//144
f 73//73 74//74 146//146 145//145
f 74//74 75//75 147//147 146//146
f 75//75 76//76 148//148 147//147
f 76//76 77//77 149//149 148//148
f 77//77 78//78 150//150 149//149
f 78//78 79//79 151//151 150//150
f 79//79 80//80 152//152 151//151
f 80//80 81//81 153//153 152//152
f 81//81 82//82 154//154 153//153
f 82//82 83//83 155//155 154//154
f 83//83 84//84 156//156 155//155
f 84//84 85//85 157//157 156//156
f 85//85 86//86 158//158 157//157
f 86//86 87//87 159//159 158//158
f 87//87 88//88 160//160 159//159
f 88//88 89//89 161//161 160//160
f 89//89 90//90 162//162 161//161
f 90//90 91//91 163//163 162//162
f 91//91 92//92 164//164 163//163
f 92//92 93//93 165//165 164//164
f 93//93 94//94 166//166 165//165
f 94//94 95//95 167//167 166//166
f 95//95 96//96 168//168 167//167
f 96//96 97//97 169//169 168//168
f 97//97 98//98 170//170 169//169
f 98//98 99//99 171//171 170//170
f 99//99 100//100 172//172 171//171
f 100//100 101//101 173//173 172//172
f 101//101 102//102 174//174 173//173
f 102//102 103//103 175//175 174//174
f 103//103 104//104 176//176 175//175
f 104//104 105//105 177//177 176//176
f 105//105 106//106 178//178 177//177
f 106//106 107//107 179//179 178//178
f 107//107 108//108 180//180 179//179
f 108//108 109//109 181//181 180//180
f 109//109 110//110 182//182 181//181
f 110//110 111//111 183//183 182//182
f 111//111 112//112 184//184 183//183
f 112//112 113//113 185//185 184//184
f 113//113 114//114 186//186 185//185
f 114//114 115//115 187//187 186//186
f 115//115 116//116 188//188 187//187
f 116//116 117//117 189//189 188//188
f 117//117 118//118 190//190 189//189
f 118//118 119//119 191//191 190//190
f 119//119 120//120 192//192 191//191
f 120//120 121//121 193//193 192//192
f 121//121 122//122 194//194 193//193
f 122//122 123//123 195//195 194//194
f 123//123 124//124 196//196 195//195
f 124//124 125//125 197//197 196//196
f 125//125 126//126 198//198 197//197
f 126//126 127//127 199//199 198//198
f 127//127 128//128 200//200 199//199
f 128//128 129//129 201//201 200//200
f 129//129 130//130 202//202 201//201
f 130//130 131//131 203//203 202//202
f 131//131 132//132 204//204 203//203
f 132//132 133//133 205//205 204//204
f 133//133 134//134 206//206 205//205
f 134//134 135//135 207//207 206//206
f 135//135 136//136 208//208 207//207
f 136//136 137//137 209//209 208//208
f 137//137 138//138 210//210 209//209
f 138//138 139//139 211//211 210//210
f 139//139 140//140 212//212 211//211
f 140//140 141//141 213//213 212//212
f 141//141 142//142 214//214 213//213
f 142//142 143//143 215//215 214//214
f 143//143 144//144 216//216 215//215
f 144//144 73//73 145//145 216//216
f 145//145 146//146 218//218 217//217
f 146//146 147//147 219//219 218//218
f 147//147 148//148 220//220 219//219
f 148//148 149//149 221//221 220//220
f 149//149 150//150 222//222 221//221
f 150//150 151//151 223//223 222//222
f 151//151 152//152 224//224 223//223
f 152//152 153//153 225//225 224//224
f 153//153 154//154 226//226 225//225
f 154//154 155//155 227//227 226//226
f 155//155 156//156 228//228 227//227
f 156//156 157//157 229//229 228//228
f 157//157 158//158 230//230 229//229
f 158//158 159//159 231//231 230//230
f 159//159 160//160 232//232 231//231
f 160//160 161//161 233//233 232//232
f 161//161 162//162 234//234 233//233
f 162//162 163//163 235//235 234//234
f 163//163 164//164 236//236 235//235
f 164//164 165//165 237//237 236//236
f 165//165 166//166 238//238 237//237
f 166//166 167//167 239//239 238//238
f 167//167 168//168 240//240 239//239
f 168//168 169//169 241//241 240//240
f 169//169 170//170 242//242 241//241
f 170//170 171//171 243//243 242//242
f 171//171 172//172 244//244 243//243
f 172//172 173//173 245//245 244//244
f 173//173 174//174 246//246 245//245
f 174//174 175//175 247//247 246//246
f 175//175 176//176 248//248 247//247
f 176//176 177//177 249//249 248//248
f 177//177 178//178 250//250 249//249
f 178//178 179//179 251//251 250//250
f 179//179 180//180 252//252 251//251
f 180//180 181//181 253//253 252//252
f 181//181 182//182 254//254 253//253
f 182//182 183//183 255//255 254//254
f 183//183 184//184 256//256 255//255
f 184//184 185//185 257//257 256//256
f 185//185 186//186 258//258 257//257
f 186//186 187//187 259//259 258//258
f 187//187 188//188 260//260 259//259
f 188//188 189//189 261//261 260//260
f 189//189 190//190 262//262 261//261
f 190//190 191//191 263//263 262//262
f 191//191 192//192 264//264 263//263
f 192//192 193//193 265//265 264//264
f 193//193 194//194 266//266 265//265
f 194//194 195//195 267//267 266//266
f 195//195 196//196 268//268 267//267
f 196//196 197//197 269//269 268//268
f 197//197 198//198 270//270 269//269
f 198//198 199//199 271//271 270//270
f 199//199 200//200 272//272 271//271
f 200//200 201//201 273//273 272//272
f 201//201 202//202 274//274 273//273
f 202//202 203//203 275//275 274//274
f 203//203 204//204 276//276 275//275
f 204//204 205//205 277//277 276//276
f 205//205 206//206 278//278 277//277
f 206//206 207//207 279//279 278//278
f 207//207 208//208 280//280 279//279
f 208//208 209//209 281//281 280//280
f 209//209 210//210 282//282 281//281
f 210//210 211//211 283//283 282//282
f 211//211 212//212 284//284 283//283
f 212//212 213//213 285//285 284//284
f 213//213 214//214 286//286 285//285
f 214//214 215//215 287//287 286//286
f 215//215 216//216 288//288 287//287
f 216//216 145//145 217//217 288//288
f 217//217 218//218 290//290 289//289
f 218//218 219//219 291//291 290//290
f 219//219 220//220 292//292 291//291
f 220//220 221//221 293//293 292//292
f 221//221 222//222 294//294 293//293
f 222//222 223//223 295//295 294//294
f 223//223 224//224 296//296 295//295
f 224//224 225//225 297//297 296//296
f 225//225 226//226 298//298 297//297
f 226//226 227//227 299//299 298//298
f 227//227 228//228 300//300 299//299
f 228//228 229//229 301//301 300//300
f 229//229 230//230 302//302 301//301
f 230//230 231//231 303//303 302//302
f 231//231 232//232 304//304 303//303
f 232//232 233//233 305//305 304//304
f 233//233 234//234 306//306 305//305
f 234//234 235//235 307//307 306//306
f 235//235 236//236 308//308 307//307
f 236//236 237//237 309//309 308//308
f 237//237 238//238 310//310 309//309
f 238//238 239//239 311//311 310//310
f 239//239 240//240 312//312 311//311
f 240//240 241//241 313//313 312//312
f 241//241 242//242 314//314 313//313
f 242//242 243//243 315//315 314//314
f 243//243 244//244 316//316 315//315
f 244//244 245//245 317//317 316//316
f 245//245 246//246 318//318 317//317
f 246//246 247//247 319//319 318//318
f 247//247 248//248 320//320 319//319
f 248//248 249//249 321//321 320//320
f 249//249 250//250 322//322 321//321
f 250//250 251//251 323//323 322//322
f 251//251 252//252 324//324 323//323
f 252//252 253//253 325//325 324//324
f 253//253 254//254 326//326 325//325
f 254//254 255//255 327//327 326//326
f 255//255 256//256 328//328 327//327
f 256//256 257//257 329//329 328//328
f 257//257 258//258 330//330 329//329
f 258//258 259//259 331//331 330//330
f 259//259 260//260 332//332 331//331
f 260//260 261//261 333//333 332//332
f 261//261 262//262 334//334 333//333
f 262//262 263//263 335//335 334//334
f 263//263 264//264 336//336 335//335
f 264//264 265//265 337//337 336//336
f 265//265 266//266 338//338 337//337
f 266//266 267//267 339//339 338//338
f 267//267 268//268 340//340 339//339
f 268//268 269//269 341//341 340//340
f 269//269 270//270 342//342 341//341
f 270//270 271//271 343//343 342//342
f 271//271 272//272 344//344 343//343
f 272//272 273//273 345//345 344//344
f 273//273 274//274 346//346 345//345
f 274//274 275//275 347//347 346//346
f 275//275 276//276 348//348 347//347
f 276//276 277//277 349//349 348//348
f 277//277 278//278 350//350 349//349
f 278//278 279//279 351//351 350//350
f 279//279 280//280 352//352 351//351
f 280//280 281//281 353//353 352//352
f 281//281 282//282 354//354 353//353
f 282//282 283//283 355//355 354//354
f 283//283 284//284 356//356 355//355
f 284//284 285//285 357//357 356//356
f 285//285 286//286 358//358 357//357
f 286//286 287//287 359//359 358//358
f 287//287 288//288 360//360 359//359
f 288//288 217//217 289//289 360//360
f 289//289 290//290 362//362 361//361
f 290//290 291//291 363//363 362//362
f 291//291 292//292 364//364 363//363
f 292//292 293//293 365//365 364//364
f 293//293 294//294 366//366 365//365
f 294//294 295//295 367//367 366//366
f 295//295 296//296 368//368 367//367
f 296//296 297//297 369//369 368//368
f 297//297 298//298 370//370 369//369
f 298//298 299//299 371//371 370//370
f 299//299 300//300 372//372 371//371
f 300//300 301//301 373//373 372//372
f 301//301 302//302 374//374 373//373
f 302//302 303//303 375//375 374//374
f 303//303 304//304 376//376 375//375
f 304//304 305//305 377//377 376//376
f 305//305 306//306 378//378 377//377
f 306//306 307//307 379//379 378//378
f 307//307 308//308 380//380 379//379
f 308//308 309//309 381//381 380//380
f 309//309 310//310 382//382 381//381
f 310//310 311//311 383//383 382//382
f 311//311 312//312 384//384 383//383
f 312//312 313//313 385//385 384//384
f 313//313 314//314 386//386 385//385
f 314//314 315//315 387//387 386//386
f 315//315 316//316 388//388 387//387
f 316//316 317//317 389//389 388//388
f 317//317 318//318 390//390 389//389
f 318//318 319//319 391//391 390//390
f 319//319 320//320 392//392 391//391
f 320//320 321//321 393//393 392//392
f 321//321 322//322 394//394 393//393
f 322//322 323//323 395//395 394//394
f 323//323 324//324 396//396 395//395
f 324//324 325//325 397//397 396//396
f 325//325 326//326 398//398 397//397
f 326//326 327//327 399//399 398//398
f 327//327 328//328 400//400 399//399
f 328//328 329//329 401//401 400//400
f 329//329 330//330 402//402 401//401
f 330//330 331//331 403//403 402//402
f 331//331 332//332 404//404 403//403
f 332//332 333//333 405//405 404//404
f 333//333 334//334 406//406 405//405
f 334//334 335//335 407//407 406//406
f 335//335 336//336 408//408 407//407
f 336//336 337//337 409//409 408//408
f 337//337 338//338 410//410 409//409
f 338//338 339//339 411//411 410//410
f 339//339 340//340 412//412 411//411
f 340//340 341//341 413//413 412//412
f 341//341 342//342 414//414 413//413
f 342//342 343//343 415//415 414//414
f 343//343 344//344 416//416 415//415
f 344//344 345//345 417//417 416//416
f 345//345 346//346 418//418 417//417
f 346//346 347//347 419//419 418//418
f 347//347 348//348 420//420 419//419
f 348//348 349//349 421//421 420//420
f 349//349 350//350 422//422 421//421
f 350//350 351//351 423//423 422//422
f 351//351 352//352 424//424 423//423
f 352//352 353//353 425//425 424//424
f 353//353 354//354 426//426 425//425
f 354//354 355//355 427//427 426//426
f 355//355 356//356 428//428 427//427
f 356//356 357//357 429//429 428//428
f 357//357 358//358 430//430 429//429
f 358//358 359//359 431//431 430//430
f 359//359 360//360 432//432 431//431
f 360//360 289//289 361//361 432//432
f 361//361 362//362 434//434 433//433
f 362//362 363//363 435//435 434//434
f 363//363 364//364 436//436 435//435
f 364//364 365//365 437//437 436//436
f 365//365 366//366 438//438 437//437
f 366//366 367//367 439//439 438//438
f 367//367 368//368 440//440 439//439
f 368//368 369//369 441//441 440//440
f 369//369 370//370 442//442 441//441
f 370//370 371//371 443//443 442//442
f 371//371 372//372 444//444 443//443
f 372//372 373//373 445//445 444//444
f 373//373 374//374 446//446 445//445
f 374//374 375//375 447//447 446//446
f 375//375 376//376 448//448 447//447
f 376//376 377//377 449//449 448//448
f 377//377 378//378 450//450 449//449
f 378//378 379//379 451//451 450//450
f 379//379 380//380 452//452 451//451
f 380//380 381//381 453//453 452//452
f 381//381 382//382 454//454 453//453
f 382//382 383//383 455//455 454//454
f 383//383 384//384 456//456 455//455
f 384//384 385//385 457//457 456//456
f 385//385 386//386 458//458 457//457
f 386//386 387//387 459//459 458//458
f 387//387 388//388 460//460 459//459
f 388//388 389//389 461//461 460//460
f 389//389 390//390 462//462 461//461
f 390//390 391//391 463//463 462//462
f 391//391 392//392 464//464 463//463
f 392//392 393//393 465//465 464//464
f 393//393 394//394 466//466 465//465
f 394//394 395//395 467//467 466//466
f 395//395 396//396 468//468 467//467
f 396//396 397//397 469//469 468//468
f 397//397 398//398 470//470 469//469
f 398//398 399//399 471//471 470//470
f 399//399 400//400 472//472 471//471
f 400//400 401//401 473//473 472//472
f 401//401 402//402 474//474 473//473
f 402//402 403//403 475//475 474//474
f 403//403 404//404 476//476 475//475
f 404//404 405//405 477//477 476//476
f 405//405 406//406 478//478 477//477
f 406//406 407//407 479//479 478//478
f 407//407 408//408 480//480 479//479
f 408//408 409//409 481//481 480//480
f 409//409 410//410 482//482 481//481
f 410//410 411//411 483//483 482//482
f 411//411 412//412 484//484 483//483
f 412//412 413//413 485//485 484//484
f 413//413 414//414 486//486 485//485
f 414//414 415//415 487//487 486//486
f 415//415 416//416 488//488 487//487
f 416//416 417//417 489//489 488//488
f 417//417 418//418 490//490 489//489
f 418//418 419//419 491//491 490//490
f 419//419 420//420 492//492 491//491
f 420//420 421//421 493//493 492//492
f 421//421 422//422 494//494 493//493
f 422//422 423//423 495//495 494//494
f 423//423 424//424 496//496 495//495
f 424//424 425//425 497//497 496//496
f 425//425 426//426 498//498 497//497
f 426//426 427//427 499//499 498//498
f 427//427 428//428 500//500 499//499
f 428//428 429//429 501//501 500//500
f 429//429 430//430 502//502 501//501
f 430//430 431//431 503//503 502//502
f 431//431 432//432 504//504 503//503
f 432//432 361//361 433//433 504//504
f 433//433 434//434 506//506 505//505
f 434//434 435//435 507//507 506//506
f 435//435 436//436 508//508 507//507
f 436//436 437//437 509//509 508//508
f 437//437 438//438 510//510 509//509
f 438//438 439//439 511//511 510//510
f 439//439 440//440 512//512 511//511
f 440//440 441//441 513//513 512//512
f 441//441 442//442 514//514 513//513
f 442//442 443//443 515//515 514//514
f 443//443 444//444 516//516 515//515
f 444//444 445//445 517//517 516//516
f 445//445 446//446 518//518 517//517
f 446//446 447//447 519//519 518//518
f 447//447 448//448 520//520 519//519
f 448//448 449//449 521//521 520//520
f 449//449 450//450 522//522 521//521
f 450//450 451//451 523//523 522//522
f 451//451 452//452 524//524 523//523
f 452//452 453//453 525//525 524//524
f 453//453 454//454 526//526 525//525
f 454//454 455//455 527//527 526//526
f 455//455 456//456 528//528 527//527
f 456//456 457//457 529//529 528//528
f 457//457 458//458 530//530 529//529
f 458//458 459//459 531//531 530//530
f 459//459 460//460 532//532 531//531
f 460//460 461//461 533//533 532//532
f 461//461 462//462 534//534 533//533
f 462//462 463//463 535//535 534//534
f 463//463 464//464 536//536 535//535
f 464//464 465//465 537//537 536//536
f 465//465 466//466 538//538 537//537
f 466//466 467//467 539//539 538//538
f 467//467 468//468 540//540 539//539
f 468//468 469//469 541//541 540//540
f 469//469 470//470 542//542 541//541
f 470//470 471//471 543//543 542//542
f 471//471 472//472 544//544 543//543
f 472//472 473//473 545//545 544//544
f 473//473 474//474 546//546 545//545
f 474//474 475//475 547//547 546//546
f 475//475 476//476 548//548 547//547
f 476//476 477//477 549//549 548//548
f 477//477 478//478 550//550 549//549
f 478//478 479//479 551//551 550//550
f 479//479 480//480 552//552 551//551
f 480//480 481//481 553//553 552//552
f 481//481 482//482 554//554 553//553
f 482//482 483//483 555//555 554//554
f 483//483 484//484 556//556 555//555
f 484//484 485//485 557//557 556//556
f 485//485 486//486 558//558 557//557
f 486//486 487//487 559//559 558//558
f 487//487 488//488 560//560 559//559
f 488//488 489//489 561//561 560//560
f 489//489 490//490 562//562 561//561
f 490//490 491//491 563//563 562//562
f 491//491 492//492 564//564 563//563
f 492//492 493//493 565//565 564//564
f 493//493 494//494 566//566 565//565
f 494//494 495//495 567//567 566//566
f 495//495 496//496 568//568 567//567
f 496//496 497//497 569//569 568//568
f 497//497 498//498 570//570 569//569
f 498//498 499//499 571//571 570//570
f 499//499 500//500 572//572 571//571
f 500//500 501//501 573//573 572//572
f 501//501 502//502 574//574 573//573
f 502//502 503//503 575//575 574//574
f 503//503 504//504 576//576 575//575
f 504//504 433//433 505//505 576//576
f 505//505 506//506 578//578 577//577
f 506//506 507//507 579//579 578//578
f 507//507 508//508 580//580 579//579
f 508//508 509//509 581//581 580//580
f 509//509 510//510 582//582 581//581
f 510//510 511//511 583//583 582//582
f 511//511 512//512 584//584 583//583
f 512//512 513//513 585//585 584//584
f 513//513 514//514 586//586 585//585
f 514//514 515//515 587//587 586//586
f 515//515 516//516 588//588 587//587
f 516//516 517//517 589//589 588//588
f 517//517 518//518 590//590 589//589
f 518//518 519//519 591//591 590//590
f 519//519 520//520 592//592 591//591
f 520//520 521//521 593//593 592//592
f 521//521 522//522 594//594 593//593
f 522//522 523//523 595//595 594//594
f 523//523 524//524 596//596 595//595
f 524//524 525//525 597//597 596//596
f 525//525 526//526 598//598 597//597
f 526//526 527//527 599//599 598//598
f 527//527 528//528 600//600 599//599
f 528//528 529//529 601//601 600//600
f 529//529 530//530 602//602 601//601
f 530//530 531//531 603//603 602//602
f 531//531 532//532 604//604 603//603
f 532//532 533//533 605//605 604//604
f 533//533 534//534 606//606 605//605
f 534//534 535//535 607//607 606//606
f 535//535 536//536 608//608 607//607
f 536//536 537//537 609//609 608//608
f 537//537 538//538 610//610 609//609
f 538//538 539//539 611//611 610//610
f 539//539 540//540 612//612 611//611
f 540//540 541//541 613//613 612//612
f 541//541 542//542 614//614 613//613
f 542//542 543//543 615//615 614//614
f 543//543 544//544 616//616 615//615
f 544//544 545//545 617//617 616//616
f 545//545 546//546 618//618 617//617
f 546//546 547//547 619//619 618//618
f 547//547 548//548 620//620 619//619
f 548//548 549//549 621//621 620//620
f 549//549 550//550 622//622 621//621
f 550//550 551//551 623//623 622//622
f 551//551 552//552 624//624 623//623
f 552//552 553//553 625//625 624//624
f 553//553 554//554 626//626 625//625
f 554//554 555//555 627//627 626//626
f 555//555 556//556 628//628 627//627
f 556//556 557//557 629//629 628//628
f 557//557 558//558 630//630 629//629
f 558//558 559//559 631//631 630//630
f 559//559 560//560 632//632 631//631
f 560//560 561//561 633//633 632//632
f 561//561 562//562 634//634 633//633
f 562//562 563//563 635//635 634//634
f 563//563 564//564 636//636 635//635
f 564//564 565//565 637//637 636//636
f 565//565 566//566 638//638 637//637
f 566//566 567//567 639//639 638//638
f 567//567 568//568 640//640 639//639
f 568//568 569//569 641//641 640//640
f 569//569 570//570 642//642 641//641
f 570//570 571//571 643//643 642//642
f 571//571 572//572 644//644 643//643
f 572//572 573//573 645//645 644//644
f 573//573 574//574 646//646 645//645
f 574//574 575//575 647//647 646//646
f 575//575 576//576 648//648 647//647
f 576//576 505//505 577//577 648//648
f 577//577 578//578 650//650 649//649
f 578//578 579//579 651//651 650//650
f 579//579 580//580 652//652 651//651
f 580//580 581//581 653//653 652//652
f 581//581 582//582 654//654 653//653
f 582//582 583//583 655//655 654//654
f 583//583 584//584 656//656 655//655
f 584//584 585//585 657//657 656//656
f 585//585 586//586 658//658 657//657
f 586//586 587//587 659//659 658//658
f 587//587 588//588 660//660 659//659
f 588//588 589//589 661//661 660//660
f 589//589 590//590 662//662 661//661
f 590//590 591//591 663//663 662//662
f 591//591 592//592 664//664 663//663
f 592//592 593//593 665//665 664//664
f 593//593 594//594 666//666 665//665
f 594//594 595//595 667//667 666//666
f 595//595 596//596 668//668 667//667
f 596//596 597//597 669//669 668//668
f 597//597 598//598 670//670 669//669
f 598//598 599//599 671//671 670//670
f 599//599 600//600 672//672 671//671
f 600//600 601//601 673//673 672//672
f 601//601 602//602 674//674 673//673
f 602//602 603//603 675//675 674//674
f 603//603 604//604 676//676 675//675
f 604//604 605//605 677//677 676//676
f 605//605 606//606 678//678 677//677
f 606//606 607//607 679//679 678//678
f 607//607 608//608 680//680 679//679
f 608//608 609//609 681//681 680//680
f 609//609 610//610 682//682 681//681
f 610//610 611//611 683//683 682//682
f 611//611 612//612 684//684 683//683
f 612//612 613//613 685//685 684//684
f 613//613 614//614 686//686 685//685
f 614//614 615//615 687//687 686//686
f 615//615 616//616 688//688 687//687
f 616//616 617//617 689//689 688//688
f 617//617 618//618 690//690 689//689
f 618//618 619//619 691//691 690//690
f 619//619 620//620 692//692 691//691
f 620//620 621//621 693//693 692//692
f 621//621 622//622 694//694 693//693
f 622//622 623//623 695//695 694//694
f 623//623 624//624 696//696 695//695
f 624//624 625//625 697//697 696//696
f 625//625 626//626 698//698 697//697
f 626//626 627//627 699//699 698//698
f 627//627 628//628 700//700 699//699
f 628//628 629//629 701//701 700//700
f 629//629 630//630 702//702 701//701
f 630//630 631//631 703//703 702//702
f 631//631 632//632 704//704 703//703
f 632//632 633//633 705//705 704//704
f 633//633 634//634 706//706 705//705
f 634//634 635//635 707//707 706//706
f 635//635 636//636 708//708 707//707
f 636//636 637//637 709//709 708//708
f 637//637 638//638 710//710 709//709
f 638//638 639//639 711//711 710//710
f 639//639 640//640 712//712 711//711
f 640//640 641//641 713//713 712//712
f 641//641 642//642 714//714 713//713
f 642//642 643//643 715//715 714//714
f 643//643 644//644 716//716 715//715
f 644//644 645//645 717//717 716//716
f 645//645 646//646 718//718 717//717
f 646//646 647//647 719//719 718//718
f 647//647 648//648 720//720 719//719
f 648//648 577//577 649//649 720//720
f 649//649 650//650 722//722 721//721
f 650//650 651//651 723//723 722//722
f 651//651 652//652 724//724 723//723
f 652//652 653//653 725//725 724//724
f 653//653 654//654 726//726 725//725
f 654//654 655//655 727//727 726//726
f 655//655 656//656 728//728 727//727
f 656//656 657//657 729//729 728//728
f 657//657 658//658 730//730 729//729
f 658//658 659//659 731//731 730//730
f 659//659 660//660 732//732 731//731
f 660//660 661//661 733//733 732//732
f 661//661 662//662 734//734 733//733
f 662//662 663//663 735//735 734//734
f 663//663 664//664 736//736 735//735
f 664//664 665//665 737//737 736//736
f 665//665 666//666 738//738 737//737
f 666//666 667//667 739//739 738//738
f 667//667 668//668 740//740 739//739
f 668//668 669//669 741//741 740//740
f 669//669 670//670 742//742 741//741
f 670//670 671//671 743//743 742//742
f 671//671 672//672 744//744 743//743
f 672//672 673//673 745//745 744//744
f 673//673 674//674 746//746 745//745
f 674//674 675//675 747//747 746//746
f 675//675 676//676 748//748 747//747
f 676//676 677//677 749//749 748//748
f 677//677 678//678 750//750 749//749
f 678//678 679//679 751//751 750//750
f 679//679 680//680 752//752 751//751
f 680//680 681//681 753//753 752//752
f 681//681 682//682 754//754 753//753
f 682//682 683//683 755//755 754//754
f 683//683 684//684 756//756 755//755
f 684//684 685//685 757//757 756//756
f 685//685 686//686 758//758 757//757
f 686//686 687//687 759//759 758//758
f 687//687 688//688 760//760 759//759
f 688//688 689//689 761//761 760//760
f 689//689 690//690 762//762 761//761
f 690//690 691//691 763//763 762//762
f 691//691 692//692 764//764 763//763
f 692//692 693//693 765//765 764//764
f 693//693 694//694 766//766 765//765
f 694//694 695//695 767//767 766//766
f 695//695 696//696 768//768 767//767
f 696//696 697//697 769//769 768//768
f 697//697 698//698 770//770 769//769
f 698//698 699//699 771//771 770//770
f 699//699 700//700 772//772 771//771
f 700//700 701//701 773//773 772//772
f 701//701 702//702 774//774 773//773
f 702//702 703//703 775//775 774//774
f 703//703 704//704 776//776 775//775
f 704//704 705//705 777//777 776//776
f 705//705 706//706 778//778 777//777
f 706//706 707//707 779//779 778//778
f 707//707 708//708 780//780 779//779
f 708//708 709//709 781//781 780//780
f 709//709 710//710 782//782 781//781
f 710//710 711//711 783//783 782//782
f 711//711 712//712 784//784 783//783
f 712//712 713//713 785//785 784//784
f 713//713 714//714 786//786 785//785
f 714//714 715//715 787//787 786//786
f 715//715 716//716 788//788 787//787
f 716//716 717//717 789//789 788//788
f 717//717 718//718 790//790 789//789
f 718//718 719//719 791//791 790//790
f 719//719 720//720 792//792 791//791
f 720//720 649//649 721//721 792//792
f 721//721 722//722 794//794 793//793
f 722//722 723//723 795//795 794//794
f 723//723 724//724 796//796 795//795
f 724//724 725//725 797//797 796//796
f 725//725 726//726 798//798 797//797
f 726//726 727//727 799//799 798//798
f 727//727 728//728 800//800 799//799
f 728//728 729//729 801//801 800//800
f 729//729 730//730 802//802 801//801
f 730//730 731//731 803//803 802//802
f 731//731 732//732 804//804 803//803
f 732//732 733//733 805//805 804//804
f 733//733 734//734 806//806 805//805
f 734//734 735//735 807//807 806//806
f 735//735 736//736 808//808 807//807
f 736//736 737//737 809//809 808//808
f 737//737 738//738 810//810 809//809
f 738//738 739//739 811//811 810//810
f 739//739 740//740 812//812 811//811
f 740//740 741//741 813//813 812//812
f 741//741 742//742 814//814 813//813
f 742//742 743//743 815//815 814//814
f 743//743 744//744 816//816 815//815
f 744//744 745//745 817//817 816//816
f 745//745 746//746 818//818 817//817
f 746//746 747//747 819//819 818//818
f 747//747 748//748 820//820 819//819
f 748//748 749//749 821//821 820//820
f 749//749 750//750 822//822 821//821
f 750//750 751//751 823//823 822//822
f 751//751 752//752 824//824 823//823
f 752//752 753//753 825//825 824//824
f 753//753 754//754 826//826 825//825
f 754//754 755//755 827//827 826//826
f 755//755 756//756 828//828 827//827
f 756//756 757//757 829//829 828//828
f 757//757 758//758 830//830 829//829
f 758//758 759//759 831//831 830//830
f 759//759 760//760 832//832 831//831
f 760//760 761//761 833//833 832//832
f 761//761 762//762 834//834 833//833
f 762//762 763//763 835//835 834//834
f 763//763 764//764 836//836 835//835
f 764//764 765//765 837//837 836//836
f 765//765 766//766 838//838 837//837
f 766//766 767//767 839//839 838//838
f 767//767 768//768 840//840 839//839
f 768//768 769//769 841//841 840//840
f 769//769 770//770 842//842 841//841
f 770//770 771//771 843//843 842//842
f 771//771 772//772 844//844 843//843
f 772//772 773//773 845//845 844//844
f 773//773 774//774 846//846 845//845
f 774//774 775//775 847//847 846//846
f 775//775 776//776 848//848 847//847
f 776//776 777//777 849//849 848//848
f 777//777 778//778 850//850 849//849
f 778//778 779//779 851//851 850//850
f 779//779 780//780 852//852 851//851
f 780//780 781//781 853//853 852//852
f 781//781 782//782 854//854 853//853
f 782//782 783//783 855//855 854//854
f 783//783 784//784 856//856 855//855
f 784//784 785//785 857//857 856//856
f 785//785 786//786 858//858 857//857
f 786//786 787//787 859//859 858//858
f 787//787 788//788 860//860 859//859
f 788//788 789//789 861//861 860//860
f 789//789 790//790 862//862 861//861
f 790//790 791//791 863//863 862//862
f 791//791 792//792 864//864 863//863
f 792//792 721//721 793//793 864//864
f 793//793 794//794 866//866 865//865
f 794//794 795//795 867//867 866//866
f 795//795 796//796 868//868 867//867
f 796//796 797//797 869//869 868//868
f 797//797 798//798 870//870 869//869
f 798//798 799//799 871//871 870//870
f 799//799 800//800 872//872 871//871
f 800//800 801//801 873//873 872//872
f 801//801 802//802 874//874 873//873
f 802//802 803//803 875//875 874//874
f 803//803 804//804 876//876 875//875
f 804//804 805//805 877//877 876//876
f 805//805 806//806 878//878 877//877
f 806//806 807//807 879//879 878//878
f 807//807 808//808 880//880 879//879
f 808//808 809//809 881//881 880//880
f 809//809 810//810 882//882 881//881
f 810//810 811//811 883//883 882//882
f 811//811 812//812 884//884 883//883
f 812//812 813//813 885//885 884//884
f 813//813 814//814 886//886 885//885
f 814//814 815//815 887//887 886//886
f 815//815 816//816 888//888 887//887
f 816//816 817//817 889//889 888//888
f 817//817 818//818 890//890 889//889
f 818//818 819//819 891//891 890//890
f 819//819 820//820 892//892 891//891
f 820//820 821//821 893//893 892//892
f 821//821 822//822 894//894 893//893
f 822//822 823//823 895//895 894//894
f 823//823 824//824 896//896 895//895
f 824//824 825//825 897//897 896//896
f 825//825 826//826 898//898 897//897
f 826//826 827//827 899//899 898//898
f 827//827 828//828 900//900 899//899
f 828//828 829//829 901//901 900//900
f 829//829 830//830 902//902 901//901
f 830//830 831//831 903//903 902//902
f 831//831 832//832 904//904 903//903
f 832//832 833//833 905//905 904//904
f 833//833 834//834 906//906 905//905
f 834//834 835//835 907//907 906//906
f 835//835 836//836 908//908 907//907
f 836//836 837//837 909//909 908//908
f 837//837 838//838 910//910 909//909
f 838//838 839//839 911//911 910//910
f 839//839 840//840 912//912 911//911
f 840//840 841//841 913//913 912//912
f 841//841 842//842 914//914 913//913
f 842//842 843//843 915//915 914//914
f 843//843 844//844 916//916 915//915
f 844//844 845//845 917//917 916//916
f 845//845 846//846 918//918 917//917
f 846//846 847//847 919//919 918//918
f 847//847 848//848 920//920 919//919
f 848//848 849//849 921//921 920//920
f 849//849 850//850 922//922 921//921
f 850//850 851//851 923//923 922//922
f 851//851 852//852 924//924 923//923
f 852//852 853//853 925//925 924//924
f 853//853 854//854 926//926 925//925
f 854//854 855//855 927//927 926//926
f 855//855 856//856 928//928 927//927
f 856//856 857//857 929//929 928//928
f 857//857 858//858 930//930 929//929
f 858//858 859//859 931//931 930//930
f 859//859 860//860 932//932 931//931
f 860//860 861//861 933//933 932//932
f 861//861 862//862 934//934 933//933
f 862//862 863//863 935//935 934//934
f 863//863 864//864 936//936 935//935
f 864//864 793//793 865//865 936//936
f 937//937 939//939 938//938
f 937//937 940//940 939//939
f 937//937 941//941 940//940
f 937//937 942//942 941//941
f 937//937 943//943 942//942
f 937//937 944//944 943//943
f 937//937 945//945 944//944
f 937//937 946//946 945//945
f 937//937 947//947 946//946
f 937//937 948//948 947//947
f 937//937 949//949 948//948
f 937//937 950//950 949//949
f 937//937 951//951 950//950
f 937//937 952//952 951//951
f 937//937 953//953 952//952
f 937//937 954//954 953//953
f 937//937 955//955 954//954
f 937//937 956//956 955//955
f 937//937 957//957 956//956
f 937//937 958//958 957//957
f 937//937 959//959 958//958
f 937//937 960//960 959//959
f 937//937 961//961 960//960
f 937//937 962//962 961//961
f 937//937 963//963 962//962
f 937//937 964//964 963//963
f 937//937 965//965 964//964
f 937//937 966//966 965//965
f 937//937 967//967 966//966
f 937//937 968//968 967//967
f 937//937 969//969 968//968
f 937//937 970//970 969//969
f 937//937 971//971 970//970
f 937//937 972//972 971//971
f 937//937 973//973 972//972
f 937//937 974//974 973//973
f 937//937 975//975 974//974
f 937//937 976//976 975//975
f 937//937 977//977 976//976
f 937//937 978//978 977//977
f 937//937 979//979 978//978
f 937//937 980//980 979//979
f 937//937 981//981 980//980
f 937//937 982//982 981//981
f 937//937 983//983 982//982
f 937//937 984//984 983//983
f 937//937 985//985 984//984
f 937//937 986//986 985//985
f 937//937 987//987 986//986
f 937//937 988//988 987//987
f 937//937 989//989 988//988
f 937//937 990//990 989//989
f 937//937 991//991 990//990
f 937//937 992//992 991//991
f 937//937 993//993 992//992
f 937//937 994//994 993//993
f 937//937 995//995 994//994
f 937//937 996//996 995//995
f 937//937 997//997 996//996
f 937//937 998//998 997//997
f 937//937 999//999 998//998
f 937//937 1000//1000 999//999
f 937//937 1001//1001 1000//1000
f 937//937 1002//1002 1001//1001
f 937//937 1003//1003 1002//1002
f 937//937 1004//1004 1003//1003
f 937//937 1005//1005 1004//1004
f 937//937 1006//1006 1005//1005
f 937//937 1007//1007 1006//1006
f 937//937 1008//1008 1007//1007
f 937//937 1009//1009 1008//1008
f 937//937 938//938 1009//1009
f 1010//1010 1011//1011 1012//1012
f 1010//1010 1012//1012 1013//1013
f 1010//1010 1013//1013 1014//1014
f 1010//1010 1014//1014 1015//1015
f 1010//1010 1015//1015 1016//1016
f 1010//1010 1016//1016 1017//1017
f 1010//1010 1017//1017 1018//1018
f 1010//1010 1018//1018 1019//1019
f 1010//1010 1019//1019 1020//1020
f 1010//1010 1020//1020 1021//1021
f 1010//1010 1021//1021 1022//1022
f 1010//1010 1022//1022 1023//1023
f 1010//1010 1023//1023 1024//1024
f 1010//1010 1024//1024 1025//1025
f 1010//1010 1025//1025 1026//1026
f 1010//1010 1026//1026 1027//1027
f 1010//1010 1027//1027 1028//1028
f 1010//1010 1028//1028 1029//1029
f 1010//1010 1029//1029 1030//1030
f 1010//1010 1030//1030 1031//1031
f 1010//1010 1031//1031 1032//1032
f 1010//1010 1032//1032 1033//1033
f 1010//1010 1033//1033 1034//1034
f 1010//1010 1034//1034 1035//1035
f 1010//1010 1035//1035 1036//1036
f 1010//1010 1036//1036 1037//1037
f 1010//1010 1037//1037 1038//1038
f 1010//1010 1038//1038 1039//1039
f 1010//1010 1039//1039 1040//1040
f 1010//1010 1040//1040 1041//1041
f 1010//1010 1041//1041 1042//1042
f 1010//1010 1042//1042 1043//1043
f 1010//1010 1043//1043 1044//1044
f 1010//1010 1044//1044 1045//1045
f 1010//1010 1045//1045 1046//1046
f 1010//1010 1046//1046 1047//1047
f 1010//1010 1047//1047 1048//1048
f 1010//1010 1048//1048 1049//1049
f 1010//1010 1049//1049 1050//1050
f 1010//1010 1050//1050 1051//1051
f 1010//1010 1051//1051 1052//1052
f 1010//1010 1052//1052 1053//1053
f 1010//1010 1053//1053 1054//1054
f 1010//1010 1054//1054 1055//1055
f 1010//1010 1055//1055 1056//1056
f 1010//1010 1056//1056 1057//1057
f 1010//1010 1057//1057 1058//1058
f 1010//1010 1058//1058 1059//1059
f 1010//1010 1059//1059 1060//1060
f 1010//1010 1060//1060 1061//1061
f 1010//1010 1061//1061 1062//1062
f 1010//1010 1062//1062 1063//1063
f 1010//1010 1063//1063 1064//1064
f 1010//1010 1064//1064 1065//1065
f 1010//1010 1065//1065 1066//1066
f 1010//1010 1066//1066 1067//1067
f 1010//1010 1067//1067 1068//1068
f 1010//1010 1068//1068 1069//1069
f 1010//1010 1069//1069 1070//1070
f 1010//1010 1070//1070 1071//1071
f 1010//1010 1071//1071 1072//1072
f 1010//1010 1072//1072 1073//1073
f 1010//1010 1073//1073 1074//1074
f 1010//1010 1074//1074 1075//1075
f 1010//1010 1075//1075 1076//1076
f 1010//1010 1076//1076 1077//1077
f 1010//1010 1077//1077 1078//1078
f 1010//1010 1078//1078 1079//1079
f 1010//1010 1079//1079 1080//1080
f 1010//1010 1080//1080 1081//1081
f 1010//1010 1081//1081 1082//1082
f 1010//1010 1082//1082 1011//1011
f 1083//1083 1156//1156 1155//1155
f 1084//1084 1157//1157 1156//1156
f 1085//1085 1158//1158 1157//1157
f 1086//1086 1159//1159 1158//1158
f 1087//1087 1160//1160 1159//1159
f 1088//1088 1161//1161 1160//1160
f 1089//1089 1162//1162 1161//1161
f 1090//1090 1163//1163 1162//1162
f 1091//1091 1164//1164 1163//1163
f 1092//1092 1165//1165 1164//1164
f 1093//1093 1166//1166 1165//1165
f 1094//1094 1167//1167 1166//1166
f 1095//1095 1168//1168 1167//1167
f 1096//1096 1169//1169 1168//1168
f 1097//1097 1170//1170 1169//1169
f 1098//1098 1171//1171 1170//1170
f 1099//1099 1172//1172 1171//1171
f 1100//1100 1173//1173 1172//1172
f 1101//1101 1174//1174 1173//1173
f 1102//1102 1175//1175 1174//1174
f 1103//1103 1176//1176 1175//1175
f 1104//1104 1177//1177 1176//1176
f 1105//1105 1178//1178 1177//1177
f 1106//1106 1179//1179 1178//1178
f 1107//1107 1180//1180 1179//1179
f 1108//1108 1181//1181 1180//1180
f 1109//1109 1182//1182 1181//1181
f 1110//1110 1183//1183 1182//1182
f 1111//1111 1184//1184 1183//1183
f 1112//1112 1185//1185 1184//1184
f 1113//1113 1186//1186 1185//1185
f 1114//1114 1187//1187 1186//1186
f 1115//1115 1188//1188 1187//1187
f 1116//1116 1189//1189 1188//1188
f 1117//1117 1190//1190 1189//1189
f 1118//1118 1191//1191 1190//1190
f 1119//1119 1192//1192 1191//1191
f 1120//1120 1193//1193 1192//1192
f 1121//1121 1194//1194 1193//1193
f 1122//1122 1195//1195 1194//1194
f 1123//1123 1196//1196 1195//1195
f 1124//1124 1197//1197 1196//1196
f 1125//1125 1198//1198 1197//1197
f 1126//1126 1199//1199 1198//1198
f 1127//1127 1200//1200 1199//1199
f 1128//1128 1201//1201 1200//1200
f 1129//1129 1202//1202 1201//1201
f 1130//1130 1203//1203 1202//1202
f 1131//1131 1204//1204 1203//1203
f 1132//1132 1205//1205 1204//1204
f 1133//1133 1206//1206 1205//1205
f 1134//1134 1207//1207 1206//1206
f 1135//1135 1208//1208 1207//1207
f 1136//1136 1209//1209 1208//1208
f 1137//1137 1210//1210 1209//1209
f 1138//1138 1211//1211 1210//1210
f 1139//1139 1212//1212 1211//1211
f 1140//1140 1213//1213 1212//1212
f 1141//1141 1214//1214 1213//1213
f 1142//1142 1215//1215 1214//1214
f 1143//1143 1216//1216 1215//1215
f 1144//1144 1217//1217 1216//1216
f 1145//1145 1218//1218 1217//1217
f 1146//1146 1219//1219 1218//1218
f 1147//1147 1220//1220 1219//1219
f 1148//1148 1221//1221 1220//1220
f 1149//1149 1222//1222 1221//1221
f 1150//1150 1223//1223 1222//1222
f 1151//1151 1224//1224 1223//1223
f 1152//1152 1225//1225 1224//1224
f 1153//1153 1226//1226 1225//1225
f 1154//1154 1155//1155 1226//1226
f 1155//1155 1156//1156 1228//1228 1227//1227
f 1156//1156 1157//1157 1229//1229 1228//1228
f 1157//1157 1158//1158 1230//1230 1229//1229
f 1158//1158 1159//1159 1231//1231 1230//1230
f 1159//1159 1160//1160 1232//1232 1231//1231
f 1160//1160 1161//1161 1233//1233 1232//1232
f 1161//1161 1162//1162 1234//1234 1233//1233
f 1162//1162 1163//1163 1235//1235 1234//1234
f 1163//1163 1164//1164 1236//1236 1235//1235
f 1164//1164 1165//1165 1237//1237 1236//1236
f 1165//1165 1166//1166 1238//1238 1237//1237
f 1166//1166 1167//1167 1239//1239 1238//1238
f 1167//1167 1168//1168 1240//1240 1239//1239
f 1168//1168 1169//1169 1241//1241 1240//1240
f 1169//1169 1170//1170 1242//1242 1241//1241
f 1170//1170 1171//1171 1243//1243 1242//1242
f 1171//1171 1172//1172 1244//1244 1243//1243
f 1172//1172 1173//1173 1245//1245 1244//1244
f 1173//1173 1174//1174 1246//1246 1245//1245
f 1174//1174 1175//1175 1247//1247 1246//1246
f 1175//1175 1176//1176 1248//1248 1247//1247
f 1176//1176 1177//1177 1249//1249 1248//1248
f 1177//1177 1178//1178 1250//1250 1249//1249
f 1178//1178 1179//1179 1251//1251 1250//1250
f 1179//1179 1180//1180 1252//1252 1251//1251
f 1180//1180 1181//1181 1253//1253 1252//1252
f 1181//1181 1182//1182 1254//1254 1253//1253
f 1182//1182 1183//1183 1255//1255 1254//1254
f 1183//1183 1184//1184 1256//1256 1255//1255
f 1184//1184 1185//1185 1257//1257 1256//1256
f 1185//1185 1186//1186 1258//1258 1257//1257
f 1186//1186 1187//1187 1259//1259 1258//1258
f 1187//1187 1188//1188 1260//1260 1259//1259
f 1188//1188 1189//1189 1261//1261 1260//1260
f 1189//1189 1190//1190 1262//1262 1261//1261
f 1190//1190 1191//1191 1263//1263 1262//1262
f 1191//1191 1192//1192 1264//1264 1263//1263
f 1192//1192 1193//1193 1265//1265 1264//1264
f 1193//1193 1194//1194 1266//1266 1265//1265
f 1194//1194 1195//1195 1267//1267 1266//1266
f 1195//1195 1196//1196 1268//1268 1267//1267
f 1196//1196 1197//1197 1269//1269 1268//1268
f 1197//1197 1198//1198 1270//1270 1269//1269
f 1198//1198 1199//1199 1271//1271 1270//1270
f 1199//1199 1200//1200 1272//1272 1271//1271
f 1200//1200 1201//1201 1273//1273 1272//1272
f 1201//1201 1202//1202 1274//1274 1273//1273
f 1202//1202 1203//1203 1275//1275 1274//1274
f 1203//1203 1204//1204 1276//1276 1275//1275
f 1204//1204 1205//1205 1277//1277 1276//1276
f 1205//1205 1206//1206 1278//1278 1277//1277
f 1206//1206 1207//1207 1279//1279 1278//1278
f 1207//1207 1208//1208 1280//1280 1279//1279
f 1208//1208 1209//1209 1281//1281 1280//1280
f 1209//1209 1210//1210 1282//1282 1281//1281
f 1210//1210 1211//1211 1283//1283 1282//1282
f 1211//1211 1212//1212 1284//1284 1283//1283
f 1212//1212 1213//1213 1285//1285 1284//1284
f 1213//1213 1214//1214 1286//1286 1285//1285
f 1214//1214 1215//1215 1287//1287 1286//1286
f 1215//1215 1216//1216 1288//1288 1287//1287
f 1216//1216 1217//1217 1289//1289 1288//1288
f 1217//1217 1218//1218 1290//1290 1289//1289
f 1218//1218 1219//1219 1291//1291 1290//1290
f 1219//1219 1220//1220 1292//1292 1291//1291
f 1220//1220 1221//1221 1293//1293 1292//1292
f 1221//1221 1222//1222 1294//1294 1293//1293
f 1222//1222 1223//1223 1295//1295 1294//1294
f 1223//1223 1224//1224 1296//1296 1295//1295
f 1224//1224 1225//1225 1297//1297 1296//1296
f 1225//1225 1226//1226 1298//1298 1297//1297
f 1226//1226 1155//1155 1227//1227 1298//1298
f 1227//1227 1228//1228 1300//1300 1299//1299
f 1228//1228 1229//1229 1301//1301 1300//1300
f 1229//1229 1230//1230 1302//1302 1301//1301
f 1230//1230 1231//1231 1303//1303 1302//1302
f 1231//1231 1232//1232 1304//1304 1303//1303
f 1232//1232 1233//1233 1305//1305 1304//1304
f 1233//1233 1234//1234 1306//1306 1305//1305
f 1234//1234 1235//1235 1307//1307 1306//1306
f 1235//1235 1236//1236 1308//1308 1307//1307
f 1236//1236 1237//1237 1309//1309 1308//1308
f 1237//1237 1238//1238 1310//1310 1309//1309
f 1238//1238 1239//1239 1311//1311 1310//1310
f 1239//1239 1240//1240 1312//1312 1311//1311
f 1240//1240 1241//1241 1313//1313 1312//1312
f 1241//1241 1242//1242 1314//1314 1313//1313
f 1242//1242 1243//1243 1315//1315 1314//1314
f 1243//1243 1244//1244 1316//1316 1315//1315
f 1244//1244 1245//1245 1317//1317 1316//1316
f 1245//1245 1246//1246 1318//1318 1317//1317
f 1246//1246 1247//1247 1319//1319 1318//1318
f 1247//1247 1248//1248 1320//1320 1319//1319
f 1248//1248 1249//1249 1321//1321 1320//1320
f 1249//1249 1250//1250 1322//1322 1321//1321
f 1250//1250 1251//1251 1323//1323 1322//1322
f 1251//1251 1252//1252 1324//1324 1323//1323
f 1252//1252 1253//1253 1325//1325 1324//1324
f 1253//1253 1254//1254 1326//1326 1325//1325
f 1254//1254 1255//1255 1327//1327 1326//1326
f 1255//1255 1256//1256 1328//1328 1327//1327
f 1256//1256 1257//1257 1329//1329 1328//1328
f 1257//1257 1258//1258 1330//1330 1329//1329
f 1258//1258 1259//1259 1331//1331 1330//1330
f 1259//1259 1260//1260 1332//1332 1331//1331
f 1260//1260 1261//1261 1333//1333 1332//1332
f 1261//1261 1262//1262 1334//1334 1333//1333
f 1262//1262 1263//1263 1335//1335 1334//1334
f 1263//1263 1264//1264 1336//1336 1335//1335
f 1264//1264 1265//1265 1337//1337 1336//1336
f 1265//1265 1266//1266 1338//1338 1337//1337
f 1266//1266 1267//1267 1339//1339 1338//1338
f 1267//1267 1268//1268 1340//1340 1339//1339
f 1268//1268 1269//1269 1341//1341 1340//1340
f 1269//1269 1270//1270 1342//1342 1341//1341
f 1270//1270 1271//1271 1343//1343 1342//1342
f 1271//1271 1272//1272 1344//1344 1343//1343
f 1272//1272 1273//1273 1345//1345 1344//1344
f 1273//1273 1274//1274 1346//1346 1345//1345
f 1274//1274 1275//1275 1347//1347 1346//1346
f 1275//1275 1276//1276 1348//1348 1347//1347
f 1276//1276 1277//1277 1349//1349 1348//1348
f 1277//1277 1278//1278 1350//1350 1349//1349
f 1278//1278 1279//1279 1351//1351 1350//1350
f 1279//1279 1280//1280 1352//1352 1351//1351
f 1280//1280 1281//1281 1353//1353 1352//1352
f 1281//1281 1282//1282 1354//1354 1353//1353
f 1282//1282 1283//1283 1355//1355 1354//1354
f 1283//1283 1284//1284 1356//1356 1355//1355
f 1284//1284 1285//1285 1357//1357 1356//1356
f 1285//1285 1286//1286 1358//1358 1357//1357
f 1286//1286 1287//1287 1359//1359 1358//1358
f 1287//1287 1288//1288 1360//1360 1359//1359
f 1288//1288 1289//1289 1361//1361 1360//1360
f 1289//1289 1290//1290 1362//1362 1361//1361
f 1290//1290 1291//1291 1363//1363 1362//1362
f 1291//1291 1292//1292 1364//1364 1363//1363
f 1292//1292 1293//1293 1365//1365 1364//1364
f 1293//1293 1294//1294 1366//1366 1365//1365
f 1294//1294 1295//1295 1367//1367 1366//1366
f 1295//1295 1296//1296 1368//1368 1367//1367
f 1296//1296 1297//1297 1369//1369 1368//1368
f 1297//1297 1298//1298 1370//1370 1369//1369
f 1298//1298 1227//1227 1299//1299 1370//1370
f 1299//1299 1300//1300 1372//1372 1371//1371
f 1300//1300 1301//1301 1373//1373 1372//1372
f 1301//1301 1302//1302 1374//1374 1373//1373
f 1302//1302 1303//1303 1375//1375 1374//1374
f 1303//1303 1304//1304 1376//1376 1375//1375
f 1304//1304 1305//1305 1377//1377 1376//1376
f 1305//1305 1306//1306 1378//1378 1377//1377
f 1306//1306 1307//1307 1379//1379 1378//1378
f 1307//1307 1308//1308 1380//1380 1379//1379
f 1308//1308 1309//1309 1381//1381 1380//1380
f 1309//1309 1310//1310 1382//1382 1381//1381
f 1310//1310 1311//1311 1383//1383 1382//1382
f 1311//1311 1312//1312 1384//1384 1383//1383
f 1312//1312 1313//1313 1385//1385 1384//1384
f 1313//1313 1314//1314 1386//1386 1385//1385
f 1314//1314 1315//1315 1387//1387 1386//1386
f 1315//1315 1316//1316 1388//1388 1387//1387
f 1316//1316 1317//1317 1389//1389 1388//1388
f 1317//1317 1318//1318 1390//1390 1389//1389
f 1318//1318 1319//1319 1391//1391 1390//1390
f 1319//1319 1320//1320 1392//1392 1391//1391
f 1320//1320 1321//1321 1393//1393 1392//1392
f 1321//1321 1322//1322 1394//1394 1393//1393
f 1322//1322 1323//1323 1395//1395 1394//1394
f 1323//1323 1324//1324 1396//1396 1395//1395
f 1324//1324 1325//1325 1397//1397 1396//1396
f 1325//1325 1326//1326 1398//1398 1397//1397
f 1326//1326 1327//1327 1399//1399 1398//1398
f 1327//1327 1328//1328 1400//1400 1399//1399
f 1328//1328 1329//1329 1401//1401 1400//1400
f 1329//1329 1330//1330 1402//1402 1401//1401
f 1330//1330 1331//1331 1403//1403 1402//1402
f 1331//1331 1332//1332 1404//1404 1403//1403
f 1332//1332 1333//1333 1405//1405 1404//1404
f 1333//1333 1334//1334 1406//1406 1405//1405
f 1334//1334 1335//1335 1407//1407 1406//1406
f 1335//1335 1336//1336 1408//1408 1407//1407
f 1336//1336 1337//1337 1409//1409 1408//1408
f 1337//1337 1338//1338 1410//1410 1409//1409
f 1338//1338 1339//1339 1411//1411 1410//1410
f 1339//1339 1340//1340 1412//1412 1411//1411
f 1340//1340 1341//1341 1413//1413 1412//1412
f 1341//1341 1342//1342 1414//1414 1413//1413
f 1342//1342 1343//1343 1415//1415 1414//1414
f 1343//1343 1344//1344 1416//1416 1415//1415
f 1344//1344 1345//1345 1417//1417 1416//1416
f 1345//1345 1346//1346 1418//1418 1417//1417
f 1346//1346 1347//1347 1419//1419 1418//1418
f 1347//1347 1348//1348 1420//1420 1419//1419
f 1348//1348 1349//1349 1421//1421 1420//1420
f 1349//1349 1350//1350 1422//1422 1421//1421
f 1350//1350 1351//1351 1423//1423 1422//1422
f 1351//1351 1352//1352 1424//1424 1423//1423
f 1352//1352 1353//1353 1425//1425 1424//1424
f 1353//1353 1354//1354 1426//1426 1425//1425
f 1354//1354 1355//1355 1427//1427 1426//1426
f 1355//1355 1356//1356 1428//1428 1427//1427
f 1356//1356 1357//1357 1429//1429 1428//1428
f 1357//1357 1358//1358 1430//1430 1429//1429
f 1358//1358 1359//1359 1431//1431 1430//1430
f 1359//1359 1360//1360 1432//1432 1431//1431
f 1360//1360 1361//1361 1433//1433 1432//1432
f 1361//1361 1362//1362 1434//1434 1433//1433
f 1362//1362 1363//1363 1435//1435 1434//1434
f 1363//1363 1364//1364 1436//1436 1435//1435
f 1364//1364 1365//1365 1437//1437 1436//1436
f 1365//1365 1366//1366 1438//1438 1437//1437
f 1366//1366 1367//1367 1439//1439 1438//1438
f 1367//1367 1368//1368 1440//1440 1439//1439
f 1368//1368 1369//1369 1441//1441 1440//1440
f 1369//1369 1370//1370 1442//1442 1441//1441
f 1370//1370 1299//1299 1371//1371 1442//1442
f 1371//1371 1372//1372 1444//1444 1443//1443
f 1372//1372 1373//1373 1445//1445 1444//1444
f 1373//1373 1374//1374 1446//1446 1445//1445
f 1374//1374 1375//1375 1447//1447 1446//1446
f 1375//1375 1376//1376 1448//1448 1447//1447
f 1376//1376 1377//1377 1449//1449 1448//1448
f 1377//1377 1378//1378 1450//1450 1449//1449
f 1378//1378 1379//1379 1451//1451 1450//1450
f 1379//1379 1380//1380 1452//1452 1451//1451
f 1380//1380 1381//1381 1453//1453 1452//1452
f 1381//1381 1382//1382 1454//1454 1453//1453
f 1382//1382 1383//1383 1455//1455 1454//1454
f 1383//1383 1384//1384 1456//1456 1455//1455
f 1384//1384 1385//1385 1457//1457 1456//1456
f 1385//1385 1386//1386 1458//1458 1457//1457
f 1386//1386 1387//1387 1459//1459 1458//1458
f 1387//1387 1388//1388 1460//1460 1459//1459
f 1388//1388 1389//1389 1461//1461 1460//1460
f 1389//1389 1390//1390 1462//1462 1461//1461
f 1390//1390 1391//1391 1463//1463 1462//1462
f 1391//1391 1392//1392 1464//1464 1463//1463
f 1392//1392 1393//1393 1465//1465 1464//1464
f 1393//1393 1394//1394 1466//1466 1465//1465
f 1394//1394 1395//1395 1467//1467 1466//1466
f 1395//1395 1396//1396 1468//1468 1467//1467
f 1396//1396 1397//1397 1469//1469 1468//1468
f 1397//1397 1398//1398 1470//1470 1469//1469
f 1398//1398 1399//1399 1471//1471 1470//1470
f 1399//1399 1400//1400 1472//1472 1471//1471
f 1400//1400 1401//1401 1473//1473 1472//1472
f 1401//1401 1402//1402 1474//1474 1473//1473
f 1402//1402 1403//1403 1475//1475 1474//1474
f 1403//1403 1404//1404 1476//1476 1475//1475
f 1404//1404 1405//1405 1477//1477 1476//1476
f 1405//1405 1406//1406 1478//1478 1477//1477
f 1406//1406 1407//1407 1479//1479 1478//1478
f 1407//1407 1408//1408 1480//1480 1479//1479
f 1408//1408 1409//1409 1481//1481 1480//1480
f 1409//1409 1410//1410 1482//1482 1481//1481
f 1410//1410 1411//1411 1483//1483 1482//1482
f 1411//1411 1412//1412 1484//1484 1483//1483
f 1412//1412 1413//1413 1485//1485 1484//1484
f 1413//1413 1414//1414 1486//1486 1485//1485
f 1414//1414 1415//1415 1487//1487 1486//1486
f 1415//1415 1416//1416 1488//1488 1487//1487
f 1416//1416 1417//1417 1489//1489 1488//1488
f 1417//1417 1418//1418 1490//1490 1489//1489
f 1418//1418 1419//1419 1491//1491 1490//1490
f 1419//1419 1420//1420 1492//1492 1491//1491
f 1420//1420 1421//1421 1493//1493 1492//1492
f 1421//1421 1422//1422 1494//1494 1493//1493
f 1422//1422 1423//1423 1495//1495 1494//1494
f 1423//1423 1424//1424 1496//1496 1495//1495
f 1424//1424 1425//1425 1497//1497 1496//1496
f 1425//1425 1426//1426 1498//1498 1497//1497
f 1426//1426 1427//1427 1499//1499 1498//1498
f 1427//1427 1428//1428 1500//1500 1499//1499
f 1428//1428 1429//1429 1501//1501 1500//1500
f 1429//1429 1430//1430 1502//1502 1501//1501
f 1430//1430 1431//1431 1503//1503 1502//1502
f 1431//1431 1432//1432 1504//1504 1503//1503
f 1432//1432 1433//1433 1505//1505 1504//1504
f 1433//1433 1434//1434 1506//1506 1505//1505
f 1434//1434 1435//1435 1507//1507 1506//1506
f 1435//1435 1436//1436 1508//1508 1507//1507
f 1436//1436 1437//1437 1509//1509 1508//1508
f 1437//1437 1438//1438 1510//1510 1509//1509
f 1438//1438 1439//1439 1511//1511 1510//1510
f 1439//1439 1440//1440 1512//1512 1511//1511
f 1440//1440 1441//1441 1513//1513 1512//1512
f 1441//1441 1442//1442 1514//1514 1513//1513
f 1442//1442 1371//1371 1443//1443 1514//1514
f 1443//1443 1444//1444 1516//1516 1515//1515
f 1444//1444 1445//1445 1517//1517 1516//1516
f 1445//1445 1446//1446 1518//1518 1517//1517
f 1446//1446 1447//1447 1519//1519 1518//1518
f 1447//1447 1448//1448 1520//1520 1519//1519
f 1448//1448 1449//1449 1521//1521 1520//1520
f 1449//1449 1450//1450 1522//1522 1521//1521
f 1450//1450 1451//1451 1523//1523 1522//1522
f 1451//1451 1452//1452 1524//1524 1523//1523
f 1452//1452 1453//1453 1525//1525 1524//1524
f 1453//1453 1454//1454 1526//1526 1525//1525
f 1454//1454 1455//1455 1527//1527 1526//1526
f 1455//1455 1456//1456 1528//1528 1527//1527
f 1456//1456 1457//1457 1529//1529 1528//1528
f 1457//1457 1458//1458 1530//1530 1529//1529
f 1458//1458 1459//1459 1531//1531 1530//1530
f 1459//1459 1460//1460 1532//1532 1531//1531
f 1460//1460 1461//1461 1533//1533 1532//1532
f 1461//1461 1462//1462 1534//1534 1533//1533
f 1462//1462 1463//1463 1535//1535 1534//1534
f 1463//1463 1464//1464 1536//1536 1535//1535
f 1464//1464 1465//1465 1537//1537 1536//1536
f 1465//1465 1466//1466 1538//1538 1537//1537
f 1466//1466 1467//1467 1539//1539 1538//1538
f 1467//1467 1468//1468 1540//1540 1539//1539
f 1468//1468 1469//1469 1541//1541 1540//1540
f 1469//1469 1470//1470 1542//1542 1541//1541
f 1470//1470 1471//1471 1543//1543 1542//1542
f 1471//1471 1472//1472 1544//1544 1543//1543
f 1472//1472 1473//1473 1545//1545 1544//1544
f 1473//1473 1474//1474 1546//1546 1545//1545
f 1474//1474 1475//1475 1547//1547 1546//1546
f 1475//1475 1476//1476 1548//1548 1547//1547
f 1476//1476 1477//1477 1549//1549 1548//1548
f 1477//1477 1478//1478 1550//1550 1549//1549
f 1478//1478 1479//1479 1551//1551 1550//1550
f 1479//1479 1480//1480 1552//1552 1551//1551
f 1480//1480 1481//1481 1553//1553 1552//1552
f 1481//1481 1482//1482 1554//1554 1553//1553
f 1482//1482 1483//1483 1555//1555 1554//1554
f 1483//1483 1484//1484 1556//1556 1555//1555
f 1484//1484 1485//1485 1557//1557 1556//1556
f 1485//1485 1486//1486 1558//1558 1557//1557
f 1486//1486 1487//1487 1559//1559 1558//1558
f 1487//1487 1488//1488 1560//1560 1559//1559
f 1488//1488 1489//1489 1561//1561 1560//1560
f 1489//1489 1490//1490 1562//1562 1561//1561
f 1490//1490 1491//1491 1563//1563 1562//1562
f 1491//1491 1492//1492 1564//1564 1563//1563
f 1492//1492 1493//1493 1565//1565 1564//1564
f 1493//1493 1494//1494 1566//1566 1565//1565
f 1494//1494 1495//1495 1567//1567 1566//1566
f 1495//1495 1496//1496 1568//1568 1567//1567
f 1496//1496 1497//1497 1569//1569 1568//1568
f 1497//1497 1498//1498 1570//1570 1569//1569
f 1498//1498 1499//1499 1571//1571 1570//1570
f 1499//1499 1500//1500 1572//1572 1571//1571
f 1500//1500 1501//1501 1573//1573 1572//1572
f 1501//1501 1502//1502 1574//1574 1573//1573
f 1502//1502 1503//1503 1575//1575 1574//1574
f 1503//1503 1504//1504 1576//1576 1575//1575
f 1504//1504 1505//1505 1577//1577 1576//1576
f 1505//1505 1506//1506 1578//1578 1577//1577
f 1506//1506 1507//1507 1579//1579 1578//1578
f 1507//1507 1508//1508 1580//1580 1579//1579
f 1508//1508 1509//1509 1581//1581 1580//1580
f 1509//1509 1510//1510 1582//1582 1581//1581
f 1510//1510 1511//1511 1583//1583 1582//1582
f 1511//1511 1512//1512 1584//1584 1583//1583
f 1512//1512 1513//1513 1585//1585 1584//1584
f 1513//1513 1514//1514 1586//1586 1585//1585
f 1514//1514 1443//1443 1515//1515 1586//1586
f 1515//1515 1516//1516 1588//1588 1587//1587
f 1516//1516 1517//1517 1589//1589 1588//1588
f 1517//1517 1518//1518 1590//1590 1589//1589
f 1518//1518 1519//1519 1591//1591 1590//1590
f 1519//1519 1520//1520 1592//1592 1591//1591
f 1520//1520 1521//1521 1593//1593 1592//1592
f 1521//1521 1522//1522 1594//1594 1593//1593
f 1522//1522 1523//1523 1595//1595 1594//1594
f 1523//1523 1524//1524 1596//1596 1595//1595
f 1524//1524 1525//1525 1597//1597 1596//1596
f 1525//1525 1526//1526 1598//1598 1597//1597
f 1526//1526 1527//1527 1599//1599 1598//1598
f 1527//1527 1528//1528 1600//1600 1599//1599
f 1528//1528 1529//1529 1601//1601 1600//1600
f 1529//1529 1530//1530 1602//1602 1601//1601
f 1530//1530 1531//1531 1603//1603 1602//1602
f 1531//1531 1532//1532 1604//1604 1603//1603
f 1532//1532 1533//1533 1605//1605 1604//1604
f 1533//1533 1534//1534 1606//1606 1605//1605
f 1534//1534 1535//1535 1607//1607 1606//1606
f 1535//1535 1536//1536 1608//1608 1607//1607
f 1536//1536 1537//1537 1609//1609 1608//1608
f 1537//1537 1538//1538 1610//1610 1609//1609
f 1538//1538 1539//1539 1611//1611 1610//1610
f 1539//1539 1540//1540 1612//1612 1611//1611
f 1540//1540 1541//1541 1613//1613 1612//1612
f 1541//1541 1542//1542 1614//1614 1613//1613
f 1542//1542 1543//1543 1615//1615 1614//1614
f 1543//1543 1544//1544 1616//1616 1615//1615
f 1544//1544 1545//1545 1617//1617 1616//1616
f 1545//1545 1546//1546 1618//1618 1617//1617
f 1546//1546 1547//1547 1619//1619 1618//1618
f 1547//1547 1548//1548 1620//1620 1619//1619
f 1548//1548 1549//1549 1621//1621 1620//1620
f 1549//1549 1550//1550 1622//1622 1621//1621
f 1550//1550 1551//1551 1623//1623 1622//1622
f 1551//1551 1552//1552 1624//1624 1623//1623
f 1552//1552 1553//1553 1625//1625 1624//1624
f 1553//1553 1554//1554 1626//1626 1625//1625
f 1554//1554 1555//1555 1627//1627 1626//1626
f 1555//1555 1556//1556 1628//1628 1627//1627
f 1556//1556 1557//1557 1629//1629 1628//1628
f 1557//1557 1558//1558 1630//1630 1629//1629
f 1558//1558 1559//1559 1631//1631 1630//1630
f 1559//1559 1560//1560 1632//1632 1631//1631
f 1560//1560 1561//1561 1633//1633 1632//1632
f 1561//1561 1562//1562 1634//1634 1633//1633
f 1562//1562 1563//1563 1635//1635 1634//1634
f 1563//1563 1564//1564 1636//1636 1635//1635
f 1564//1564 1565//1565 1637//1637 1636//1636
f 1565//1565 1566//1566 1638//1638 1637//1637
f 1566//1566 1567//1567 1639//1639 1638//1638
f 1567//1567 1568//1568 1640//1640 1639//1639
f 1568//1568 1569//1569 1641//1641 1640//1640
f 1569//1569 1570//1570 1642//1642 1641//1641
f 1570//1570 1571//1571 1643//1643 1642//1642
f 1571//1571 1572//1572 1644//1644 1643//1643
f 1572//1572 1573//1573 1645//1645 1644//1644
f 1573//1573 1574//1574 1646//1646 1645//1645
f 1574//1574 1575//1575 1647//1647 1646//1646
f 1575//1575 1576//1576 1648//1648 1647//1647
f 1576//1576 1577//1577 1649//1649 1648//1648
f 1577//1577 1578//1578 1650//1650 1649//1649
f 1578//1578 1579//1579 1651//1651 1650//1650
f 1579//1579 1580//1580 1652//1652 1651//1651
f 1580//1580 1581//1581 1653//1653 1652//1652
f 1581//1581 1582//1582 1654//1654 1653//1653
f 1582//1582 1583//1583 1655//1655 1654//1654
f 1583//1583 1584//1584 1656//1656 1655//1655
f 1584//1584 1585//1585 1657//1657 1656//1656
f 1585//1585 1586//1586 1658//1658 1657//1657
f 1586//1586 1515//1515 1587//1587 1658//1658
f 1587//1587 1588//1588 1660//1660 1659//1659
f 1588//1588 1589//1589 1661//1661 1660//1660
f 1589//1589 1590//1590 1662//1662 1661//1661
f 1590//1590 1591//1591 1663//1663 1662//1662
f 1591//1591 1592//1592 1664//1664 1663//1663
f 1592//1592 1593//1593 1665//1665 1664//1664
f 1593//1593 1594//1594 1666//1666 1665//1665
f 1594//1594 1595//1595 1667//1667 1666//1666
f 1595//1595 1596//1596 1668//1668 1667//1667
f 1596//1596 1597//1597 1669//1669 1668//1668
f 1597//1597 1598//1598 1670//1670 1669//1669
f 1598//1598 1599//1599 1671//1671 1670//1670
f 1599//1599 1600//1600 1672//1672 1671//1671
f 1600//1600 1601//1601 1673//1673 1672//1672
f 1601//1601 1602//1602 1674//1674 1673//1673
f 1602//1602 1603//1603 1675//1675 1674//1674
f 1603//1603 1604//1604 1676//1676 1675//1675
f 1604//1604 1605//1605 1677//1677 1676//1676
f 1605//1605 1606//1606 1678//1678 1677//1677
f 1606//1606 1607//1607 1679//1679 1678//1678
f 1607//1607 1608//1608 1680//1680 1679//1679
f 1608//1608 1609//1609 1681//1681 1680//1680
f 1609//1609 1610//1610 1682//1682 1681//1681
f 1610//1610 1611//1611 1683//1683 1682//1682
f 1611//1611 1612//1612 1684//1684 1683//1683
f 1612//1612 1613//1613 1685//1685 1684//1684
f 1613//1613 1614//1614 1686//1686 1685//1685
f 1614//1614 1615//1615 1687//1687 1686//1686
f 1615//1615 1616//1616 1688//1688 1687//1687
f 1616//1616 1617//1617 1689//1689 1688//1688
f 1617//1617 1618//1618 1690//1690 1689//1689
f 1618//1618 1619//1619 1691//1691 1690//1690
f 1619//1619 1620//1620 1692//1692 1691//1691
f 1620//1620 1621//1621 1693//1693 1692//1692
f 1621//1621 1622//1622 1694//1694 1693//1693
f 1622//1622 1623//1623 1695//1695 1694//1694
f 1623//1623 1624//1624 1696//1696 1695//1695
f 1624//1624 1625//1625 1697//1697 1696//1696
f 1625//1625 1626//1626 1698//1698 1697//1697
f 1626//1626 1627//1627 1699//1699 1698//1698
f 1627//1627 1628//1628 1700//1700 1699//1699
f 1628//1628 1629//1629 1701//1701 1700//1700
f 1629//1629 1630//1630 1702//1702 1701//1701
f 1630//1630 1631//1631 1703//1703 1702//1702
f 1631//1631 1632//1632 1704//1704 1703//1703
f 1632//1632 1633//1633 1705//1705 1704//1704
f 1633//1633 1634//1634 1706//1706 1705//1705
f 1634//1634 1635//1635 1707//1707 1706//1706
f 1635//1635 1636//1636 1708//1708 1707//1707
f 1636//1636 1637//1637 1709//1709 1708//1708
f 1637//1637 1638//1638 1710//1710 1709//1709
f 1638//1638 1639//1639 1711//1711 1710//1710
f 1639//1639 1640//1640 1712//1712 1711//1711
f 1640//1640 1641//1641 1713//1713 1712//1712
f 1641//1641 1642//1642 1714//1714 1713//1713
f 1642//1642 1643//1643 1715//1715 1714//1714
f 1643//1643 1644//1644 1716//1716 1715//1715
f 1644//1644 1645//1645 1717//1717 1716//1716
f 1645//1645 1646//1646 1718//1718 1717//1717
f 1646//1646 1647//1647 1719//1719 1718//1718
f 1647//1647 1648//1648 1720//1720 1719//1719
f 1648//1648 1649//1649 1721//1721 1720//1720
f 1649//1649 1650//1650 1722//1722 1721//1721
f 1650//1650 1651//1651 1723//1723 1722//1722
f 1651//1651 1652//1652 1724//1724 1723//1723
f 1652//1652 1653//1653 1725//1725 1724//1724
f 1653//1653 1654//1654 1726//1726 1725//1725
f 1654//1654 1655//1655 1727//1727 1726//1726
f 1655//1655 1656//1656 1728//1728 1727//1727
f 1656//1656 1657//1657 1729//1729 1728//1728
f 1657//1657 1658//1658 1730//1730 1729//1729
f 1658//1658 1587//1587 1659//1659 1730//1730
f 1659//1659 1660//1660 1732//1732 1731//1731
f 1660//1660 1661//1661 1733//1733 1732//1732
f 1661//1661 1662//1662 1734//1734 1733//1733
f 1662//1662 1663//1663 1735//1735 1734//1734
f 1663//1663 1664//1664 1736//1736 1735//1735
f 1664//1664 1665//1665 1737//1737 1736//1736
f 1665//1665 1666//1666 1738//1738 1737//1737
f 1666//1666 1667//1667 1739//1739 1738//1738
f 1667//1667 1668//1668 1740//1740 1739//1739
f 1668//1668 1669//1669 1741//1741 1740//1740
f 1669//1669 1670//1670 1742//1742 1741//1741
f 1670//1670 1671//1671 1743//1743 1742//1742
f 1671//1671 1672//1672 1744//1744 1743//1743
f 1672//1672 1673//1673 1745//1745 1744//1744
f 1673//1673 1674//1674 1746//1746 1745//1745
f 1674//1674 1675//1675 1747//1747 1746//1746
f 1675//1675 1676//1676 1748//1748 1747//1747
f 1676//1676 1677//1677 1749//1749 1748//1748
f 1677//1677 1678//1678 1750//1750 1749//1749
f 1678//1678 1679//1679 1751//1751 1750//1750
f 1679//1679 1680//1680 1752//1752 1751//1751
f 1680//1680 1681//1681 1753//1753 1752//1752
f 1681//1681 1682//1682 1754//1754 1753//1753
f 1682//1682 1683//1683 1755//1755 1754//1754
f 1683//1683 1684//1684 1756//1756 1755//1755
f 1684//1684 1685//1685 1757//1757 1756//1756
f 1685//1685 1686//1686 1758//1758 1757//1757
f 1686//1686 1687//1687 1759//1759 1758//1758
f 1687//1687 1688//1688 1760//1760 1759//1759
f 1688//1688 1689//1689 1761//1761 1760//1760
f 1689//1689 1690//1690 1762//1762 1761//1761
f 1690//1690 1691//1691 1763//1763 1762//1762
f 1691//1691 1692//1692 1764//1764 1763//1763
f 1692//1692 1693//1693 1765//1765 1764//1764
f 1693//1693 1694//1694 1766//1766 1765//1765
f 1694//1694 1695//1695 1767//1767 1766//1766
f 1695//1695 1696//1696 1768//1768 1767//1767
f 1696//1696 1697//1697 1769//1769 1768//1768
f 1697//1697 1698//1698 1770//1770 1769//1769
f 1698//1698 1699//1699 1771//1771 1770//1770
f 1699//1699 1700//1700 1772//1772 1771//1771
f 1700//1700 1701//1701 1773//1773 1772//1772
f 1701//1701 1702//1702 1774//1774 1773//1773
f 1702//1702 1703//1703 1775//1775 1774//1774
f 1703//1703 1704//1704 1776//1776 1775//1775
f 1704//1704 1705//1705 1777//1777 1776//1776
f 1705//1705 1706//1706 1778//1778 1777//1777
f 1706//1706 1707//1707 1779//1779 1778//1778
f 1707//1707 1708//1708 1780//1780 1779//1779
f 1708//1708 1709//1709 1781//1781 1780//1780
f 1709//1709 1710//1710 1782//1782 1781//1781
f 1710//1710 1711//1711 1783//1783 1782//1782
f 1711//1711 1712//1712 1784//1784 1783//1783
f 1712//1712 1713//1713 1785//1785 1784//1784
f 1713//1713 1714//1714 1786//1786 1785//1785
f 1714//1714 1715//1715 1787//1787 1786//1786
f 1715//1715 1716//1716 1788//1788 1787//1787
f 1716//1716 1717//1717 1789//1789 1788//1788
f 1717//1717 1718//1718 1790//1790 1789//1789
f 1718//1718 1719//1719 1791//1791 1790//1790
f 1719//1719 1720//1720 1792//1792 1791//1791
f 1720//1720 1721//1721 1793//1793 1792//1792
f 1721//1721 1722//1722 1794//1794 1793//1793
f 1722//1722 1723//1723 1795//1795 1794//1794
f 1723//1723 1724//1724 1796//1796 1795//1795
f 1724//1724 1725//1725 1797//1797 1796//1796
f 1725//1725 1726//1726 1798//1798 1797//1797
f 1726//1726 1727//1727 1799//1799 1798//1798
f 1727//1727 1728//1728 1800//1800 1799//1799
f 1728//1728 1729//1729 1801//1801 1800//1800
f 1729//1729 1730//1730 1802//1802 1801//1801
f 1730//1730 1659//1659 1731//1731 1802//1802
f 1731//1731 1732//1732 1804//1804 1803//1803
f 1732//1732 1733//1733 1805//1805 1804//1804
f 1733//1733 1734//1734 1806//1806 1805//1805
f 1734//1734 1735//1735 1807//1807 1806//1806
f 1735//1735 1736//1736 1808//1808 1807//1807
f 1736//1736 1737//1737 1809//1809 1808//1808
f 1737//1737 1738//1738 1810//1810 1809//1809
f 1738//1738 1739//1739 1811//1811 1810//1810
f 1739//1739 1740//1740 1812//1812 1811//1811
f 1740//1740 1741//1741 1813//1813 1812//1812
f 1741//1741 1742//1742 1814//1814 1813//1813
f 1742//1742 1743//1743 1815//1815 1814//1814
f 1743//1743 1744//1744 1816//1816 1815//1815
f 1744//1744 1745//1745 1817//1817 1816//1816
f 1745//1745 1746//1746 1818//1818 1817//1817
f 1746//1746 1747//1747 1819//1819 1818//1818
f 1747//1747 1748//1748 1820//1820 1819//1819
f 1748//1748 1749//1749 1821//1821 1820//1820
f 1749//1749 1750//1750 1822//1822 1821//1821
f 1750//1750 1751//1751 1823//1823 1822//1822
f 1751//1751 1752//1752 1824//1824 1823//1823
f 1752//1752 1753//1753 1825//1825 1824//1824
f 1753//1753 1754//1754 1826//1826 1825//1825
f 1754//1754 1755//1755 1827//1827 1826//1826
f 1755//1755 1756//1756 1828//1828 1827//1827
f 1756//1756 1757//1757 1829//1829 1828//1828
f 1757//1757 1758//1758 1830//1830 1829//1829
f 1758//1758 1759//1759 1831//1831 1830//1830
f 1759//1759 1760//1760 1832//1832 1831//1831
f 1760//1760 1761//1761 1833//1833 1832//1832
f 1761//1761 1762//1762 1834//1834 1833//1833
f 1762//1762 1763//1763 1835//1835 1834//1834
f 1763//1763 1764//1764 1836//1836 1835//1835
f 1764//1764 1765//1765 1837//1837 1836//1836
f 1765//1765 1766//1766 1838//1838 1837//1837
f 1766//1766 1767//1767 1839//1839 1838//1838
f 1767//1767 1768//1768 1840//1840 1839//1839
f 1768//1768 1769//1769 1841//1841 1840//1840
f 1769//1769 1770//1770 1842//1842 1841//1841
f 1770//1770 1771//1771 1843//1843 1842//1842
f 1771//1771 1772//1772 1844//1844 1843//1843
f 1772//1772 1773//1773 1845//1845 1844//1844
f 1773//1773 1774//1774 1846//1846 1845//1845
f 1774//1774 1775//1775 1847//1847 1846//1846
f 1775//1775 1776//1776 1848//1848 1847//1847
f 1776//1776 1777//1777 1849//1849 1848//1848
f 1777//1777 1778//1778 1850//1850 1849//1849
f 1778//1778 1779//1779 1851//1851 1850//1850
f 1779//1779 1780//1780 1852//1852 1851//1851
f 1780//1780 1781//1781 1853//1853 1852//1852
f 1781//1781 1782//1782 1854//1854 1853//1853
f 1782//1782 1783//1783 1855//1855 1854//1854
f 1783//1783 1784//1784 1856//1856 1855//1855
f 1784//1784 1785//1785 1857//1857 1856//1856
f 1785//1785 1786//1786 1858//1858 1857//1857
f 1786//1786 1787//1787 1859//1859 1858//1858
f 1787//1787 1788//1788 1860//1860 1859//1859
f 1788//1788 1789//1789 1861//1861 1860//1860
f 1789//1789 1790//1790 1862//1862 1861//1861
f 1790//1790 1791//1791 1863//1863 1862//1862
f 1791//1791 1792//1792 1864//1864 1863//1863
f 1792//1792 1793//1793 1865//1865 1864//1864
f 1793//1793 1794//1794 1866//1866 1865//1865
f 1794//1794 1795//1795 1867//1867 1866//1866
f 1795//1795 1796//1796 1868//1868 1867//1867
f 1796//1796 1797//1797 1869//1869 1868//1868
f 1797//1797 1798//1798 1870//1870 1869//1869
f 1798//1798 1799//1799 1871//1871 1870//1870
f 1799//1799 1800//1800 1872//1872 1871//1871
f 1800//1800 1801//1801 1873//1873 1872//1872
f 1801//1801 1802//1802 1874//1874 1873//1873
f 1802//1802 1731//1731 1803//1803 1874//1874
f 1803//1803 1804//1804 1876//1876 1875//1875
f 1804//1804 1805//1805 1877//1877 1876//1876
f 1805//1805 1806//1806 1878//1878 1877//1877
f 1806//1806 1807//1807 1879//1879 1878//1878
f 1807//1807 1808//1808 1880//1880 1879//1879
f 1808//1808 1809//1809 1881//1881 1880//1880
f 1809//1809 1810//1810 1882//1882 1881//1881
f 1810//1810 1811//1811 1883//1883 1882//1882
f 1811//1811 1812//1812 1884//1884 1883//1883
f 1812//1812 1813//1813 1885//1885 1884//1884
f 1813//1813 1814//1814 1886//1886 1885//1885
f 1814//1814 1815//1815 1887//1887 1886//1886
f 1815//1815 1816//1816 1888//1888 1887//1887
f 1816//1816 1817//1817 1889//1889 1888//1888
f 1817//1817 1818//1818 1890//1890 1889//1889
f 1818//1818 1819//1819 1891//1891 1890//1890
f 1819//1819 1820//1820 1892//1892 1891//1891
f 1820//1820 1821//1821 1893//1893 1892//1892
f 1821//1821 1822//1822 1894//1894 1893//1893
f 1822//1822 1823//1823 1895//1895 1894//1894
f 1823//1823 1824//1824 1896//1896 1895//1895
f 1824//1824 1825//1825 1897//1897 1896//1896
f 1825//1825 1826//1826 1898//1898 1897//1897
f 1826//1826 1827//1827 1899//1899 1898//1898
f 1827//1827 1828//1828 1900//1900 1899//1899
f 1828//1828 1829//1829 1901//1901 1900//1900
f 1829//1829 1830//1830 1902//1902 1901//1901
f 1830//1830 1831//1831 1903//1903 1902//1902
f 1831//1831 1832//1832 1904//1904 1903//1903
f 1832//1832 1833//1833 1905//1905 1904//1904
f 1833//1833 1834//1834 1906//1906 1905//1905
f 1834//1834 1835//1835 1907//1907 1906//1906
f 1835//1835 1836//1836 1908//1908 1907//1907
f 1836//1836 1837//1837 1909//1909 1908//1908
f 1837//1837 1838//1838 1910//1910 1909//1909
f 1838//1838 1839//1839 1911//1911 1910//1910
f 1839//1839 1840//1840 1912//1912 1911//1911
f 1840//1840 1841//1841 1913//1913 1912//1912
f 1841//1841 1842//1842 1914//1914 1913//1913
f 1842//1842 1843//1843 1915//1915 1914//1914
f 1843//1843 1844//1844 1916//1916 1915//1915
f 1844//1844 1845//1845 1917//1917 1916//1916
f 1845//1845 1846//1846 1918//1918 1917//1917
f 1846//1846 1847//1847 1919//1919 1918//1918
f 1847//1847 1848//1848 1920//1920 1919//1919
f 1848//1848 1849//1849 1921//1921 1920//1920
f 1849//1849 1850//1850 1922//1922 1921//1921
f 1850//1850 1851//1851 1923//1923 1922//1922
f 1851//1851 1852//1852 1924//1924 1923//1923
f 1852//1852 1853//1853 1925//1925 1924//1924
f 1853//1853 1854//1854 1926//1926 1925//1925
f 1854//1854 1855//1855 1927//1927 1926//1926
f 1855//1855 1856//1856 1928//1928 1927//1927
f 1856//1856 1857//1857 1929//1929 1928//1928
f 1857//1857 1858//1858 1930//1930 1929//1929
f 1858//1858 1859//1859 1931//1931 1930//1930
f 1859//1859 1860//1860 1932//1932 1931//1931
f 1860//1860 1861//1861 1933//1933 1932//1932
f 1861//1861 1862//1862 1934//1934 1933//1933
f 1862//1862 1863//1863 1935//1935 1934//1934
f 1863//1863 1864//1864 1936//1936 1935//1935
f 1864//1864 1865//1865 1937//1937 1936//1936
f 1865//1865 1866//1866 1938//1938 1937//1937
f 1866//1866 1867//1867 1939//1939 1938//1938
f 1867//1867 1868//1868 1940//1940 1939//1939
f 1868//1868 1869//1869 1941//1941 1940//1940
f 1869//1869 1870//1870 1942//1942 1941//1941
f 1870//1870 1871//1871 1943//1943 1942//1942
f 1871//1871 1872//1872 1944//1944 1943//1943
f 1872//1872 1873//1873 1945//1945 1944//1944
f 1873//1873 1874//1874 1946//1946 1945//1945
f 1874//1874 1803//1803 1875//1875 1946//1946
f 1875//1875 1876//1876 1948//1948 1947//1947
f 1876//1876 1877//1877 1949//1949 1948//1948
f 1877//1877 1878//1878 1950//1950 1949//1949
f 1878//1878 1879//1879 1951//1951 1950//1950
f 1879//1879 1880//1880 1952//1952 1951//1951
f 1880//1880 1881//1881 1953//1953 1952//1952
f 1881//1881 1882//1882 1954//1954 1953//1953
f 1882//1882 1883//1883 1955//1955 1954//1954
f 1883//1883 1884//1884 1956//1956 1955//1955
f 1884//1884 1885//1885 1957//1957 1956//1956
f 1885//1885 1886//1886 1958//1958 1957//1957
f 1886//1886 1887//1887 1959//1959 1958//1958
f 1887//1887 1888//1888 1960//1960 1959//1959
f 1888//1888 1889//1889 1961//1961 1960//1960
f 1889//1889 1890//1890 1962//1962 1961//1961
f 1890//1890 1891//1891 1963//1963 1962//1962
f 1891//1891 1892//1892 1964//1964 1963//1963
f 1892//1892 1893//1893 1965//1965 1964//1964
f 1893//1893 1894//1894 1966//1966 1965//1965
f 1894//1894 1895//1895 1967//1967 1966//1966
f 1895//1895 1896//1896 1968//1968 1967//1967
f 1896//1896 1897//1897 1969//1969 1968//1968
f 1897//1897 1898//1898 1970//1970 1969//1969
f 1898//1898 1899//1899 1971//1971 1970//1970
f 1899//1899 1900//1900 1972//1972 1971//1971
f 1900//1900 1901//1901 1973//1973 1972//1972
f 1901//1901 1902//1902 1974//1974 1973//1973
f 1902//1902 1903//1903 1975//1975 1974//1974
f 1903//1903 1904//1904 1976//1976 1975//1975
f 1904//1904 1905//1905 1977//1977 1976//1976
f 1905//1905 1906//1906 1978//1978 1977//1977
f 1906//1906 1907//1907 1979//1979 1978//1978
f 1907//1907 1908//1908 1980//1980 1979//1979
f 1908//1908 1909//1909 1981//1981 1980//1980
f 1909//1909 1910//1910 1982//1982 1981//1981
f 1910//1910 1911//1911 1983//1983 1982//1982
f 1911//1911 1912//1912 1984//1984 1983//1983
f 1912//1912 1913//1913 1985//1985 1984//1984
f 1913//1913 1914//1914 1986//1986 1985//1985
f 1914//1914 1915//1915 1987//1987 1986//1986
f 1915//1915 1916//1916 1988//1988 1987//1987
f 1916//1916 1917//1917 1989//1989 1988//1988
f 1917//1917 1918//1918 1990//1990 1989//1989
f 1918//1918 1919//1919 1991//1991 1990//1990
f 1919//1919 1920//1920 1992//1992 1991//1991
f 1920//1920 1921//1921 1993//1993 1992//1992
f 1921//1921 1922//1922 1994//1994 1993//1993
f 1922//1922 1923//1923 1995//1995 1994//1994
f 1923//1923 1924//1924 1996//1996 1995//1995
f 1924//1924 1925//1925 1997//1997 1996//1996
f 1925//1925 1926//1926 1998//1998 1997//1997
f 1926//1926 1927//1927 1999//1999 1998//1998
f 1927//1927 1928//1928 2000//2000 1999//1999
f 1928//1928 1929//1929 2001//2001 2000//2000
f 1929//1929 1930//1930 2002//2002 2001//2001
f 1930//1930 1931//1931 2003//2003 2002//2002
f 1931//1931 1932//1932 2004//2004 2003//2003
f 1932//1932 1933//1933 2005//2005 2004//2004
f 1933//1933 1934//1934 2006//2006 2005//2005
f 1934//1934 1935//1935 2007//2007 2006//2006
f 1935//1935 1936//1936 2008//2008 2007//2007
f 1936//1936 1937//1937 2009//2009 2008//2008
f 1937//1937 1938//1938 2010//2010 2009//2009
f 1938//1938 1939//1939 2011//2011 2010//2010
f 1939//1939 1940//1940 2012//2012 2011//2011
f 1940//1940 1941//1941 2013//2013 2012//2012
f 1941//1941 1942//1942 2014//2014 2013//2013
f 1942//1942 1943//1943 2015//2015 2014//2014
f 1943//1943 1944//1944 2016//2016 2015//2015
f 1944//1944 1945//1945 2017//2017 2016//2016
f 1945//1945 1946//1946 2018//2018 2017//2017
f 1946//1946 1875//1875 1947//1947 2018//2018
f 1947//1947 1948//1948 2020//2020 2019//2019
f 1948//1948 1949//1949 2021//2021 2020//2020
f 1949//1949 1950//1950 2022//2022 2021//2021
f 1950//1950 1951//1951 2023//2023 2022//2022
f 1951//1951 1952//1952 2024//2024 2023//2023
f 1952//1952 1953//1953 2025//2025 2024//2024
f 1953//1953 1954//1954 2026//2026 2025//2025
f 1954//1954 1955//1955 2027//2027 2026//2026
f 1955//1955 1956//1956 2028//2028 2027//2027
f 1956//1956 1957//1957 2029//2029 2028//2028
f 1957//1957 1958//1958 2030//2030 2029//2029
f 1958//1958 1959//1959 2031//2031 2030//2030
f 1959//1959 1960//1960 2032//2032 2031//2031
f 1960//1960 1961//1961 2033//2033 2032//2032
f 1961//1961 1962//1962 2034//2034 2033//2033
f 1962//1962 1963//1963 2035//2035 2034//2034
f 1963//1963 1964//1964 2036//2036 2035//2035
f 1964//1964 1965//1965 2037//2037 2036//2036
f 1965//1965 1966//1966 2038//2038 2037//2037
f 1966//1966 1967//1967 2039//2039 2038//2038
f 1967//1967 1968//1968 2040//2040 2039//2039
f 1968//1968 1969//1969 2041//2041 2040//2040
f 1969//1969 1970//1970 2042//2042 2041//2041
f 1970//1970 1971//1971 2043//2043 2042//2042
f 1971//1971 1972//1972 2044//2044 2043//2043
f 1972//1972 1973//1973 2045//2045 2044//2044
f 1973//1973 1974//1974 2046//2046 2045//2045
f 1974//1974 1975//1975 2047//2047 2046//2046
f 1975//1975 1976//1976 2048//2048 2047//2047
f 1976//1976 1977//1977 2049//2049 2048//2048
f 1977//1977 1978//1978 2050//2050 2049//2049
f 1978//1978 1979//1979 2051//2051 2050//2050
f 1979//1979 1980//1980 2052//2052 2051//2051
f 1980//1980 1981//1981 2053//2053 2052//2052
f 1981//1981 1982//1982 2054//2054 2053//2053
f 1982//1982 1983//1983 2055//2055 2054//2054
f 1983//1983 1984//1984 2056//2056 2055//2055
f 1984//1984 1985//1985 2057//2057 2056//2056
f 1985//1985 1986//1986 2058//2058 2057//2057
f 1986//1986 1987//1987 2059//2059 2058//2058
f 1987//1987 1988//1988 2060//2060 2059//2059
f 1988//1988 1989//1989 2061//2061 2060//2060
f 1989//1989 1990//1990 2062//2062 2061//2061
f 1990//1990 1991//1991 2063//2063 2062//2062
f 1991//1991 1992//1992 2064//2064 2063//2063
f 1992//1992 1993//1993 2065//2065 2064//2064
f 1993//1993 1994//1994 2066//2066 2065//2065
f 1994//1994 1995//1995 2067//2067 2066//2066
f 1995//1995 1996//1996 2068//2068 2067//2067
f 1996//1996 1997//1997 2069//2069 2068//2068
f 1997//1997 1998//1998 2070//2070 2069//2069
f 1998//1998 1999//1999 2071//2071 2070//2070
f 1999//1999 2000//2000 2072//2072 2071//2071
f 2000//2000 2001//2001 2073//2073 2072//2072
f 2001//2001 2002//2002 2074//2074 2073//2073
f 2002//2002 2003//2003 2075//2075 2074//2074
f 2003//2003 2004//2004 2076//2076 2075//2075
f 2004//2004 2005//2005 2077//2077 2076//2076
f 2005//2005 2006//2006 2078//2078 2077//2077
f 2006//2006 2007//2007 2079//2079 2078//2078
f 2007//2007 2008//2008 2080//2080 2079//2079
f 2008//2008 2009//2009 2081//2081 2080//2080
f 2009//2009 2010//2010 2082//2082 2081//2081
f 2010//2010 2011//2011 2083//2083 2082//2082
f 2011//2011 2012//2012 2084//2084 2083//2083
f 2012//2012 2013//2013 2085//2085 2084//2084
f 2013//2013 2014//2014 2086//2086 2085//2085
f 2014//2014 2015//2015 2087//2087 2086//2086
f 2015//2015 2016//2016 2088//2088 2087//2087
f 2016//2016 2017//2017 2089//2089 2088//2088
f 2017//2017 2018//2018 2090//2090 2089//2089
f 2018//2018 1947//1947 2019//2019 2090//2090
f 2019//2019 2020//2020 2092//2092 2091//2091
f 2020//2020 2021//2021 2093//2093 2092//2092
f 2021//2021 2022//2022 2094//2094 2093//2093
f 2022//2022 2023//2023 2095//2095 2094//2094
f 2023//2023 2024//2024 2096//2096 2095//2095
f 2024//2024 2025//2025 2097//2097 2096//2096
f 2025//2025 2026//2026 2098//2098 2097//2097
f 2026//2026 2027//2027 2099//2099 2098//2098
f 2027//2027 2028//2028 2100//2100 2099//2099
f 2028//2028 2029//2029 2101//2101 2100//2100
f 2029//2029 2030//2030 2102//2102 2101//2101
f 2030//2030 2031//2031 2103//2103 2102//2102
f 2031//2031 2032//2032 2104//2104 2103//2103
f 2032//2032 2033//2033 2105//2105 2104//2104
f 2033//2033 2034//2034 2106//2106 2105//2105
f 2034//2034 2035//2035 2107//2107 2106//2106
f 2035//2035 2036//2036 2108//2108 2107//2107
f 2036//2036 2037//2037 2109//2109 2108//2108
f 2037//2037 2038//2038 2110//2110 2109//2109
f 2038//2038 2039//2039 2111//2111 2110//2110
f 2039//2039 2040//2040 2112//2112 2111//2111
f 2040//2040 2041//2041 2113//2113 2112//2112
f 2041//2041 2042//2042 2114//2114 2113//2113
f 2042//2042 2043//2043 2115//2115 2114//2114
f 2043//2043 2044//2044 2116//2116 2115//2115
f 2044//2044 2045//2045 2117//2117 2116//2116
f 2045//2045 2046//2046 2118//2118 2117//2117
f 2046//2046 2047//2047 2119//2119 2118//2118
f 2047//2047 2048//2048 2120//2120 2119//2119
f 2048//2048 2049//2049 2121//2121 2120//2120
f 2049//2049 2050//2050 2122//2122 2121//2121
f 2050//2050 2051//2051 2123//2123 2122//2122
f 2051//2051 2052//2052 2124//2124 2123//2123
f 2052//2052 2053//2053 2125//2125 2124//2124
f 2053//2053 2054//2054 2126//2126 2125//2125
f 2054//2054 2055//2055 2127//2127 2126//2126
f 2055//2055 2056//2056 2128//2128 2127//2127
f 2056//2056 2057//2057 2129//2129 2128//2128
f 2057//2057 2058//2058 2130//2130 2129//2129
f 2058//2058 2059//2059 2131//2131 2130//2130
f 2059//2059 2060//2060 2132//2132 2131//2131
f 2060//2060 2061//2061 2133//2133 2132//2132
f 2061//2061 2062//2062 2134//2134 2133//2133
f 2062//2062 2063//2063 2135//2135 2134//2134
f 2063//2063 2064//2064 2136//2136 2135//2135
f 2064//2064 2065//2065 2137//2137 2136//2136
f 2065//2065 2066//2066 2138//2138 2137//2137
f 2066//2066 2067//2067 2139//2139 2138//2138
f 2067//2067 2068//2068 2140//2140 2139//2139
f 2068//2068 2069//2069 2141//2141 2140//2140
f 2069//2069 2070//2070 2142//2142 2141//2141
f 2070//2070 2071//2071 2143//2143 2142//2142
f 2071//2071 2072//2072 2144//2144 2143//2143
f 2072//2072 2073//2073 2145//2145 2144//2144
f 2073//2073 2074//2074 2146//2146 2145//2145
f 2074//2074 2075//2075 2147//2147 2146//2146
f 2075//2075 2076//2076 2148//2148 2147//2147
f 2076//2076 2077//2077 2149//2149 2148//2148
f 2077//2077 2078//2078 2150//2150 2149//2149
f 2078//2078 2079//2079 2151//2151 2150//2150
f 2079//2079 2080//2080 2152//2152 2151//2151
f 2080//2080 2081//2081 2153//2153 2152//2152
f 2081//2081 2082//2082 2154//2154 2153//2153
f 2082//2082 2083//2083 2155//2155 2154//2154
f 2083//2083 2084//2084 2156//2156 2155//2155
f 2084//2084 2085//2085 2157//2157 2156//2156
f 2085//2085 2086//2086 2158//2158 2157//2157
f 2086//2086 2087//2087 2159//2159 2158//2158
f 2087//2087 2088//2088 2160//2160 2159//2159
f 2088//2088 2089//2089 2161//2161 2160//2160
f 2089//2089 2090//2090 2162//2162 2161//2161
f 2090//2090 2019//2019 2091//2091 2162//2162
f 2091//2091 2092//2092 2164//2164 2163//2163
f 2092//2092 2093//2093 2165//2165 2164//2164
f 2093//2093 2094//2094 2166//2166 2165//2165
f 2094//2094 2095//2095 2167//2167 2166//2166
f 2095//2095 2096//2096 2168//2168 2167//2167
f 2096//2096 2097//2097 2169//2169 2168//2168
f 2097//2097 2098//2098 2170//2170 2169//2169
f 2098//2098 2099//2099 2171//2171 2170//2170
f 2099//2099 2100//2100 2172//2172 2171//2171
f 2100//2100 2101//2101 2173//2173 2172//2172
f 2101//2101 2102//2102 2174//2174 2173//2173
f 2102//2102 2103//2103 2175//2175 2174//2174
f 2103//2103 2104//2104 2176//2176 2175//2175
f 2104//2104 2105//2105 2177//2177 2176//2176
f 2105//2105 2106//2106 2178//2178 2177//2177
f 2106//2106 2107//2107 2179//2179 2178//2178
f 2107//2107 2108//2108 2180//2180 2179//2179
f 2108//2108 2109//2109 2181//2181 2180//2180
f 2109//2109 2110//2110 2182//2182 2181//2181
f 2110//2110 2111//2111 2183//2183 2182//2182
f 2111//2111 2112//2112 2184//2184 2183//2183
f 2112//2112 2113//2113 2185//2185 2184//2184
f 2113//2113 2114//2114 2186//2186 2185//2185
f 2114//2114 2115//2115 2187//2187 2186//2186
f 2115//2115 2116//2116 2188//2188 2187//2187
f 2116//2116 2117//2117 2189//2189 2188//2188
f 2117//2117 2118//2118 2190//2190 2189//2189
f 2118//2118 2119//2119 2191//2191 2190//2190
f 2119//2119 2120//2120 2192//2192 2191//2191
f 2120//2120 2121//2121 2193//2193 2192//2192
f 2121//2121 2122//2122 2194//2194 2193//2193
f 2122//2122 2123//2123 2195//2195 2194//2194
f 2123//2123 2124//2124 2196//2196 2195//2195
f 2124//2124 2125//2125 2197//2197 2196//2196
f 2125//2125 2126//2126 2198//2198 2197//2197
f 2126//2126 2127//2127 2199//2199 2198//2198
f 2127//2127 2128//2128 2200//2200 2199//2199
f 2128//2128 2129//2129 2201//2201 2200//2200
f 2129//2129 2130//2130 2202//2202 2201//2201
f 2130//2130 2131//2131 2203//2203 2202//2202
f 2131//2131 2132//2132 2204//2204 2203//2203
f 2132//2132 2133//2133 2205//2205 2204//2204
f 2133//2133 2134//2134 2206//2206 2205//2205
f 2134//2134 2135//2135 2207//2207 2206//2206
f 2135//2135 2136//2136 2208//2208 2207//2207
f 2136//2136 2137//2137 2209//2209 2208//2208
f 2137//2137 2138//2138 2210//2210 2209//2209
f 2138//2138 2139//2139 2211//2211 2210//2210
f 2139//2139 2140//2140 2212//2212 2211//2211
f 2140//2140 2141//2141 2213//2213 2212//2212
f 2141//2141 2142//2142 2214//2214 2213//2213
f 2142//2142 2143//2143 2215//2215 2214//2214
f 2143//2143 2144//2144 2216//2216 2215//2215
f 2144//2144 2145//2145 2217//2217 2216//2216
f 2145//2145 2146//2146 2218//2218 2217//2217
f 2146//2146 2147//2147 2219//2219 2218//2218
f 2147//2147 2148//2148 2220//2220 2219//2219
f 2148//2148 2149//2149 2221//2221 2220//2220
f 2149//2149 2150//2150 2222//2222 2221//2221
f 2150//2150 2151//2151 2223//2223 2222//2222
f 2151//2151 2152//2152 2224//2224 2223//2223
f 2152//2152 2153//2153 2225//2225 2224//2224
f 2153//2153 2154//2154 2226//2226 2225//2225
f 2154//2154 2155//2155 2227//2227 2226//2226
f 2155//2155 2156//2156 2228//2228 2227//2227
f 2156//2156 2157//2157 2229//2229 2228//2228
f 2157//2157 2158//2158 2230//2230 2229//2229
f 2158//2158 2159//2159 2231//2231 2230//2230
f 2159//2159 2160//2160 2232//2232 2231//2231
f 2160//2160 2161//2161 2233//2233 2232//2232
f 2161//2161 2162//2162 2234//2234 2233//2233
f 2162//2162 2091//2091 2163//2163 2234//2234
f 2163//2163 2164//2164 2236//2236 2235//2235
f 2164//2164 2165//2165 2237//2237 2236//2236
f 2165//2165 2166//2166 2238//2238 2237//2237
f 2166//2166 2167//2167 2239//2239 2238//2238
f 2167//2167 2168//2168 2240//2240 2239//2239
f 2168//2168 2169//2169 2241//2241 2240//2240
f 2169//2169 2170//2170 2242//2242 2241//2241
f 2170//2170 2171//2171 2243//2243 2242//2242
f 2171//2171 2172//2172 2244//2244 2243//2243
f 2172//2172 2173//2173 2245//2245 2244//2244
f 2173//2173 2174//2174 2246//2246 2245//2245
f 2174//2174 2175//2175 2247//2247 2246//2246
f 2175//2175 2176//2176 2248//2248 2247//2247
f 2176//2176 2177//2177 2249//2249 2248//2248
f 2177//2177 2178//2178 2250//2250 2249//2249
f 2178//2178 2179//2179 2251//2251 2250//2250
f 2179//2179 2180//2180 2252//2252 2251//2251
f 2180//2180 2181//2181 2253//2253 2252//2252
f 2181//2181 2182//2182 2254//2254 2253//2253
f 2182//2182 2183//2183 2255//2255 2254//2254
f 2183//2183 2184//2184 2256//2256 2255//2255
f 2184//2184 2185//2185 2257//2257 2256//2256
f 2185//2185 2186//2186 2258//2258 2257//2257
f 2186//2186 2187//2187 2259//2259 2258//2258
f 2187//2187 2188//2188 2260//2260 2259//2259
f 2188//2188 2189//2189 2261//2261 2260//2260
f 2189//2189 2190//2190 2262//2262 2261//2261
f 2190//2190 2191//2191 2263//2263 2262//2262
f 2191//2191 2192//2192 2264//2264 2263//2263
f 2192//2192 2193//2193 2265//2265 2264//2264
f 2193//2193 2194//2194 2266//2266 2265//2265
f 2194//2194 2195//2195 2267//2267 2266//2266
f 2195//2195 2196//2196 2268//2268 2267//2267
f 2196//2196 2197//2197 2269//2269 2268//2268
f 2197//2197 2198//2198 2270//2270 2269//2269
f 2198//2198 2199//2199 2271//2271 2270//2270
f 2199//2199 2200//2200 2272//2272 2271//2271
f 2200//2200 2201//2201 2273//2273 2272//2272
f 2201//2201 2202//2202 2274//2274 2273//2273
f 2202//2202 2203//2203 2275//2275 2274//2274
f 2203//2203 2204//2204 2276//2276 2275//2275
f 2204//2204 2205//2205 2277//2277 2276//2276
f 2205//2205 2206//2206 2278//2278 2277//2277
f 2206//2206 2207//2207 2279//2279 2278//2278
f 2207//2207 2208//2208 2280//2280 2279//2279
f 2208//2208 2209//2209 2281//2281 2280//2280
f 2209//2209 2210//2210 2282//2282 2281//2281
f 2210//2210 2211//2211 2283//2283 2282//2282
f 2211//2211 2212//2212 2284//2284 2283//2283
f 2212//2212 2213//2213 2285//2285 2284//2284
f 2213//2213 2214//2214 2286//2286 2285//2285
f 2214//2214 2215//2215 2287//2287 2286//2286
f 2215//2215 2216//2216 2288//2288 2287//2287
f 2216//2216 2217//2217 2289//2289 2288//2288
f 2217//2217 2218//2218 2290//2290 2289//2289
f 2218//2218 2219//2219 2291//2291 2290//2290
f 2219//2219 2220//2220 2292//2292 2291//2291
f 2220//2220 2221//2221 2293//2293 2292//2292
f 2221//2221 2222//2222 2294//2294 2293//2293
f 2222//2222 2223//2223 2295//2295 2294//2294
f 2223//2223 2224//2224 2296//2296 2295//2295
f 2224//2224 2225//2225 2297//2297 2296//2296
f 2225//2225 2226//2226 2298//2298 2297//2297
f 2226//2226 2227//2227 2299//2299 2298//2298
f 2227//2227 2228//2228 2300//2300 2299//2299
f 2228//2228 2229//2229 2301//2301 2300//2300
f 2229//2229 2230//2230 2302//2302 2301//2301
f 2230//2230 2231//2231 2303//2303 2302//2302
f 2231//2231 2232//2232 2304//2304 2303//2303
f 2232//2232 2233//2233 2305//2305 2304//2304
f 2233//2233 2234//2234 2306//2306 2305//2305
f 2234//2234 2163//2163 2235//2235 2306//2306
f 2235//2235 2236//2236 2308//2308 2307//2307
f 2236//2236 2237//2237 2309//2309 2308//2308
f 2237//2237 2238//2238 2310//2310 2309//2309
f 2238//2238 2239//2239 2311//2311 2310//2310
f 2239//2239 2240//2240 2312//2312 2311//2311
f 2240//2240 2241//2241 2313//2313 2312//2312
f 2241//2241 2242//2242 2314//2314 2313//2313
f 2242//2242 2243//2243 2315//2315 2314//2314
f 2243//2243 2244//2244 2316//2316 2315//2315
f 2244//2244 2245//2245 2317//2317 2316//2316
f 2245//2245 2246//2246 2318//2318 2317//2317
f 2246//2246 2247//2247 2319//2319 2318//2318
f 2247//2247 2248//2248 2320//2320 2319//2319
f 2248//2248 2249//2249 2321//2321 2320//2320
f 2249//2249 2250//2250 2322//2322 2321//2321
f 2250//2250 2251//2251 2323//2323 2322//2322
f 2251//2251 2252//2252 2324//2324 2323//2323
f 2252//2252 2253//2253 2325//2325 2324//2324
f 2253//2253 2254//2254 2326//2326 2325//2325
f 2254//2254 2255//2255 2327//2327 2326//2326
f 2255//2255 2256//2256 2328//2328 2327//2327
f 2256//2256 2257//2257 2329//2329 2328//2328
f 2257//2257 2258//2258 2330//2330 2329//2329
f 2258//2258 2259//2259 2331//2331 2330//2330
f 2259//2259 2260//2260 2332//2332 2331//2331
f 2260//2260 2261//2261 2333//2333 2332//2332
f 2261//2261 2262//2262 2334//2334 2333//2333
f 2262//2262 2263//2263 2335//2335 2334//2334
f 2263//2263 2264//2264 2336//2336 2335//2335
f 2264//2264 2265//2265 2337//2337 2336//2336
f 2265//2265 2266//2266 2338//2338 2337//2337
f 2266//2266 2267//2267 2339//2339 2338//2338
f 2267//2267 2268//2268 2340//2340 2339//2339
f 2268//2268 2269//2269 2341//2341 2340//2340
f 2269//2269 2270//2270 2342//2342 2341//2341
f 2270//2270 2271//2271 2343//2343 2342//2342
f 2271//2271 2272//2272 2344//2344 2343//2343
f 2272//2272 2273//2273 2345//2345 2344//2344
f 2273//2273 2274//2274 2346//2346 2345//2345
f 2274//2274 2275//2275 2347//2347 2346//2346
f 2275//2275 2276//2276 2348//2348 2347//2347
f 2276//2276 2277//2277 2349//2349 2348//2348
f 2277//2277 2278//2278 2350//2350 2349//2349
f 2278//2278 2279//2279 2351//2351 2350//2350
f 2279//2279 2280//2280 2352//2352 2351//2351
f 2280//2280 2281//2281 2353//2353 2352//2352
f 2281//2281 2282//2282 2354//2354 2353//2353
f 2282//2282 2283//2283 2355//2355 2354//2354
f 2283//2283 2284//2284 2356//2356 2355//2355
f 2284//2284 2285//2285 2357//2357 2356//2356
f 2285//2285 2286//2286 2358//2358 2357//2357
f 2286//2286 2287//2287 2359//2359 2358//2358
f 2287//2287 2288//2288 2360//2360 2359//2359
f 2288//2288 2289//2289 2361//2361 2360//2360
f 2289//2289 2290//2290 2362//2362 2361//2361
f 2290//2290 2291//2291 2363//2363 2362//2362
f 2291//2291 2292//2292 2364//2364 2363//2363
f 2292//2292 2293//2293 2365//2365 2364//2364
f 2293//2293 2294//2294 2366//2366 2365//2365
f 2294//2294 2295//2295 2367//2367 2366//2366
f 2295//2295 2296//2296 2368//2368 2367//2367
f 2296//2296 2297//2297 2369//2369 2368//2368
f 2297//2297 2298//2298 2370//2370 2369//2369
f 2298//2298 2299//2299 2371//2371 2370//2370
f 2299//2299 2300//2300 2372//2372 2371//2371
f 2300//2300 2301//2301 2373//2373 2372//2372
f 2301//2301 2302//2302 2374//2374 2373//2373
f 2302//2302 2303//2303 2375//2375 2374//2374
f 2303//2303 2304//2304 2376//2376 2375//2375
f 2304//2304 2305//2305 2377//2377 2376//2376
f 2305//2305 2306//2306 2378//2378 2377//2377
f 2306//2306 2235//2235 2307//2307 2378//2378
f 2307//2307 2308//2308 2380//2380 2379//2379
f 2308//2308 2309//2309 2381//2381 2380//2380
f 2309//2309 2310//2310 2382//2382 2381//2381
f 2310//2310 2311//2311 2383//2383 2382//2382
f 2311//2311 2312//2312 2384//2384 2383//2383
f 2312//2312 2313//2313 2385//2385 2384//2384
f 2313//2313 2314//2314 2386//2386 2385//2385
f 2314//2314 2315//2315 2387//2387 2386//2386
f 2315//2315 2316//2316 2388//2388 2387//2387
f 2316//2316 2317//2317 2389//2389 2388//2388
f 2317//2317 2318//2318 2390//2390 2389//2389
f 2318//2318 2319//2319 2391//2391 2390//2390
f 2319//2319 2320//2320 2392//2392 2391//2391
f 2320//2320 2321//2321 2393//2393 2392//2392
f 2321//2321 2322//2322 2394//2394 2393//2393
f 2322//2322 2323//2323 2395//2395 2394//2394
f 2323//2323 2324//2324 2396//2396 2395//2395
f 2324//2324 2325//2325 2397//2397 2396//2396
f 2325//2325 2326//2326 2398//2398 2397//2397
f 2326//2326 2327//2327 2399//2399 2398//2398
f 2327//2327 2328//2328 2400//2400 2399//2399
f 2328//2328 2329//2329 2401//2401 2400//2400
f 2329//2329 2330//2330 2402//2402 2401//2401
f 2330//2330 2331//2331 2403//2403 2402//2402
f 2331//2331 2332//2332 2404//2404 2403//2403
f 2332//2332 2333//2333 2405//2405 2404//2404
f 2333//2333 2334//2334 2406//2406 2405//2405
f 2334//2334 2335//2335 2407//2407 2406//2406
f 2335//2335 2336//2336 2408//2408 2407//2407
f 2336//2336 2337//2337 2409//2409 2408//2408
f 2337//2337 2338//2338 2410//2410 2409//2409
f 2338//2338 2339//2339 2411//2411 2410//2410
f 2339//2339 2340//2340 2412//2412 2411//2411
f 2340//2340 2341//2341 2413//2413 2412//2412
f 2341//2341 2342//2342 2414//2414 2413//2413
f 2342//2342 2343//2343 2415//2415 2414//2414
f 2343//2343 2344//2344 2416//2416 2415//2415
f 2344//2344 2345//2345 2417//2417 2416//2416
f 2345//2345 2346//2346 2418//2418 2417//2417
f 2346//2346 2347//2347 2419//2419 2418//2418
f 2347//2347 2348//2348 2420//2420 2419//2419
f 2348//2348 2349//2349 2421//2421 2420//2420
f 2349//2349 2350//2350 2422//2422 2421//2421
f 2350//2350 2351//2351 2423//2423 2422//2422
f 2351//2351 2352//2352 2424//2424 2423//2423
f 2352//2352 2353//2353 2425//2425 2424//2424
f 2353//2353 2354//2354 2426//2426 2425//2425
f 2354//2354 2355//2355 2427//2427 2426//2426
f 2355//2355 2356//2356 2428//2428 2427//2427
f 2356//2356 2357//2357 2429//2429 2428//2428
f 2357//2357 2358//2358 2430//2430 2429//2429
f 2358//2358 2359//2359 2431//2431 2430//2430
f 2359//2359 2360//2360 2432//2432 2431//2431
f 2360//2360 2361//2361 2433//2433 2432//2432
f 2361//2361 2362//2362 2434//2434 2433//2433
f 2362//2362 2363//2363 2435//2435 2434//2434
f 2363//2363 2364//2364 2436//2436 2435//2435
f 2364//2364 2365//2365 2437//2437 2436//2436
f 2365//2365 2366//2366 2438//2438 2437//2437
f 2366//2366 2367//2367 2439//2439 2438//2438
f 2367//2367 2368//2368 2440//2440 2439//2439
f 2368//2368 2369//2369 2441//2441 2440//2440
f 2369//2369 2370//2370 2442//2442 2441//2441
f 2370//2370 2371//2371 2443//2443 2442//2442
f 2371//2371 2372//2372 2444//2444 2443//2443
f 2372//2372 2373//2373 2445//2445 2444//2444
f 2373//2373 2374//2374 2446//2446 2445//2445
f 2374//2374 2375//2375 2447//2447 2446//2446
f 2375//2375 2376//2376 2448//2448 2447//2447
f 2376//2376 2377//2377 2449//2449 2448//2448
f 2377//2377 2378//2378 2450//2450 2449//2449
f 2378//2378 2307//2307 2379//2379 2450//2450
f 2379//2379 2380//2380 2452//2452 2451//2451
f 2380//2380 2381//2381 2453//2453 2452//2452
f 2381//2381 2382//2382 2454//2454 2453//2453
f 2382//2382 2383//2383 2455//2455 2454//2454
f 2383//2383 2384//2384 2456//2456 2455//2455
f 2384//2384 2385//2385 2457//2457 2456//2456
f 2385//2385 2386//2386 2458//2458 2457//2457
f 2386//2386 2387//2387 2459//2459 2458//2458
f 2387//2387 2388//2388 2460//2460 2459//2459
f 2388//2388 2389//2389 2461//2461 2460//2460
f 2389//2389 2390//2390 2462//2462 2461//2461
f 2390//2390 2391//2391 2463//2463 2462//2462
f 2391//2391 2392//2392 2464//2464 2463//2463
f 2392//2392 2393//2393 2465//2465 2464//2464
f 2393//2393 2394//2394 2466//2466 2465//2465
f 2394//2394 2395//2395 2467//2467 2466//2466
f 2395//2395 2396//2396 2468//2468 2467//2467
f 2396//2396 2397//2397 2469//2469 2468//2468
f 2397//2397 2398//2398 2470//2470 2469//2469
f 2398//2398 2399//2399 2471//2471 2470//2470
f 2399//2399 2400//2400 2472//2472 2471//2471
f 2400//2400 2401//2401 2473//2473 2472//2472
f 2401//2401 2402//2402 2474//2474 2473//2473
f 2402//2402 2403//2403 2475//2475 2474//2474
f 2403//2403 2404//2404 2476//2476 2475//2475
f 2404//2404 2405//2405 2477//2477 2476//2476
f 2405//2405 2406//2406 2478//2478 2477//2477
f 2406//2406 2407//2407 2479//2479 2478//2478
f 2407//2407 2408//2408 2480//2480 2479//2479
f 2408//2408 2409//2409 2481//2481 2480//2480
f 2409//2409 2410//2410 2482//2482 2481//2481
f 2410//2410 2411//2411 2483//2483 2482//2482
f 2411//2411 2412//2412 2484//2484 2483//2483
f 2412//2412 2413//2413 2485//2485 2484//2484
f 2413//2413 2414//2414 2486//2486 2485//2485
f 2414//2414 2415//2415 2487//2487 2486//2486
f 2415//2415 2416//2416 2488//2488 2487//2487
f 2416//2416 2417//2417 2489//2489 2488//2488
f 2417//2417 2418//2418 2490//2490 2489//2489
f 2418//2418 2419//2419 2491//2491 2490//2490
f 2419//2419 2420//2420 2492//2492 2491//2491
f 2420//2420 2421//2421 2493//2493 2492//2492
f 2421//2421 2422//2422 2494//2494 2493//2493
f 2422//2422 2423//2423 2495//2495 2494//2494
f 2423//2423 2424//2424 2496//2496 2495//2495
f 2424//2424 2425//2425 2497//2497 2496//2496
f 2425//2425 2426//2426 2498//2498 2497//2497
f 2426//2426 2427//2427 2499//2499 2498//2498
f 2427//2427 2428//2428 2500//2500 2499//2499
f 2428//2428 2429//2429 2501//2501 2500//2500
f 2429//2429 2430//2430 2502//2502 2501//2501
f 2430//2430 2431//2431 2503//2503 2502//2502
f 2431//2431 2432//2432 2504//2504 2503//2503
f 2432//2432 2433//2433 2505//2505 2504//2504
f 2433//2433 2434//2434 2506//2506 2505//2505
f 2434//2434 2435//2435 2507//2507 2506//2506
f 2435//2435 2436//2436 2508//2508 2507//2507
f 2436//2436 2437//2437 2509//2509 2508//2508
f 2437//2437 2438//2438 2510//2510 2509//2509
f 2438//2438 2439//2439 2511//2511 2510//2510
f 2439//2439 2440//2440 2512//2512 2511//2511
f 2440//2440 2441//2441 2513//2513 2512//2512
f 2441//2441 2442//2442 2514//2514 2513//2513
f 2442//2442 2443//2443 2515//2515 2514//2514
f 2443//2443 2444//2444 2516//2516 2515//2515
f 2444//2444 2445//2445 2517//2517 2516//2516
f 2445//2445 2446//2446 2518//2518 2517//2517
f 2446//2446 2447//2447 2519//2519 2518//2518
f 2447//2447 2448//2448 2520//2520 2519//2519
f 2448//2448 2449//2449 2521//2521 2520//2520
f 2449//2449 2450//2450 2522//2522 2521//2521
f 2450//2450 2379//2379 2451//2451 2522//2522
f 2451//2451 2452//2452 2523//2523
f 2452//2452 2453//2453 2524//2524
f 2453//2453 2454//2454 2525//2525
f 2454//2454 2455//2455 2526//2526
f 2455//2455 2456//2456 2527//2527
f 2456//2456 2457//2457 2528//2528
f 2457//2457 2458//2458 2529//2529
f 2458//2458 2459//2459 2530//2530
f 2459//2459 2460//2460 2531//2531
f 2460//2460 2461//2461 2532//2532
f 2461//2461 2462//2462 2533//2533
f 2462//2462 2463//2463 2534//2534
f 2463//2463 2464//2464 2535//2535
f 2464//2464 2465//2465 2536//2536
f 2465//2465 2466//2466 2537//2537
f 2466//2466 2467//2467 2538//2538
f 2467//2467 2468//2468 2539//2539
f 2468//2468 2469//2469 2540//2540
f 2469//2469 2470//2470 2541//2541
f 2470//2470 2471//2471 2542//2542
f 2471//2471 2472//2472 2543//2543
f 2472//2472 2473//2473 2544//2544
f 2473//2473 2474//2474 2545//2545
f 2474//2474 2475//2475 2546//2546
f 2475//2475 2476//2476 2547//2547
f 2476//2476 2477//2477 2548//2548
f 2477//2477 2478//2478 2549//2549
f 2478//2478 2479//2479 2550//2550
f 2479//2479 2480//2480 2551//2551
f 2480//2480 2481//2481 2552//2552
f 2481//2481 2482//2482 2553//2553
f 2482//2482 2483//2483 2554//2554
f 2483//2483 2484//2484 2555//2555
f 2484//2484 2485//2485 2556//2556
f 2485//2485 2486//2486 2557//2557
f 2486//2486 2487//2487 2558//2558
f 2487//2487 2488//2488 2559//2559
f 2488//2488 2489//2489 2560//2560
f 2489//2489 2490//2490 2561//2561
f 2490//2490 2491//2491 2562//2562
f 2491//2491 2492//2492 2563//2563
f 2492//2492 2493//2493 2564//2564
f 2493//2493 2494//2494 2565//2565
f 2494//2494 2495//2495 2566//2566
f 2495//2495 2496//2496 2567//2567
f 2496//2496 2497//2497 2568//2568
f 2497//2497 2498//2498 2569//2569
f 2498//2498 2499//2499 2570//2570
f 2499//2499 2500//2500 2571//2571
f 2500//2500 2501//2501 2572//2572
f 2501//2501 2502//2502 2573//2573
f 2502//2502 2503//2503 2574//2574
f 2503//2503 2504//2504 2575//2575
f 2504//2504 2505//2505 2576//2576
f 2505//2505 2506//2506 2577//2577
f 2506//2506 2507//2507 2578//2578
f 2507//2507 2508//2508 2579//2579
f 2508//2508 2509//2509 2580//2580
f 2509//2509 2510//2510 2581//2581
f 2510//2510 2511//2511 2582//2582
f 2511//2511 2512//2512 2583//2583
f 2512//2512 2513//2513 2584//2584
f 2513//2513 2514//2514 2585//2585
f 2514//2514 2515//2515 2586//2586
f 2515//2515 2516//2516 2587//2587
f 2516//2516 2517//2517 2588//2588
f 2517//2517 2518//2518 2589//2589
f 2518//2518 2519//2519 2590//2590
f 2519//2519 2520//2520 2591//2591
f 2520//2520 2521//2521 2592//2592
f 2521//2521 2522//2522 2593//2593
f 2522//2522 2451//2451 2594//2594
f 2595//2595 2596//2596 2668//2668 2667//2667
f 2596//2596 2597//2597 2669//2669 2668//2668
f 2597//2597 2598//2598 2670//2670 2669//2669
f 2598//2598 2599//2599 2671//2671 2670//2670
f 2599//2599 2600//2600 2672//2672 2671//2671
f 2600//2600 2601//2601 2673//2673 2672//2672
f 2601//2601 2602//2602 2674//2674 2673//2673
f 2602//2602 2603//2603 2675//2675 2674//2674
f 2603//2603 2604//2604 2676//2676 2675//2675
f 2604//2604 2605//2605 2677//2677 2676//2676
f 2605//2605 2606//2606 2678//2678 2677//2677
f 2606//2606 2607//2607 2679//2679 2678//2678
f 2607//2607 2608//2608 2680//2680 2679//2679
f 2608//2608 2609//2609 2681//2681 2680//2680
f 2609//2609 2610//2610 2682//2682 2681//2681
f 2610//2610 2611//2611 2683//2683 2682//2682
f 2611//2611 2612//2612 2684//2684 2683//2683
f 2612//2612 2613//2613 2685//2685 2684//2684
f 2613//2613 2614//2614 2686//2686 2685//2685
f 2614//2614 2615//2615 2687//2687 2686//2686
f 2615//2615 2616//2616 2688//2688 2687//2687
f 2616//2616 2617//2617 2689//2689 2688//2688
f 2617//2617 2618//2618 2690//2690 2689//2689
f 2618//2618 2619//2619 2691//2691 2690//2690
f 2619//2619 2620//2620 2692//2692 2691//2691
f 2620//2620 2621//2621 2693//2693 2692//2692
f 2621//2621 2622//2622 2694//2694 2693//2693
f 2622//2622 2623//2623 2695//2695 2694//2694
f 2623//2623 2624//2624 2696//2696 2695//2695
f 2624//2624 2625//2625 2697//2697 2696//2696
f 2625//2625 2626//2626 2698//2698 2697//2697
f 2626//2626 2627//2627 2699//2699 2698//2698
f 2627//2627 2628//2628 2700//2700 2699//2699
f 2628//2628 2629//2629 2701//2701 2700//2700
f 2629//2629 2630//2630 2702//2702 2701//2701
f 2630//2630 2631//2631 2703//2703 2702//2702
f 2631//2631 2632//2632 2704//2704 2703//2703
f 2632//2632 2633//2633 2705//2705 2704//2704
f 2633//2633 2634//2634 2706//2706 2705//2705
f 2634//2634 2635//2635 2707//2707 2706//2706
f 2635//2635 2636//2636 2708//2708 2707//2707
f 2636//2636 2637//2637 2709//2709 2708//2708
f 2637//2637 2638//2638 2710//2710 2709//2709
f 2638//2638 2639//2639 2711//2711 2710//2710
f 2639//2639 2640//2640 2712//2712 2711//2711
f 2640//2640 2641//2641 2713//2713 2712//2712
f 2641//2641 2642//2642 2714//2714 2713//2713
f 2642//2642 2643//2643 2715//2715 2714//2714
f 2643//2643 2644//2644 2716//2716 2715//2715
f 2644//2644 2645//2645 2717//2717 2716//2716
f 2645//2645 2646//2646 2718//2718 2717//2717
f 2646//2646 2647//2647 2719//2719 2718//2718
f 2647//2647 2648//2648 2720//2720 2719//2719
f 2648//2648 2649//2649 2721//2721 2720//2720
f 2649//2649 2650//2650 2722//2722 2721//2721
f 2650//2650 2651//2651 2723//2723 2722//2722
f 2651//2651 2652//2652 2724//2724 2723//2723
f 2652//2652 2653//2653 2725//2725 2724//2724
f 2653//2653 2654//2654 2726//2726 2725//2725
f 2654//2654 2655//2655 2727//2727 2726//2726
f 2655//2655 2656//2656 2728//2728 2727//2727
f 2656//2656 2657//2657 2729//2729 2728//2728
f 2657//2657 2658//2658 2730//2730 2729//2729
f 2658//2658 2659//2659 2731//2731 2730//2730
f 2659//2659 2660//2660 2732//2732 2731//2731
f 2660//2660 2661//2661 2733//2733 2732//2732
f 2661//2661 2662//2662 2734//2734 2733//2733
f 2662//2662 2663//2663 2735//2735 2734//2734
f 2663//2663 2664//2664 2736//2736 2735//2735
f 2664//2664 2665//2665 2737//2737 2736//2736
f 2665//2665 2666//2666 2738//2738 2737//2737
f 2666//2666 2595//2595 2667//2667 2738//2738
f 2667//2667 2668//2668 2740//2740 2739//2739
f 2668//2668 2669//2669 2741//2741 2740//2740
f 2669//2669 2670//2670 2742//2742 2741//2741
f 2670//2670 2671//2671 2743//2743 2742//2742
f 2671//2671 2672//2672 2744//2744 2743//2743
f 2672//2672 2673//2673 2745//2745 2744//2744
f 2673//2673 2674//2674 2746//2746 2745//2745
f 2674//2674 2675//2675 2747//2747 2746//2746
f 2675//2675 2676//2676 2748//2748 2747//2747
f 2676//2676 2677//2677 2749//2749 2748//2748
f 2677//2677 2678//2678 2750//2750 2749//2749
f 2678//2678 2679//2679 2751//2751 2750//2750
f 2679//2679 2680//2680 2752//2752 2751//2751
f 2680//2680 2681//2681 2753//2753 2752//2752
f 2681//2681 2682//2682 2754//2754 2753//2753
f 2682//2682 2683//2683 2755//2755 2754//2754
f 2683//2683 2684//2684 2756//2756 2755//2755
f 2684//2684 2685//2685 2757//2757 2756//2756
f 2685//2685 2686//2686 2758//2758 2757//2757
f 2686//2686 2687//2687 2759//2759 2758//2758
f 2687//2687 2688//2688 2760//2760 2759//2759
f 2688//2688 2689//2689 2761//2761 2760//2760
f 2689//2689 2690//2690 2762//2762 2761//2761
f 2690//2690 2691//2691 2763//2763 2762//2762
f 2691//2691 2692//2692 2764//2764 2763//2763
f 2692//2692 2693//2693 2765//2765 2764//2764
f 2693//2693 2694//2694 2766//2766 2765//2765
f 2694//2694 2695//2695 2767//2767 2766//2766
f 2695//2695 2696//2696 2768//2768 2767//2767
f 2696//2696 2697//2697 2769//2769 2768//2768
f 2697//2697 2698//2698 2770//2770 2769//2769
f 2698//2698 2699//2699 2771//2771 2770//2770
f 2699//2699 2700//2700 2772//2772 2771//2771
f 2700//2700 2701//2701 2773//2773 2772//2772
f 2701//2701 2702//2702 2774//2774 2773//2773
f 2702//2702 2703//2703 2775//2775 2774//2774
f 2703//2703 2704//2704 2776//2776 2775//2775
f 2704//2704 2705//2705 2777//2777 2776//2776
f 2705//2705 2706//2706 2778//2778 2777//2777
f 2706//2706 2707//2707 2779//2779 2778//2778
f 2707//2707 2708//2708 2780//2780 2779//2779
f 2708//2708 2709//2709 2781//2781 2780//2780
f 2709//2709 2710//2710 2782//2782 2781//2781
f 2710//2710 2711//2711 2783//2783 2782//2782
f 2711//2711 2712//2712 2784//2784 2783//2783
f 2712//2712 2713//2713 2785//2785 2784//2784
f 2713//2713 2714//2714 2786//2786 2785//2785
f 2714//2714 2715//2715 2787//2787 2786//2786
f 2715//2715 2716//2716 2788//2788 2787//2787
f 2716//2716 2717//2717 2789//2789 2788//2788
f 2717//2717 2718//2718 2790//2790 2789//2789
f 2718//2718 2719//2719 2791//2791 2790//2790
f 2719//2719 2720//2720 2792//2792 2791//2791
f 2720//2720 2721//2721 2793//2793 2792//2792
f 2721//2721 2722//2722 2794//2794 2793//2793
f 2722//2722 2723//2723 2795//2795 2794//2794
f 2723//2723 2724//2724 2796//2796 2795//2795
f 2724//2724 2725//2725 2797//2797 2796//2796
f 2725//2725 2726//2726 2798//2798 2797//2797
f 2726//2726 2727//2727 2799//2799 2798//2798
f 2727//2727 2728//2728 2800//2800 2799//2799
f 2728//2728 2729//2729 2801//2801 2800//2800
f 2729//2729 2730//2730 2802//2802 2801//2801
f 2730//2730 2731//2731 2803//2803 2802//2802
f 2731//2731 2732//2732 2804//2804 2803//2803
f 2732//2732 2733//2733 2805//2805 2804//2804
f 2733//2733 2734//2734 2806//2806 2805//2805
f 2734//2734 2735//2735 2807//2807 2806//2806
f 2735//2735 2736//2736 2808//2808 2807//2807
f 2736//2736 2737//2737 2809//2809 2808//2808
f 2737//2737 2738//2738 2810//2810 2809//2809
f 2738//2738 2667//2667 2739//2739 2810//2810
f 2739//2739 2740//2740 2812//2812 2811//2811
f 2740//2740 2741//2741 2813//2813 2812//2812
f 2741//2741 2742//2742 2814//2814 2813//2813
f 2742//2742 2743//2743 2815//2815 2814//2814
f 2743//2743 2744//2744 2816//2816 2815//2815
f 2744//2744 2745//2745 2817//2817 2816//2816
f 2745//2745 2746//2746 2818//2818 2817//2817
f 2746//2746 2747//2747 2819//2819 2818//2818
f 2747//2747 2748//2748 2820//2820 2819//2819
f 2748//2748 2749//2749 2821//2821 2820//2820
f 2749//2749 2750//2750 2822//2822 2821//2821
f 2750//2750 2751//2751 2823//2823 2822//2822
f 2751//2751 2752//2752 2824//2824 2823//2823
f 2752//2752 2753//2753 2825//2825 2824//2824
f 2753//2753 2754//2754 2826//2826 2825//2825
f 2754//2754 2755//2755 2827//2827 2826//2826
f 2755//2755 2756//2756 2828//2828 2827//2827
f 2756//2756 2757//2757 2829//2829 2828//2828
f 2757//2757 2758//2758 2830//2830 2829//2829
f 2758//2758 2759//2759 2831//2831 2830//2830
f 2759//2759 2760//2760 2832//2832 2831//2831
f 2760//2760 2761//2761 2833//2833 2832//2832
f 2761//2761 2762//2762 2834//2834 2833//2833
f 2762//2762 2763//2763 2835//2835 2834//2834
f 2763//2763 2764//2764 2836//2836 2835//2835
f 2764//2764 2765//2765 2837//2837 2836//2836
f 2765//2765 2766//2766 2838//2838 2837//2837
f 2766//2766 2767//2767 2839//2839 2838//2838
f 2767//2767 2768//2768 2840//2840 2839//2839
f 2768//2768 2769//2769 2841//2841 2840//2840
f 2769//2769 2770//2770 2842//2842 2841//2841
f 2770//2770 2771//2771 2843//2843 2842//2842
f 2771//2771 2772//2772 2844//2844 2843//2843
f 2772//2772 2773//2773 2845//2845 2844//2844
f 2773//2773 2774//2774 2846//2846 2845//2845
f 2774//2774 2775//2775 2847//2847 2846//2846
f 2775//2775 2776//2776 2848//2848 2847//2847
f 2776//2776 2777//2777 2849//2849 2848//2848
f 2777//2777 2778//2778 2850//2850 2849//2849
f 2778//2778 2779//2779 2851//2851 2850//2850
f 2779//2779 2780//2780 2852//2852 2851//2851
f 2780//2780 2781//2781 2853//2853 2852//2852
f 2781//2781 2782//2782 2854//2854 2853//2853
f 2782//2782 2783//2783 2855//2855 2854//2854
f 2783//2783 2784//2784 2856//2856 2855//2855
f 2784//2784 2785//2785 2857//2857 2856//2856
f 2785//2785 2786//2786 2858//2858 2857//2857
f 2786//2786 2787//2787 2859//2859 2858//2858
f 2787//2787 2788//2788 2860//2860 2859//2859
f 2788//2788 2789//2789 2861//2861 2860//2860
f 2789//2789 2790//2790 2862//2862 2861//2861
f 2790//2790 2791//2791 2863//2863 2862//2862
f 2791//2791 2792//2792 2864//2864 2863//2863
f 2792//2792 2793//2793 2865//2865 2864//2864
f 2793//2793 2794//2794 2866//2866 2865//2865
f 2794//2794 2795//2795 2867//2867 2866//2866
f 2795//2795 2796//2796 2868//2868 2867//2867
f 2796//2796 2797//2797 2869//2869 2868//2868
f 2797//2797 2798//2798 2870//2870 2869//2869
f 2798//2798 2799//2799 2871//2871 2870//2870
f 2799//2799 2800//2800 2872//2872 2871//2871
f 2800//2800 2801//2801 2873//2873 2872//2872
f 2801//2801 2802//2802 2874//2874 2873//2873
f 2802//2802 2803//2803 2875//2875 2874//2874
f 2803//2803 2804//2804 2876//2876 2875//2875
f 2804//2804 2805//2805 2877//2877 2876//2876
f 2805//2805 2806//2806 2878//2878 2877//2877
f 2806//2806 2807//2807 2879//2879 2878//2878
f 2807//2807 2808//2808 2880//2880 2879//2879
f 2808//2808 2809//2809 2881//2881 2880//2880
f 2809//2809 2810//2810 2882//2882 2881//2881
f 2810//2810 2739//2739 2811//2811 2882//2882
