# higher-detail queen model for Chess3D
# Generated procedural chess model. Units: Y-up, centered on origin.
o queen
v 0.420000 0.000000 0.000000
v 0.418402 0.000000 0.036605
v 0.413619 0.000000 0.072932
v 0.405689 0.000000 0.108704
v 0.394671 0.000000 0.143648
v 0.380649 0.000000 0.177500
v 0.363731 0.000000 0.210000
v 0.344044 0.000000 0.240902
v 0.321739 0.000000 0.269971
v 0.296985 0.000000 0.296985
v 0.269971 0.000000 0.321739
v 0.240902 0.000000 0.344044
v 0.210000 0.000000 0.363731
v 0.177500 0.000000 0.380649
v 0.143648 0.000000 0.394671
v 0.108704 0.000000 0.405689
v 0.072932 0.000000 0.413619
v 0.036605 0.000000 0.418402
v 0.000000 0.000000 0.420000
v -0.036605 0.000000 0.418402
v -0.072932 0.000000 0.413619
v -0.108704 0.000000 0.405689
v -0.143648 0.000000 0.394671
v -0.177500 0.000000 0.380649
v -0.210000 0.000000 0.363731
v -0.240902 0.000000 0.344044
v -0.269971 0.000000 0.321739
v -0.296985 0.000000 0.296985
v -0.321739 0.000000 0.269971
v -0.344044 0.000000 0.240902
v -0.363731 0.000000 0.210000
v -0.380649 0.000000 0.177500
v -0.394671 0.000000 0.143648
v -0.405689 0.000000 0.108704
v -0.413619 0.000000 0.072932
v -0.418402 0.000000 0.036605
v -0.420000 0.000000 0.000000
v -0.418402 0.000000 -0.036605
v -0.413619 0.000000 -0.072932
v -0.405689 0.000000 -0.108704
v -0.394671 0.000000 -0.143648
v -0.380649 0.000000 -0.177500
v -0.363731 0.000000 -0.210000
v -0.344044 0.000000 -0.240902
v -0.321739 0.000000 -0.269971
v -0.296985 0.000000 -0.296985
v -0.269971 0.000000 -0.321739
v -0.240902 0.000000 -0.344044
v -0.210000 0.000000 -0.363731
v -0.177500 0.000000 -0.380649
v -0.143648 0.000000 -0.394671
v -0.108704 0.000000 -0.405689
v -0.072932 0.000000 -0.413619
v -0.036605 0.000000 -0.418402
v -0.000000 0.000000 -0.420000
v 0.036605 0.000000 -0.418402
v 0.072932 0.000000 -0.413619
v 0.108704 0.000000 -0.405689
v 0.143648 0.000000 -0.394671
v 0.177500 0.000000 -0.380649
v 0.210000 0.000000 -0.363731
v 0.240902 0.000000 -0.344044
v 0.269971 0.000000 -0.321739
v 0.296985 0.000000 -0.296985
v 0.321739 0.000000 -0.269971
v 0.344044 0.000000 -0.240902
v 0.363731 0.000000 -0.210000
v 0.380649 0.000000 -0.177500
v 0.394671 0.000000 -0.143648
v 0.405689 0.000000 -0.108704
v 0.413619 0.000000 -0.072932
v 0.418402 0.000000 -0.036605
v 0.430000 0.035000 0.000000
v 0.428364 0.035000 0.037477
v 0.423467 0.035000 0.074669
v 0.415348 0.035000 0.111292
v 0.404068 0.035000 0.147069
v 0.389712 0.035000 0.181726
v 0.372391 0.035000 0.215000
v 0.352235 0.035000 0.246638
v 0.329399 0.035000 0.276399
v 0.304056 0.035000 0.304056
v 0.276399 0.035000 0.329399
v 0.246638 0.035000 0.352235
v 0.215000 0.035000 0.372391
v 0.181726 0.035000 0.389712
v 0.147069 0.035000 0.404068
v 0.111292 0.035000 0.415348
v 0.074669 0.035000 0.423467
v 0.037477 0.035000 0.428364
v 0.000000 0.035000 0.430000
v -0.037477 0.035000 0.428364
v -0.074669 0.035000 0.423467
v -0.111292 0.035000 0.415348
v -0.147069 0.035000 0.404068
v -0.181726 0.035000 0.389712
v -0.215000 0.035000 0.372391
v -0.246638 0.035000 0.352235
v -0.276399 0.035000 0.329399
v -0.304056 0.035000 0.304056
v -0.329399 0.035000 0.276399
v -0.352235 0.035000 0.246638
v -0.372391 0.035000 0.215000
v -0.389712 0.035000 0.181726
v -0.404068 0.035000 0.147069
v -0.415348 0.035000 0.111292
v -0.423467 0.035000 0.074669
v -0.428364 0.035000 0.037477
v -0.430000 0.035000 0.000000
v -0.428364 0.035000 -0.037477
v -0.423467 0.035000 -0.074669
v -0.415348 0.035000 -0.111292
v -0.404068 0.035000 -0.147069
v -0.389712 0.035000 -0.181726
v -0.372391 0.035000 -0.215000
v -0.352235 0.035000 -0.246638
v -0.329399 0.035000 -0.276399
v -0.304056 0.035000 -0.304056
v -0.276399 0.035000 -0.329399
v -0.246638 0.035000 -0.352235
v -0.215000 0.035000 -0.372391
v -0.181726 0.035000 -0.389712
v -0.147069 0.035000 -0.404068
v -0.111292 0.035000 -0.415348
v -0.074669 0.035000 -0.423467
v -0.037477 0.035000 -0.428364
v -0.000000 0.035000 -0.430000
v 0.037477 0.035000 -0.428364
v 0.074669 0.035000 -0.423467
v 0.111292 0.035000 -0.415348
v 0.147069 0.035000 -0.404068
v 0.181726 0.035000 -0.389712
v 0.215000 0.035000 -0.372391
v 0.246638 0.035000 -0.352235
v 0.276399 0.035000 -0.329399
v 0.304056 0.035000 -0.304056
v 0.329399 0.035000 -0.276399
v 0.352235 0.035000 -0.246638
v 0.372391 0.035000 -0.215000
v 0.389712 0.035000 -0.181726
v 0.404068 0.035000 -0.147069
v 0.415348 0.035000 -0.111292
v 0.423467 0.035000 -0.074669
v 0.428364 0.035000 -0.037477
v 0.390000 0.075000 0.000000
v 0.388516 0.075000 0.033991
v 0.384075 0.075000 0.067723
v 0.376711 0.075000 0.100939
v 0.366480 0.075000 0.133388
v 0.353460 0.075000 0.164821
v 0.337750 0.075000 0.195000
v 0.319469 0.075000 0.223695
v 0.298757 0.075000 0.250687
v 0.275772 0.075000 0.275772
v 0.250687 0.075000 0.298757
v 0.223695 0.075000 0.319469
v 0.195000 0.075000 0.337750
v 0.164821 0.075000 0.353460
v 0.133388 0.075000 0.366480
v 0.100939 0.075000 0.376711
v 0.067723 0.075000 0.384075
v 0.033991 0.075000 0.388516
v 0.000000 0.075000 0.390000
v -0.033991 0.075000 0.388516
v -0.067723 0.075000 0.384075
v -0.100939 0.075000 0.376711
v -0.133388 0.075000 0.366480
v -0.164821 0.075000 0.353460
v -0.195000 0.075000 0.337750
v -0.223695 0.075000 0.319469
v -0.250687 0.075000 0.298757
v -0.275772 0.075000 0.275772
v -0.298757 0.075000 0.250687
v -0.319469 0.075000 0.223695
v -0.337750 0.075000 0.195000
v -0.353460 0.075000 0.164821
v -0.366480 0.075000 0.133388
v -0.376711 0.075000 0.100939
v -0.384075 0.075000 0.067723
v -0.388516 0.075000 0.033991
v -0.390000 0.075000 0.000000
v -0.388516 0.075000 -0.033991
v -0.384075 0.075000 -0.067723
v -0.376711 0.075000 -0.100939
v -0.366480 0.075000 -0.133388
v -0.353460 0.075000 -0.164821
v -0.337750 0.075000 -0.195000
v -0.319469 0.075000 -0.223695
v -0.298757 0.075000 -0.250687
v -0.275772 0.075000 -0.275772
v -0.250687 0.075000 -0.298757
v -0.223695 0.075000 -0.319469
v -0.195000 0.075000 -0.337750
v -0.164821 0.075000 -0.353460
v -0.133388 0.075000 -0.366480
v -0.100939 0.075000 -0.376711
v -0.067723 0.075000 -0.384075
v -0.033991 0.075000 -0.388516
v -0.000000 0.075000 -0.390000
v 0.033991 0.075000 -0.388516
v 0.067723 0.075000 -0.384075
v 0.100939 0.075000 -0.376711
v 0.133388 0.075000 -0.366480
v 0.164821 0.075000 -0.353460
v 0.195000 0.075000 -0.337750
v 0.223695 0.075000 -0.319469
v 0.250687 0.075000 -0.298757
v 0.275772 0.075000 -0.275772
v 0.298757 0.075000 -0.250687
v 0.319469 0.075000 -0.223695
v 0.337750 0.075000 -0.195000
v 0.353460 0.075000 -0.164821
v 0.366480 0.075000 -0.133388
v 0.376711 0.075000 -0.100939
v 0.384075 0.075000 -0.067723
v 0.388516 0.075000 -0.033991
v 0.320000 0.110000 0.000000
v 0.318782 0.110000 0.027890
v 0.315138 0.110000 0.055567
v 0.309096 0.110000 0.082822
v 0.300702 0.110000 0.109446
v 0.290018 0.110000 0.135238
v 0.277128 0.110000 0.160000
v 0.262129 0.110000 0.183544
v 0.245134 0.110000 0.205692
v 0.226274 0.110000 0.226274
v 0.205692 0.110000 0.245134
v 0.183544 0.110000 0.262129
v 0.160000 0.110000 0.277128
v 0.135238 0.110000 0.290018
v 0.109446 0.110000 0.300702
v 0.082822 0.110000 0.309096
v 0.055567 0.110000 0.315138
v 0.027890 0.110000 0.318782
v 0.000000 0.110000 0.320000
v -0.027890 0.110000 0.318782
v -0.055567 0.110000 0.315138
v -0.082822 0.110000 0.309096
v -0.109446 0.110000 0.300702
v -0.135238 0.110000 0.290018
v -0.160000 0.110000 0.277128
v -0.183544 0.110000 0.262129
v -0.205692 0.110000 0.245134
v -0.226274 0.110000 0.226274
v -0.245134 0.110000 0.205692
v -0.262129 0.110000 0.183544
v -0.277128 0.110000 0.160000
v -0.290018 0.110000 0.135238
v -0.300702 0.110000 0.109446
v -0.309096 0.110000 0.082822
v -0.315138 0.110000 0.055567
v -0.318782 0.110000 0.027890
v -0.320000 0.110000 0.000000
v -0.318782 0.110000 -0.027890
v -0.315138 0.110000 -0.055567
v -0.309096 0.110000 -0.082822
v -0.300702 0.110000 -0.109446
v -0.290018 0.110000 -0.135238
v -0.277128 0.110000 -0.160000
v -0.262129 0.110000 -0.183544
v -0.245134 0.110000 -0.205692
v -0.226274 0.110000 -0.226274
v -0.205692 0.110000 -0.245134
v -0.183544 0.110000 -0.262129
v -0.160000 0.110000 -0.277128
v -0.135238 0.110000 -0.290018
v -0.109446 0.110000 -0.300702
v -0.082822 0.110000 -0.309096
v -0.055567 0.110000 -0.315138
v -0.027890 0.110000 -0.318782
v -0.000000 0.110000 -0.320000
v 0.027890 0.110000 -0.318782
v 0.055567 0.110000 -0.315138
v 0.082822 0.110000 -0.309096
v 0.109446 0.110000 -0.300702
v 0.135238 0.110000 -0.290018
v 0.160000 0.110000 -0.277128
v 0.183544 0.110000 -0.262129
v 0.205692 0.110000 -0.245134
v 0.226274 0.110000 -0.226274
v 0.245134 0.110000 -0.205692
v 0.262129 0.110000 -0.183544
v 0.277128 0.110000 -0.160000
v 0.290018 0.110000 -0.135238
v 0.300702 0.110000 -0.109446
v 0.309096 0.110000 -0.082822
v 0.315138 0.110000 -0.055567
v 0.318782 0.110000 -0.027890
v 0.335000 0.155000 0.000000
v 0.333725 0.155000 0.029197
v 0.329911 0.155000 0.058172
v 0.323585 0.155000 0.086704
v 0.314797 0.155000 0.114577
v 0.303613 0.155000 0.141577
v 0.290119 0.155000 0.167500
v 0.274416 0.155000 0.192148
v 0.256625 0.155000 0.215334
v 0.236881 0.155000 0.236881
v 0.215334 0.155000 0.256625
v 0.192148 0.155000 0.274416
v 0.167500 0.155000 0.290119
v 0.141577 0.155000 0.303613
v 0.114577 0.155000 0.314797
v 0.086704 0.155000 0.323585
v 0.058172 0.155000 0.329911
v 0.029197 0.155000 0.333725
v 0.000000 0.155000 0.335000
v -0.029197 0.155000 0.333725
v -0.058172 0.155000 0.329911
v -0.086704 0.155000 0.323585
v -0.114577 0.155000 0.314797
v -0.141577 0.155000 0.303613
v -0.167500 0.155000 0.290119
v -0.192148 0.155000 0.274416
v -0.215334 0.155000 0.256625
v -0.236881 0.155000 0.236881
v -0.256625 0.155000 0.215334
v -0.274416 0.155000 0.192148
v -0.290119 0.155000 0.167500
v -0.303613 0.155000 0.141577
v -0.314797 0.155000 0.114577
v -0.323585 0.155000 0.086704
v -0.329911 0.155000 0.058172
v -0.333725 0.155000 0.029197
v -0.335000 0.155000 0.000000
v -0.333725 0.155000 -0.029197
v -0.329911 0.155000 -0.058172
v -0.323585 0.155000 -0.086704
v -0.314797 0.155000 -0.114577
v -0.303613 0.155000 -0.141577
v -0.290119 0.155000 -0.167500
v -0.274416 0.155000 -0.192148
v -0.256625 0.155000 -0.215334
v -0.236881 0.155000 -0.236881
v -0.215334 0.155000 -0.256625
v -0.192148 0.155000 -0.274416
v -0.167500 0.155000 -0.290119
v -0.141577 0.155000 -0.303613
v -0.114577 0.155000 -0.314797
v -0.086704 0.155000 -0.323585
v -0.058172 0.155000 -0.329911
v -0.029197 0.155000 -0.333725
v -0.000000 0.155000 -0.335000
v 0.029197 0.155000 -0.333725
v 0.058172 0.155000 -0.329911
v 0.086704 0.155000 -0.323585
v 0.114577 0.155000 -0.314797
v 0.141577 0.155000 -0.303613
v 0.167500 0.155000 -0.290119
v 0.192148 0.155000 -0.274416
v 0.215334 0.155000 -0.256625
v 0.236881 0.155000 -0.236881
v 0.256625 0.155000 -0.215334
v 0.274416 0.155000 -0.192148
v 0.290119 0.155000 -0.167500
v 0.303613 0.155000 -0.141577
v 0.314797 0.155000 -0.114577
v 0.323585 0.155000 -0.086704
v 0.329911 0.155000 -0.058172
v 0.333725 0.155000 -0.029197
v 0.275000 0.200000 0.000000
v 0.273954 0.200000 0.023968
v 0.270822 0.200000 0.047753
v 0.265630 0.200000 0.071175
v 0.258415 0.200000 0.094056
v 0.249235 0.200000 0.116220
v 0.238157 0.200000 0.137500
v 0.225267 0.200000 0.157734
v 0.210662 0.200000 0.176767
v 0.194454 0.200000 0.194454
v 0.176767 0.200000 0.210662
v 0.157734 0.200000 0.225267
v 0.137500 0.200000 0.238157
v 0.116220 0.200000 0.249235
v 0.094056 0.200000 0.258415
v 0.071175 0.200000 0.265630
v 0.047753 0.200000 0.270822
v 0.023968 0.200000 0.273954
v 0.000000 0.200000 0.275000
v -0.023968 0.200000 0.273954
v -0.047753 0.200000 0.270822
v -0.071175 0.200000 0.265630
v -0.094056 0.200000 0.258415
v -0.116220 0.200000 0.249235
v -0.137500 0.200000 0.238157
v -0.157734 0.200000 0.225267
v -0.176767 0.200000 0.210662
v -0.194454 0.200000 0.194454
v -0.210662 0.200000 0.176767
v -0.225267 0.200000 0.157734
v -0.238157 0.200000 0.137500
v -0.249235 0.200000 0.116220
v -0.258415 0.200000 0.094056
v -0.265630 0.200000 0.071175
v -0.270822 0.200000 0.047753
v -0.273954 0.200000 0.023968
v -0.275000 0.200000 0.000000
v -0.273954 0.200000 -0.023968
v -0.270822 0.200000 -0.047753
v -0.265630 0.200000 -0.071175
v -0.258415 0.200000 -0.094056
v -0.249235 0.200000 -0.116220
v -0.238157 0.200000 -0.137500
v -0.225267 0.200000 -0.157734
v -0.210662 0.200000 -0.176767
v -0.194454 0.200000 -0.194454
v -0.176767 0.200000 -0.210662
v -0.157734 0.200000 -0.225267
v -0.137500 0.200000 -0.238157
v -0.116220 0.200000 -0.249235
v -0.094056 0.200000 -0.258415
v -0.071175 0.200000 -0.265630
v -0.047753 0.200000 -0.270822
v -0.023968 0.200000 -0.273954
v -0.000000 0.200000 -0.275000
v 0.023968 0.200000 -0.273954
v 0.047753 0.200000 -0.270822
v 0.071175 0.200000 -0.265630
v 0.094056 0.200000 -0.258415
v 0.116220 0.200000 -0.249235
v 0.137500 0.200000 -0.238157
v 0.157734 0.200000 -0.225267
v 0.176767 0.200000 -0.210662
v 0.194454 0.200000 -0.194454
v 0.210662 0.200000 -0.176767
v 0.225267 0.200000 -0.157734
v 0.238157 0.200000 -0.137500
v 0.249235 0.200000 -0.116220
v 0.258415 0.200000 -0.094056
v 0.265630 0.200000 -0.071175
v 0.270822 0.200000 -0.047753
v 0.273954 0.200000 -0.023968
v 0.220000 0.315000 0.000000
v 0.219163 0.315000 0.019174
v 0.216658 0.315000 0.038203
v 0.212504 0.315000 0.056940
v 0.206732 0.315000 0.075244
v 0.199388 0.315000 0.092976
v 0.190526 0.315000 0.110000
v 0.180213 0.315000 0.126187
v 0.168530 0.315000 0.141413
v 0.155563 0.315000 0.155563
v 0.141413 0.315000 0.168530
v 0.126187 0.315000 0.180213
v 0.110000 0.315000 0.190526
v 0.092976 0.315000 0.199388
v 0.075244 0.315000 0.206732
v 0.056940 0.315000 0.212504
v 0.038203 0.315000 0.216658
v 0.019174 0.315000 0.219163
v 0.000000 0.315000 0.220000
v -0.019174 0.315000 0.219163
v -0.038203 0.315000 0.216658
v -0.056940 0.315000 0.212504
v -0.075244 0.315000 0.206732
v -0.092976 0.315000 0.199388
v -0.110000 0.315000 0.190526
v -0.126187 0.315000 0.180213
v -0.141413 0.315000 0.168530
v -0.155563 0.315000 0.155563
v -0.168530 0.315000 0.141413
v -0.180213 0.315000 0.126187
v -0.190526 0.315000 0.110000
v -0.199388 0.315000 0.092976
v -0.206732 0.315000 0.075244
v -0.212504 0.315000 0.056940
v -0.216658 0.315000 0.038203
v -0.219163 0.315000 0.019174
v -0.220000 0.315000 0.000000
v -0.219163 0.315000 -0.019174
v -0.216658 0.315000 -0.038203
v -0.212504 0.315000 -0.056940
v -0.206732 0.315000 -0.075244
v -0.199388 0.315000 -0.092976
v -0.190526 0.315000 -0.110000
v -0.180213 0.315000 -0.126187
v -0.168530 0.315000 -0.141413
v -0.155563 0.315000 -0.155563
v -0.141413 0.315000 -0.168530
v -0.126187 0.315000 -0.180213
v -0.110000 0.315000 -0.190526
v -0.092976 0.315000 -0.199388
v -0.075244 0.315000 -0.206732
v -0.056940 0.315000 -0.212504
v -0.038203 0.315000 -0.216658
v -0.019174 0.315000 -0.219163
v -0.000000 0.315000 -0.220000
v 0.019174 0.315000 -0.219163
v 0.038203 0.315000 -0.216658
v 0.056940 0.315000 -0.212504
v 0.075244 0.315000 -0.206732
v 0.092976 0.315000 -0.199388
v 0.110000 0.315000 -0.190526
v 0.126187 0.315000 -0.180213
v 0.141413 0.315000 -0.168530
v 0.155563 0.315000 -0.155563
v 0.168530 0.315000 -0.141413
v 0.180213 0.315000 -0.126187
v 0.190526 0.315000 -0.110000
v 0.199388 0.315000 -0.092976
v 0.206732 0.315000 -0.075244
v 0.212504 0.315000 -0.056940
v 0.216658 0.315000 -0.038203
v 0.219163 0.315000 -0.019174
v 0.185000 0.560000 0.000000
v 0.184296 0.560000 0.016124
v 0.182189 0.560000 0.032125
v 0.178696 0.560000 0.047882
v 0.173843 0.560000 0.063274
v 0.167667 0.560000 0.078184
v 0.160215 0.560000 0.092500
v 0.151543 0.560000 0.106112
v 0.141718 0.560000 0.118916
v 0.130815 0.560000 0.130815
v 0.118916 0.560000 0.141718
v 0.106112 0.560000 0.151543
v 0.092500 0.560000 0.160215
v 0.078184 0.560000 0.167667
v 0.063274 0.560000 0.173843
v 0.047882 0.560000 0.178696
v 0.032125 0.560000 0.182189
v 0.016124 0.560000 0.184296
v 0.000000 0.560000 0.185000
v -0.016124 0.560000 0.184296
v -0.032125 0.560000 0.182189
v -0.047882 0.560000 0.178696
v -0.063274 0.560000 0.173843
v -0.078184 0.560000 0.167667
v -0.092500 0.560000 0.160215
v -0.106112 0.560000 0.151543
v -0.118916 0.560000 0.141718
v -0.130815 0.560000 0.130815
v -0.141718 0.560000 0.118916
v -0.151543 0.560000 0.106112
v -0.160215 0.560000 0.092500
v -0.167667 0.560000 0.078184
v -0.173843 0.560000 0.063274
v -0.178696 0.560000 0.047882
v -0.182189 0.560000 0.032125
v -0.184296 0.560000 0.016124
v -0.185000 0.560000 0.000000
v -0.184296 0.560000 -0.016124
v -0.182189 0.560000 -0.032125
v -0.178696 0.560000 -0.047882
v -0.173843 0.560000 -0.063274
v -0.167667 0.560000 -0.078184
v -0.160215 0.560000 -0.092500
v -0.151543 0.560000 -0.106112
v -0.141718 0.560000 -0.118916
v -0.130815 0.560000 -0.130815
v -0.118916 0.560000 -0.141718
v -0.106112 0.560000 -0.151543
v -0.092500 0.560000 -0.160215
v -0.078184 0.560000 -0.167667
v -0.063274 0.560000 -0.173843
v -0.047882 0.560000 -0.178696
v -0.032125 0.560000 -0.182189
v -0.016124 0.560000 -0.184296
v -0.000000 0.560000 -0.185000
v 0.016124 0.560000 -0.184296
v 0.032125 0.560000 -0.182189
v 0.047882 0.560000 -0.178696
v 0.063274 0.560000 -0.173843
v 0.078184 0.560000 -0.167667
v 0.092500 0.560000 -0.160215
v 0.106112 0.560000 -0.151543
v 0.118916 0.560000 -0.141718
v 0.130815 0.560000 -0.130815
v 0.141718 0.560000 -0.118916
v 0.151543 0.560000 -0.106112
v 0.160215 0.560000 -0.092500
v 0.167667 0.560000 -0.078184
v 0.173843 0.560000 -0.063274
v 0.178696 0.560000 -0.047882
v 0.182189 0.560000 -0.032125
v 0.184296 0.560000 -0.016124
v 0.225000 0.755000 0.000000
v 0.224144 0.755000 0.019610
v 0.221582 0.755000 0.039071
v 0.217333 0.755000 0.058234
v 0.211431 0.755000 0.076955
v 0.203919 0.755000 0.095089
v 0.194856 0.755000 0.112500
v 0.184309 0.755000 0.129055
v 0.172360 0.755000 0.144627
v 0.159099 0.755000 0.159099
v 0.144627 0.755000 0.172360
v 0.129055 0.755000 0.184309
v 0.112500 0.755000 0.194856
v 0.095089 0.755000 0.203919
v 0.076955 0.755000 0.211431
v 0.058234 0.755000 0.217333
v 0.039071 0.755000 0.221582
v 0.019610 0.755000 0.224144
v 0.000000 0.755000 0.225000
v -0.019610 0.755000 0.224144
v -0.039071 0.755000 0.221582
v -0.058234 0.755000 0.217333
v -0.076955 0.755000 0.211431
v -0.095089 0.755000 0.203919
v -0.112500 0.755000 0.194856
v -0.129055 0.755000 0.184309
v -0.144627 0.755000 0.172360
v -0.159099 0.755000 0.159099
v -0.172360 0.755000 0.144627
v -0.184309 0.755000 0.129055
v -0.194856 0.755000 0.112500
v -0.203919 0.755000 0.095089
v -0.211431 0.755000 0.076955
v -0.217333 0.755000 0.058234
v -0.221582 0.755000 0.039071
v -0.224144 0.755000 0.019610
v -0.225000 0.755000 0.000000
v -0.224144 0.755000 -0.019610
v -0.221582 0.755000 -0.039071
v -0.217333 0.755000 -0.058234
v -0.211431 0.755000 -0.076955
v -0.203919 0.755000 -0.095089
v -0.194856 0.755000 -0.112500
v -0.184309 0.755000 -0.129055
v -0.172360 0.755000 -0.144627
v -0.159099 0.755000 -0.159099
v -0.144627 0.755000 -0.172360
v -0.129055 0.755000 -0.184309
v -0.112500 0.755000 -0.194856
v -0.095089 0.755000 -0.203919
v -0.076955 0.755000 -0.211431
v -0.058234 0.755000 -0.217333
v -0.039071 0.755000 -0.221582
v -0.019610 0.755000 -0.224144
v -0.000000 0.755000 -0.225000
v 0.019610 0.755000 -0.224144
v 0.039071 0.755000 -0.221582
v 0.058234 0.755000 -0.217333
v 0.076955 0.755000 -0.211431
v 0.095089 0.755000 -0.203919
v 0.112500 0.755000 -0.194856
v 0.129055 0.755000 -0.184309
v 0.144627 0.755000 -0.172360
v 0.159099 0.755000 -0.159099
v 0.172360 0.755000 -0.144627
v 0.184309 0.755000 -0.129055
v 0.194856 0.755000 -0.112500
v 0.203919 0.755000 -0.095089
v 0.211431 0.755000 -0.076955
v 0.217333 0.755000 -0.058234
v 0.221582 0.755000 -0.039071
v 0.224144 0.755000 -0.019610
v 0.300000 0.865000 0.000000
v 0.298858 0.865000 0.026147
v 0.295442 0.865000 0.052094
v 0.289778 0.865000 0.077646
v 0.281908 0.865000 0.102606
v 0.271892 0.865000 0.126785
v 0.259808 0.865000 0.150000
v 0.245746 0.865000 0.172073
v 0.229813 0.865000 0.192836
v 0.212132 0.865000 0.212132
v 0.192836 0.865000 0.229813
v 0.172073 0.865000 0.245746
v 0.150000 0.865000 0.259808
v 0.126785 0.865000 0.271892
v 0.102606 0.865000 0.281908
v 0.077646 0.865000 0.289778
v 0.052094 0.865000 0.295442
v 0.026147 0.865000 0.298858
v 0.000000 0.865000 0.300000
v -0.026147 0.865000 0.298858
v -0.052094 0.865000 0.295442
v -0.077646 0.865000 0.289778
v -0.102606 0.865000 0.281908
v -0.126785 0.865000 0.271892
v -0.150000 0.865000 0.259808
v -0.172073 0.865000 0.245746
v -0.192836 0.865000 0.229813
v -0.212132 0.865000 0.212132
v -0.229813 0.865000 0.192836
v -0.245746 0.865000 0.172073
v -0.259808 0.865000 0.150000
v -0.271892 0.865000 0.126785
v -0.281908 0.865000 0.102606
v -0.289778 0.865000 0.077646
v -0.295442 0.865000 0.052094
v -0.298858 0.865000 0.026147
v -0.300000 0.865000 0.000000
v -0.298858 0.865000 -0.026147
v -0.295442 0.865000 -0.052094
v -0.289778 0.865000 -0.077646
v -0.281908 0.865000 -0.102606
v -0.271892 0.865000 -0.126785
v -0.259808 0.865000 -0.150000
v -0.245746 0.865000 -0.172073
v -0.229813 0.865000 -0.192836
v -0.212132 0.865000 -0.212132
v -0.192836 0.865000 -0.229813
v -0.172073 0.865000 -0.245746
v -0.150000 0.865000 -0.259808
v -0.126785 0.865000 -0.271892
v -0.102606 0.865000 -0.281908
v -0.077646 0.865000 -0.289778
v -0.052094 0.865000 -0.295442
v -0.026147 0.865000 -0.298858
v -0.000000 0.865000 -0.300000
v 0.026147 0.865000 -0.298858
v 0.052094 0.865000 -0.295442
v 0.077646 0.865000 -0.289778
v 0.102606 0.865000 -0.281908
v 0.126785 0.865000 -0.271892
v 0.150000 0.865000 -0.259808
v 0.172073 0.865000 -0.245746
v 0.192836 0.865000 -0.229813
v 0.212132 0.865000 -0.212132
v 0.229813 0.865000 -0.192836
v 0.245746 0.865000 -0.172073
v 0.259808 0.865000 -0.150000
v 0.271892 0.865000 -0.126785
v 0.281908 0.865000 -0.102606
v 0.289778 0.865000 -0.077646
v 0.295442 0.865000 -0.052094
v 0.298858 0.865000 -0.026147
v 0.245000 0.925000 0.000000
v 0.244068 0.925000 0.021353
v 0.241278 0.925000 0.042544
v 0.236652 0.925000 0.063411
v 0.230225 0.925000 0.083795
v 0.222045 0.925000 0.103541
v 0.212176 0.925000 0.122500
v 0.200692 0.925000 0.140526
v 0.187681 0.925000 0.157483
v 0.173241 0.925000 0.173241
v 0.157483 0.925000 0.187681
v 0.140526 0.925000 0.200692
v 0.122500 0.925000 0.212176
v 0.103541 0.925000 0.222045
v 0.083795 0.925000 0.230225
v 0.063411 0.925000 0.236652
v 0.042544 0.925000 0.241278
v 0.021353 0.925000 0.244068
v 0.000000 0.925000 0.245000
v -0.021353 0.925000 0.244068
v -0.042544 0.925000 0.241278
v -0.063411 0.925000 0.236652
v -0.083795 0.925000 0.230225
v -0.103541 0.925000 0.222045
v -0.122500 0.925000 0.212176
v -0.140526 0.925000 0.200692
v -0.157483 0.925000 0.187681
v -0.173241 0.925000 0.173241
v -0.187681 0.925000 0.157483
v -0.200692 0.925000 0.140526
v -0.212176 0.925000 0.122500
v -0.222045 0.925000 0.103541
v -0.230225 0.925000 0.083795
v -0.236652 0.925000 0.063411
v -0.241278 0.925000 0.042544
v -0.244068 0.925000 0.021353
v -0.245000 0.925000 0.000000
v -0.244068 0.925000 -0.021353
v -0.241278 0.925000 -0.042544
v -0.236652 0.925000 -0.063411
v -0.230225 0.925000 -0.083795
v -0.222045 0.925000 -0.103541
v -0.212176 0.925000 -0.122500
v -0.200692 0.925000 -0.140526
v -0.187681 0.925000 -0.157483
v -0.173241 0.925000 -0.173241
v -0.157483 0.925000 -0.187681
v -0.140526 0.925000 -0.200692
v -0.122500 0.925000 -0.212176
v -0.103541 0.925000 -0.222045
v -0.083795 0.925000 -0.230225
v -0.063411 0.925000 -0.236652
v -0.042544 0.925000 -0.241278
v -0.021353 0.925000 -0.244068
v -0.000000 0.925000 -0.245000
v 0.021353 0.925000 -0.244068
v 0.042544 0.925000 -0.241278
v 0.063411 0.925000 -0.236652
v 0.083795 0.925000 -0.230225
v 0.103541 0.925000 -0.222045
v 0.122500 0.925000 -0.212176
v 0.140526 0.925000 -0.200692
v 0.157483 0.925000 -0.187681
v 0.173241 0.925000 -0.173241
v 0.187681 0.925000 -0.157483
v 0.200692 0.925000 -0.140526
v 0.212176 0.925000 -0.122500
v 0.222045 0.925000 -0.103541
v 0.230225 0.925000 -0.083795
v 0.236652 0.925000 -0.063411
v 0.241278 0.925000 -0.042544
v 0.244068 0.925000 -0.021353
v 0.205000 0.970000 0.000000
v 0.204220 0.970000 0.017867
v 0.201886 0.970000 0.035598
v 0.198015 0.970000 0.053058
v 0.192637 0.970000 0.070114
v 0.185793 0.970000 0.086637
v 0.177535 0.970000 0.102500
v 0.167926 0.970000 0.117583
v 0.157039 0.970000 0.131771
v 0.144957 0.970000 0.144957
v 0.131771 0.970000 0.157039
v 0.117583 0.970000 0.167926
v 0.102500 0.970000 0.177535
v 0.086637 0.970000 0.185793
v 0.070114 0.970000 0.192637
v 0.053058 0.970000 0.198015
v 0.035598 0.970000 0.201886
v 0.017867 0.970000 0.204220
v 0.000000 0.970000 0.205000
v -0.017867 0.970000 0.204220
v -0.035598 0.970000 0.201886
v -0.053058 0.970000 0.198015
v -0.070114 0.970000 0.192637
v -0.086637 0.970000 0.185793
v -0.102500 0.970000 0.177535
v -0.117583 0.970000 0.167926
v -0.131771 0.970000 0.157039
v -0.144957 0.970000 0.144957
v -0.157039 0.970000 0.131771
v -0.167926 0.970000 0.117583
v -0.177535 0.970000 0.102500
v -0.185793 0.970000 0.086637
v -0.192637 0.970000 0.070114
v -0.198015 0.970000 0.053058
v -0.201886 0.970000 0.035598
v -0.204220 0.970000 0.017867
v -0.205000 0.970000 0.000000
v -0.204220 0.970000 -0.017867
v -0.201886 0.970000 -0.035598
v -0.198015 0.970000 -0.053058
v -0.192637 0.970000 -0.070114
v -0.185793 0.970000 -0.086637
v -0.177535 0.970000 -0.102500
v -0.167926 0.970000 -0.117583
v -0.157039 0.970000 -0.131771
v -0.144957 0.970000 -0.144957
v -0.131771 0.970000 -0.157039
v -0.117583 0.970000 -0.167926
v -0.102500 0.970000 -0.177535
v -0.086637 0.970000 -0.185793
v -0.070114 0.970000 -0.192637
v -0.053058 0.970000 -0.198015
v -0.035598 0.970000 -0.201886
v -0.017867 0.970000 -0.204220
v -0.000000 0.970000 -0.205000
v 0.017867 0.970000 -0.204220
v 0.035598 0.970000 -0.201886
v 0.053058 0.970000 -0.198015
v 0.070114 0.970000 -0.192637
v 0.086637 0.970000 -0.185793
v 0.102500 0.970000 -0.177535
v 0.117583 0.970000 -0.167926
v 0.131771 0.970000 -0.157039
v 0.144957 0.970000 -0.144957
v 0.157039 0.970000 -0.131771
v 0.167926 0.970000 -0.117583
v 0.177535 0.970000 -0.102500
v 0.185793 0.970000 -0.086637
v 0.192637 0.970000 -0.070114
v 0.198015 0.970000 -0.053058
v 0.201886 0.970000 -0.035598
v 0.204220 0.970000 -0.017867
v 0.235000 1.005000 0.000000
v 0.234106 1.005000 0.020482
v 0.231430 1.005000 0.040807
v 0.226993 1.005000 0.060822
v 0.220828 1.005000 0.080375
v 0.212982 1.005000 0.099315
v 0.203516 1.005000 0.117500
v 0.192501 1.005000 0.134790
v 0.180020 1.005000 0.151055
v 0.166170 1.005000 0.166170
v 0.151055 1.005000 0.180020
v 0.134790 1.005000 0.192501
v 0.117500 1.005000 0.203516
v 0.099315 1.005000 0.212982
v 0.080375 1.005000 0.220828
v 0.060822 1.005000 0.226993
v 0.040807 1.005000 0.231430
v 0.020482 1.005000 0.234106
v 0.000000 1.005000 0.235000
v -0.020482 1.005000 0.234106
v -0.040807 1.005000 0.231430
v -0.060822 1.005000 0.226993
v -0.080375 1.005000 0.220828
v -0.099315 1.005000 0.212982
v -0.117500 1.005000 0.203516
v -0.134790 1.005000 0.192501
v -0.151055 1.005000 0.180020
v -0.166170 1.005000 0.166170
v -0.180020 1.005000 0.151055
v -0.192501 1.005000 0.134790
v -0.203516 1.005000 0.117500
v -0.212982 1.005000 0.099315
v -0.220828 1.005000 0.080375
v -0.226993 1.005000 0.060822
v -0.231430 1.005000 0.040807
v -0.234106 1.005000 0.020482
v -0.235000 1.005000 0.000000
v -0.234106 1.005000 -0.020482
v -0.231430 1.005000 -0.040807
v -0.226993 1.005000 -0.060822
v -0.220828 1.005000 -0.080375
v -0.212982 1.005000 -0.099315
v -0.203516 1.005000 -0.117500
v -0.192501 1.005000 -0.134790
v -0.180020 1.005000 -0.151055
v -0.166170 1.005000 -0.166170
v -0.151055 1.005000 -0.180020
v -0.134790 1.005000 -0.192501
v -0.117500 1.005000 -0.203516
v -0.099315 1.005000 -0.212982
v -0.080375 1.005000 -0.220828
v -0.060822 1.005000 -0.226993
v -0.040807 1.005000 -0.231430
v -0.020482 1.005000 -0.234106
v -0.000000 1.005000 -0.235000
v 0.020482 1.005000 -0.234106
v 0.040807 1.005000 -0.231430
v 0.060822 1.005000 -0.226993
v 0.080375 1.005000 -0.220828
v 0.099315 1.005000 -0.212982
v 0.117500 1.005000 -0.203516
v 0.134790 1.005000 -0.192501
v 0.151055 1.005000 -0.180020
v 0.166170 1.005000 -0.166170
v 0.180020 1.005000 -0.151055
v 0.192501 1.005000 -0.134790
v 0.203516 1.005000 -0.117500
v 0.212982 1.005000 -0.099315
v 0.220828 1.005000 -0.080375
v 0.226993 1.005000 -0.060822
v 0.231430 1.005000 -0.040807
v 0.234106 1.005000 -0.020482
v 0.235000 1.045000 0.000000
v 0.234106 1.045000 0.020482
v 0.231430 1.045000 0.040807
v 0.226993 1.045000 0.060822
v 0.220828 1.045000 0.080375
v 0.212982 1.045000 0.099315
v 0.203516 1.045000 0.117500
v 0.192501 1.045000 0.134790
v 0.180020 1.045000 0.151055
v 0.166170 1.045000 0.166170
v 0.151055 1.045000 0.180020
v 0.134790 1.045000 0.192501
v 0.117500 1.045000 0.203516
v 0.099315 1.045000 0.212982
v 0.080375 1.045000 0.220828
v 0.060822 1.045000 0.226993
v 0.040807 1.045000 0.231430
v 0.020482 1.045000 0.234106
v 0.000000 1.045000 0.235000
v -0.020482 1.045000 0.234106
v -0.040807 1.045000 0.231430
v -0.060822 1.045000 0.226993
v -0.080375 1.045000 0.220828
v -0.099315 1.045000 0.212982
v -0.117500 1.045000 0.203516
v -0.134790 1.045000 0.192501
v -0.151055 1.045000 0.180020
v -0.166170 1.045000 0.166170
v -0.180020 1.045000 0.151055
v -0.192501 1.045000 0.134790
v -0.203516 1.045000 0.117500
v -0.212982 1.045000 0.099315
v -0.220828 1.045000 0.080375
v -0.226993 1.045000 0.060822
v -0.231430 1.045000 0.040807
v -0.234106 1.045000 0.020482
v -0.235000 1.045000 0.000000
v -0.234106 1.045000 -0.020482
v -0.231430 1.045000 -0.040807
v -0.226993 1.045000 -0.060822
v -0.220828 1.045000 -0.080375
v -0.212982 1.045000 -0.099315
v -0.203516 1.045000 -0.117500
v -0.192501 1.045000 -0.134790
v -0.180020 1.045000 -0.151055
v -0.166170 1.045000 -0.166170
v -0.151055 1.045000 -0.180020
v -0.134790 1.045000 -0.192501
v -0.117500 1.045000 -0.203516
v -0.099315 1.045000 -0.212982
v -0.080375 1.045000 -0.220828
v -0.060822 1.045000 -0.226993
v -0.040807 1.045000 -0.231430
v -0.020482 1.045000 -0.234106
v -0.000000 1.045000 -0.235000
v 0.020482 1.045000 -0.234106
v 0.040807 1.045000 -0.231430
v 0.060822 1.045000 -0.226993
v 0.080375 1.045000 -0.220828
v 0.099315 1.045000 -0.212982
v 0.117500 1.045000 -0.203516
v 0.134790 1.045000 -0.192501
v 0.151055 1.045000 -0.180020
v 0.166170 1.045000 -0.166170
v 0.180020 1.045000 -0.151055
v 0.192501 1.045000 -0.134790
v 0.203516 1.045000 -0.117500
v 0.212982 1.045000 -0.099315
v 0.220828 1.045000 -0.080375
v 0.226993 1.045000 -0.060822
v 0.231430 1.045000 -0.040807
v 0.234106 1.045000 -0.020482
v 0.000000 0.000000 0.000000
v 0.420000 0.000000 0.000000
v 0.418402 0.000000 0.036605
v 0.413619 0.000000 0.072932
v 0.405689 0.000000 0.108704
v 0.394671 0.000000 0.143648
v 0.380649 0.000000 0.177500
v 0.363731 0.000000 0.210000
v 0.344044 0.000000 0.240902
v 0.321739 0.000000 0.269971
v 0.296985 0.000000 0.296985
v 0.269971 0.000000 0.321739
v 0.240902 0.000000 0.344044
v 0.210000 0.000000 0.363731
v 0.177500 0.000000 0.380649
v 0.143648 0.000000 0.394671
v 0.108704 0.000000 0.405689
v 0.072932 0.000000 0.413619
v 0.036605 0.000000 0.418402
v 0.000000 0.000000 0.420000
v -0.036605 0.000000 0.418402
v -0.072932 0.000000 0.413619
v -0.108704 0.000000 0.405689
v -0.143648 0.000000 0.394671
v -0.177500 0.000000 0.380649
v -0.210000 0.000000 0.363731
v -0.240902 0.000000 0.344044
v -0.269971 0.000000 0.321739
v -0.296985 0.000000 0.296985
v -0.321739 0.000000 0.269971
v -0.344044 0.000000 0.240902
v -0.363731 0.000000 0.210000
v -0.380649 0.000000 0.177500
v -0.394671 0.000000 0.143648
v -0.405689 0.000000 0.108704
v -0.413619 0.000000 0.072932
v -0.418402 0.000000 0.036605
v -0.420000 0.000000 0.000000
v -0.418402 0.000000 -0.036605
v -0.413619 0.000000 -0.072932
v -0.405689 0.000000 -0.108704
v -0.394671 0.000000 -0.143648
v -0.380649 0.000000 -0.177500
v -0.363731 0.000000 -0.210000
v -0.344044 0.000000 -0.240902
v -0.321739 0.000000 -0.269971
v -0.296985 0.000000 -0.296985
v -0.269971 0.000000 -0.321739
v -0.240902 0.000000 -0.344044
v -0.210000 0.000000 -0.363731
v -0.177500 0.000000 -0.380649
v -0.143648 0.000000 -0.394671
v -0.108704 0.000000 -0.405689
v -0.072932 0.000000 -0.413619
v -0.036605 0.000000 -0.418402
v -0.000000 0.000000 -0.420000
v 0.036605 0.000000 -0.418402
v 0.072932 0.000000 -0.413619
v 0.108704 0.000000 -0.405689
v 0.143648 0.000000 -0.394671
v 0.177500 0.000000 -0.380649
v 0.210000 0.000000 -0.363731
v 0.240902 0.000000 -0.344044
v 0.269971 0.000000 -0.321739
v 0.296985 0.000000 -0.296985
v 0.321739 0.000000 -0.269971
v 0.344044 0.000000 -0.240902
v 0.363731 0.000000 -0.210000
v 0.380649 0.000000 -0.177500
v 0.394671 0.000000 -0.143648
v 0.405689 0.000000 -0.108704
v 0.413619 0.000000 -0.072932
v 0.418402 0.000000 -0.036605
v 0.000000 1.045000 0.000000
v 0.235000 1.045000 0.000000
v 0.234106 1.045000 0.020482
v 0.231430 1.045000 0.040807
v 0.226993 1.045000 0.060822
v 0.220828 1.045000 0.080375
v 0.212982 1.045000 0.099315
v 0.203516 1.045000 0.117500
v 0.192501 1.045000 0.134790
v 0.180020 1.045000 0.151055
v 0.166170 1.045000 0.166170
v 0.151055 1.045000 0.180020
v 0.134790 1.045000 0.192501
v 0.117500 1.045000 0.203516
v 0.099315 1.045000 0.212982
v 0.080375 1.045000 0.220828
v 0.060822 1.045000 0.226993
v 0.040807 1.045000 0.231430
v 0.020482 1.045000 0.234106
v 0.000000 1.045000 0.235000
v -0.020482 1.045000 0.234106
v -0.040807 1.045000 0.231430
v -0.060822 1.045000 0.226993
v -0.080375 1.045000 0.220828
v -0.099315 1.045000 0.212982
v -0.117500 1.045000 0.203516
v -0.134790 1.045000 0.192501
v -0.151055 1.045000 0.180020
v -0.166170 1.045000 0.166170
v -0.180020 1.045000 0.151055
v -0.192501 1.045000 0.134790
v -0.203516 1.045000 0.117500
v -0.212982 1.045000 0.099315
v -0.220828 1.045000 0.080375
v -0.226993 1.045000 0.060822
v -0.231430 1.045000 0.040807
v -0.234106 1.045000 0.020482
v -0.235000 1.045000 0.000000
v -0.234106 1.045000 -0.020482
v -0.231430 1.045000 -0.040807
v -0.226993 1.045000 -0.060822
v -0.220828 1.045000 -0.080375
v -0.212982 1.045000 -0.099315
v -0.203516 1.045000 -0.117500
v -0.192501 1.045000 -0.134790
v -0.180020 1.045000 -0.151055
v -0.166170 1.045000 -0.166170
v -0.151055 1.045000 -0.180020
v -0.134790 1.045000 -0.192501
v -0.117500 1.045000 -0.203516
v -0.099315 1.045000 -0.212982
v -0.080375 1.045000 -0.220828
v -0.060822 1.045000 -0.226993
v -0.040807 1.045000 -0.231430
v -0.020482 1.045000 -0.234106
v -0.000000 1.045000 -0.235000
v 0.020482 1.045000 -0.234106
v 0.040807 1.045000 -0.231430
v 0.060822 1.045000 -0.226993
v 0.080375 1.045000 -0.220828
v 0.099315 1.045000 -0.212982
v 0.117500 1.045000 -0.203516
v 0.134790 1.045000 -0.192501
v 0.151055 1.045000 -0.180020
v 0.166170 1.045000 -0.166170
v 0.180020 1.045000 -0.151055
v 0.192501 1.045000 -0.134790
v 0.203516 1.045000 -0.117500
v 0.212982 1.045000 -0.099315
v 0.220828 1.045000 -0.080375
v 0.226993 1.045000 -0.060822
v 0.231430 1.045000 -0.040807
v 0.234106 1.045000 -0.020482
v 0.265000 1.035000 0.000000
v 0.263191 1.035000 0.010261
v 0.257981 1.035000 0.019284
v 0.250000 1.035000 0.025981
v 0.240209 1.035000 0.029544
v 0.229791 1.035000 0.029544
v 0.220000 1.035000 0.025981
v 0.212019 1.035000 0.019284
v 0.206809 1.035000 0.010261
v 0.205000 1.035000 0.000000
v 0.206809 1.035000 -0.010261
v 0.212019 1.035000 -0.019284
v 0.220000 1.035000 -0.025981
v 0.229791 1.035000 -0.029544
v 0.240209 1.035000 -0.029544
v 0.250000 1.035000 -0.025981
v 0.257981 1.035000 -0.019284
v 0.263191 1.035000 -0.010261
v 0.235000 1.190000 0.000000
v 0.235000 1.190000 0.000000
v 0.235000 1.190000 0.000000
v 0.235000 1.190000 0.000000
v 0.235000 1.190000 0.000000
v 0.235000 1.190000 0.000000
v 0.235000 1.190000 0.000000
v 0.235000 1.190000 0.000000
v 0.235000 1.190000 0.000000
v 0.235000 1.190000 0.000000
v 0.235000 1.190000 0.000000
v 0.235000 1.190000 0.000000
v 0.235000 1.190000 0.000000
v 0.235000 1.190000 0.000000
v 0.235000 1.190000 0.000000
v 0.235000 1.190000 0.000000
v 0.235000 1.190000 0.000000
v 0.235000 1.190000 0.000000
v 0.235000 1.035000 0.000000
v 0.265000 1.035000 0.000000
v 0.263191 1.035000 0.010261
v 0.257981 1.035000 0.019284
v 0.250000 1.035000 0.025981
v 0.240209 1.035000 0.029544
v 0.229791 1.035000 0.029544
v 0.220000 1.035000 0.025981
v 0.212019 1.035000 0.019284
v 0.206809 1.035000 0.010261
v 0.205000 1.035000 0.000000
v 0.206809 1.035000 -0.010261
v 0.212019 1.035000 -0.019284
v 0.220000 1.035000 -0.025981
v 0.229791 1.035000 -0.029544
v 0.240209 1.035000 -0.029544
v 0.250000 1.035000 -0.025981
v 0.257981 1.035000 -0.019284
v 0.263191 1.035000 -0.010261
v 0.235000 1.240000 0.000000
v 0.235000 1.240000 0.000000
v 0.235000 1.240000 0.000000
v 0.235000 1.240000 0.000000
v 0.235000 1.240000 0.000000
v 0.235000 1.240000 0.000000
v 0.235000 1.240000 0.000000
v 0.235000 1.240000 0.000000
v 0.235000 1.240000 0.000000
v 0.235000 1.240000 0.000000
v 0.235000 1.240000 0.000000
v 0.235000 1.240000 0.000000
v 0.235000 1.240000 0.000000
v 0.235000 1.240000 0.000000
v 0.235000 1.240000 0.000000
v 0.235000 1.240000 0.000000
v 0.235000 1.240000 0.000000
v 0.235000 1.240000 0.000000
v 0.248394 1.237336 0.000000
v 0.247586 1.237336 0.004581
v 0.245260 1.237336 0.008609
v 0.241697 1.237336 0.011599
v 0.237326 1.237336 0.013190
v 0.232674 1.237336 0.013190
v 0.228303 1.237336 0.011599
v 0.224740 1.237336 0.008609
v 0.222414 1.237336 0.004581
v 0.221606 1.237336 0.000000
v 0.222414 1.237336 -0.004581
v 0.224740 1.237336 -0.008609
v 0.228303 1.237336 -0.011599
v 0.232674 1.237336 -0.013190
v 0.237326 1.237336 -0.013190
v 0.241697 1.237336 -0.011599
v 0.245260 1.237336 -0.008609
v 0.247586 1.237336 -0.004581
v 0.259749 1.229749 0.000000
v 0.258256 1.229749 0.008465
v 0.253959 1.229749 0.015908
v 0.247374 1.229749 0.021433
v 0.239298 1.229749 0.024373
v 0.230702 1.229749 0.024373
v 0.222626 1.229749 0.021433
v 0.216041 1.229749 0.015908
v 0.211744 1.229749 0.008465
v 0.210251 1.229749 0.000000
v 0.211744 1.229749 -0.008465
v 0.216041 1.229749 -0.015908
v 0.222626 1.229749 -0.021433
v 0.230702 1.229749 -0.024373
v 0.239298 1.229749 -0.024373
v 0.247374 1.229749 -0.021433
v 0.253959 1.229749 -0.015908
v 0.258256 1.229749 -0.008465
v 0.267336 1.218394 0.000000
v 0.265386 1.218394 0.011059
v 0.259771 1.218394 0.020785
v 0.251168 1.218394 0.028004
v 0.240615 1.218394 0.031845
v 0.229385 1.218394 0.031845
v 0.218832 1.218394 0.028004
v 0.210229 1.218394 0.020785
v 0.204614 1.218394 0.011059
v 0.202664 1.218394 0.000000
v 0.204614 1.218394 -0.011059
v 0.210229 1.218394 -0.020785
v 0.218832 1.218394 -0.028004
v 0.229385 1.218394 -0.031845
v 0.240615 1.218394 -0.031845
v 0.251168 1.218394 -0.028004
v 0.259771 1.218394 -0.020785
v 0.265386 1.218394 -0.011059
v 0.270000 1.205000 0.000000
v 0.267889 1.205000 0.011971
v 0.261812 1.205000 0.022498
v 0.252500 1.205000 0.030311
v 0.241078 1.205000 0.034468
v 0.228922 1.205000 0.034468
v 0.217500 1.205000 0.030311
v 0.208188 1.205000 0.022498
v 0.202111 1.205000 0.011971
v 0.200000 1.205000 0.000000
v 0.202111 1.205000 -0.011971
v 0.208188 1.205000 -0.022498
v 0.217500 1.205000 -0.030311
v 0.228922 1.205000 -0.034468
v 0.241078 1.205000 -0.034468
v 0.252500 1.205000 -0.030311
v 0.261812 1.205000 -0.022498
v 0.267889 1.205000 -0.011971
v 0.267336 1.191606 0.000000
v 0.265386 1.191606 0.011059
v 0.259771 1.191606 0.020785
v 0.251168 1.191606 0.028004
v 0.240615 1.191606 0.031845
v 0.229385 1.191606 0.031845
v 0.218832 1.191606 0.028004
v 0.210229 1.191606 0.020785
v 0.204614 1.191606 0.011059
v 0.202664 1.191606 0.000000
v 0.204614 1.191606 -0.011059
v 0.210229 1.191606 -0.020785
v 0.218832 1.191606 -0.028004
v 0.229385 1.191606 -0.031845
v 0.240615 1.191606 -0.031845
v 0.251168 1.191606 -0.028004
v 0.259771 1.191606 -0.020785
v 0.265386 1.191606 -0.011059
v 0.259749 1.180251 0.000000
v 0.258256 1.180251 0.008465
v 0.253959 1.180251 0.015908
v 0.247374 1.180251 0.021433
v 0.239298 1.180251 0.024373
v 0.230702 1.180251 0.024373
v 0.222626 1.180251 0.021433
v 0.216041 1.180251 0.015908
v 0.211744 1.180251 0.008465
v 0.210251 1.180251 0.000000
v 0.211744 1.180251 -0.008465
v 0.216041 1.180251 -0.015908
v 0.222626 1.180251 -0.021433
v 0.230702 1.180251 -0.024373
v 0.239298 1.180251 -0.024373
v 0.247374 1.180251 -0.021433
v 0.253959 1.180251 -0.015908
v 0.258256 1.180251 -0.008465
v 0.248394 1.172664 0.000000
v 0.247586 1.172664 0.004581
v 0.245260 1.172664 0.008609
v 0.241697 1.172664 0.011599
v 0.237326 1.172664 0.013190
v 0.232674 1.172664 0.013190
v 0.228303 1.172664 0.011599
v 0.224740 1.172664 0.008609
v 0.222414 1.172664 0.004581
v 0.221606 1.172664 0.000000
v 0.222414 1.172664 -0.004581
v 0.224740 1.172664 -0.008609
v 0.228303 1.172664 -0.011599
v 0.232674 1.172664 -0.013190
v 0.237326 1.172664 -0.013190
v 0.241697 1.172664 -0.011599
v 0.245260 1.172664 -0.008609
v 0.247586 1.172664 -0.004581
v 0.235000 1.170000 0.000000
v 0.235000 1.170000 0.000000
v 0.235000 1.170000 0.000000
v 0.235000 1.170000 0.000000
v 0.235000 1.170000 0.000000
v 0.235000 1.170000 0.000000
v 0.235000 1.170000 0.000000
v 0.235000 1.170000 0.000000
v 0.235000 1.170000 0.000000
v 0.235000 1.170000 0.000000
v 0.235000 1.170000 -0.000000
v 0.235000 1.170000 -0.000000
v 0.235000 1.170000 -0.000000
v 0.235000 1.170000 -0.000000
v 0.235000 1.170000 -0.000000
v 0.235000 1.170000 -0.000000
v 0.235000 1.170000 -0.000000
v 0.235000 1.170000 -0.000000
v 0.220119 1.035000 0.138130
v 0.218310 1.035000 0.148390
v 0.213100 1.035000 0.157413
v 0.205119 1.035000 0.164110
v 0.195328 1.035000 0.167674
v 0.184910 1.035000 0.167674
v 0.175119 1.035000 0.164110
v 0.167138 1.035000 0.157413
v 0.161928 1.035000 0.148390
v 0.160119 1.035000 0.138130
v 0.161928 1.035000 0.127869
v 0.167138 1.035000 0.118846
v 0.175119 1.035000 0.112149
v 0.184910 1.035000 0.108585
v 0.195328 1.035000 0.108585
v 0.205119 1.035000 0.112149
v 0.213100 1.035000 0.118846
v 0.218310 1.035000 0.127869
v 0.190119 1.190000 0.138130
v 0.190119 1.190000 0.138130
v 0.190119 1.190000 0.138130
v 0.190119 1.190000 0.138130
v 0.190119 1.190000 0.138130
v 0.190119 1.190000 0.138130
v 0.190119 1.190000 0.138130
v 0.190119 1.190000 0.138130
v 0.190119 1.190000 0.138130
v 0.190119 1.190000 0.138130
v 0.190119 1.190000 0.138130
v 0.190119 1.190000 0.138130
v 0.190119 1.190000 0.138130
v 0.190119 1.190000 0.138130
v 0.190119 1.190000 0.138130
v 0.190119 1.190000 0.138130
v 0.190119 1.190000 0.138130
v 0.190119 1.190000 0.138130
v 0.190119 1.035000 0.138130
v 0.220119 1.035000 0.138130
v 0.218310 1.035000 0.148390
v 0.213100 1.035000 0.157413
v 0.205119 1.035000 0.164110
v 0.195328 1.035000 0.167674
v 0.184910 1.035000 0.167674
v 0.175119 1.035000 0.164110
v 0.167138 1.035000 0.157413
v 0.161928 1.035000 0.148390
v 0.160119 1.035000 0.138130
v 0.161928 1.035000 0.127869
v 0.167138 1.035000 0.118846
v 0.175119 1.035000 0.112149
v 0.184910 1.035000 0.108585
v 0.195328 1.035000 0.108585
v 0.205119 1.035000 0.112149
v 0.213100 1.035000 0.118846
v 0.218310 1.035000 0.127869
v 0.190119 1.240000 0.138130
v 0.190119 1.240000 0.138130
v 0.190119 1.240000 0.138130
v 0.190119 1.240000 0.138130
v 0.190119 1.240000 0.138130
v 0.190119 1.240000 0.138130
v 0.190119 1.240000 0.138130
v 0.190119 1.240000 0.138130
v 0.190119 1.240000 0.138130
v 0.190119 1.240000 0.138130
v 0.190119 1.240000 0.138130
v 0.190119 1.240000 0.138130
v 0.190119 1.240000 0.138130
v 0.190119 1.240000 0.138130
v 0.190119 1.240000 0.138130
v 0.190119 1.240000 0.138130
v 0.190119 1.240000 0.138130
v 0.190119 1.240000 0.138130
v 0.203513 1.237336 0.138130
v 0.202705 1.237336 0.142711
v 0.200379 1.237336 0.146739
v 0.196816 1.237336 0.149729
v 0.192445 1.237336 0.151320
v 0.187793 1.237336 0.151320
v 0.183422 1.237336 0.149729
v 0.179859 1.237336 0.146739
v 0.177533 1.237336 0.142711
v 0.176725 1.237336 0.138130
v 0.177533 1.237336 0.133549
v 0.179859 1.237336 0.129520
v 0.183422 1.237336 0.126530
v 0.187793 1.237336 0.124939
v 0.192445 1.237336 0.124939
v 0.196816 1.237336 0.126530
v 0.200379 1.237336 0.129520
v 0.202705 1.237336 0.133549
v 0.214868 1.229749 0.138130
v 0.213375 1.229749 0.146594
v 0.209078 1.229749 0.154038
v 0.202493 1.229749 0.159563
v 0.194417 1.229749 0.162502
v 0.185821 1.229749 0.162502
v 0.177745 1.229749 0.159563
v 0.171160 1.229749 0.154038
v 0.166863 1.229749 0.146594
v 0.165370 1.229749 0.138130
v 0.166863 1.229749 0.129665
v 0.171160 1.229749 0.122221
v 0.177745 1.229749 0.116696
v 0.185821 1.229749 0.113757
v 0.194417 1.229749 0.113757
v 0.202493 1.229749 0.116696
v 0.209078 1.229749 0.122221
v 0.213375 1.229749 0.129665
v 0.222455 1.218394 0.138130
v 0.220505 1.218394 0.149189
v 0.214890 1.218394 0.158915
v 0.206287 1.218394 0.166133
v 0.195734 1.218394 0.169974
v 0.184504 1.218394 0.169974
v 0.173951 1.218394 0.166133
v 0.165348 1.218394 0.158915
v 0.159733 1.218394 0.149189
v 0.157783 1.218394 0.138130
v 0.159733 1.218394 0.127070
v 0.165348 1.218394 0.117344
v 0.173951 1.218394 0.110126
v 0.184504 1.218394 0.106285
v 0.195734 1.218394 0.106285
v 0.206287 1.218394 0.110126
v 0.214890 1.218394 0.117344
v 0.220505 1.218394 0.127070
v 0.225119 1.205000 0.138130
v 0.223008 1.205000 0.150100
v 0.216931 1.205000 0.160627
v 0.207619 1.205000 0.168440
v 0.196197 1.205000 0.172598
v 0.184041 1.205000 0.172598
v 0.172619 1.205000 0.168440
v 0.163307 1.205000 0.160627
v 0.157230 1.205000 0.150100
v 0.155119 1.205000 0.138130
v 0.157230 1.205000 0.126159
v 0.163307 1.205000 0.115632
v 0.172619 1.205000 0.107819
v 0.184041 1.205000 0.103661
v 0.196197 1.205000 0.103661
v 0.207619 1.205000 0.107819
v 0.216931 1.205000 0.115632
v 0.223008 1.205000 0.126159
v 0.222455 1.191606 0.138130
v 0.220505 1.191606 0.149189
v 0.214890 1.191606 0.158915
v 0.206287 1.191606 0.166133
v 0.195734 1.191606 0.169974
v 0.184504 1.191606 0.169974
v 0.173951 1.191606 0.166133
v 0.165348 1.191606 0.158915
v 0.159733 1.191606 0.149189
v 0.157783 1.191606 0.138130
v 0.159733 1.191606 0.127070
v 0.165348 1.191606 0.117344
v 0.173951 1.191606 0.110126
v 0.184504 1.191606 0.106285
v 0.195734 1.191606 0.106285
v 0.206287 1.191606 0.110126
v 0.214890 1.191606 0.117344
v 0.220505 1.191606 0.127070
v 0.214868 1.180251 0.138130
v 0.213375 1.180251 0.146594
v 0.209078 1.180251 0.154038
v 0.202493 1.180251 0.159563
v 0.194417 1.180251 0.162502
v 0.185821 1.180251 0.162502
v 0.177745 1.180251 0.159563
v 0.171160 1.180251 0.154038
v 0.166863 1.180251 0.146594
v 0.165370 1.180251 0.138130
v 0.166863 1.180251 0.129665
v 0.171160 1.180251 0.122221
v 0.177745 1.180251 0.116696
v 0.185821 1.180251 0.113757
v 0.194417 1.180251 0.113757
v 0.202493 1.180251 0.116696
v 0.209078 1.180251 0.122221
v 0.213375 1.180251 0.129665
v 0.203513 1.172664 0.138130
v 0.202705 1.172664 0.142711
v 0.200379 1.172664 0.146739
v 0.196816 1.172664 0.149729
v 0.192445 1.172664 0.151320
v 0.187793 1.172664 0.151320
v 0.183422 1.172664 0.149729
v 0.179859 1.172664 0.146739
v 0.177533 1.172664 0.142711
v 0.176725 1.172664 0.138130
v 0.177533 1.172664 0.133549
v 0.179859 1.172664 0.129520
v 0.183422 1.172664 0.126530
v 0.187793 1.172664 0.124939
v 0.192445 1.172664 0.124939
v 0.196816 1.172664 0.126530
v 0.200379 1.172664 0.129520
v 0.202705 1.172664 0.133549
v 0.190119 1.170000 0.138130
v 0.190119 1.170000 0.138130
v 0.190119 1.170000 0.138130
v 0.190119 1.170000 0.138130
v 0.190119 1.170000 0.138130
v 0.190119 1.170000 0.138130
v 0.190119 1.170000 0.138130
v 0.190119 1.170000 0.138130
v 0.190119 1.170000 0.138130
v 0.190119 1.170000 0.138130
v 0.190119 1.170000 0.138130
v 0.190119 1.170000 0.138130
v 0.190119 1.170000 0.138130
v 0.190119 1.170000 0.138130
v 0.190119 1.170000 0.138130
v 0.190119 1.170000 0.138130
v 0.190119 1.170000 0.138130
v 0.190119 1.170000 0.138130
v 0.102619 1.035000 0.223498
v 0.100810 1.035000 0.233759
v 0.095600 1.035000 0.242782
v 0.087619 1.035000 0.249479
v 0.077828 1.035000 0.253043
v 0.067410 1.035000 0.253043
v 0.057619 1.035000 0.249479
v 0.049638 1.035000 0.242782
v 0.044428 1.035000 0.233759
v 0.042619 1.035000 0.223498
v 0.044428 1.035000 0.213238
v 0.049638 1.035000 0.204215
v 0.057619 1.035000 0.197518
v 0.067410 1.035000 0.193954
v 0.077828 1.035000 0.193954
v 0.087619 1.035000 0.197518
v 0.095600 1.035000 0.204215
v 0.100810 1.035000 0.213238
v 0.072619 1.190000 0.223498
v 0.072619 1.190000 0.223498
v 0.072619 1.190000 0.223498
v 0.072619 1.190000 0.223498
v 0.072619 1.190000 0.223498
v 0.072619 1.190000 0.223498
v 0.072619 1.190000 0.223498
v 0.072619 1.190000 0.223498
v 0.072619 1.190000 0.223498
v 0.072619 1.190000 0.223498
v 0.072619 1.190000 0.223498
v 0.072619 1.190000 0.223498
v 0.072619 1.190000 0.223498
v 0.072619 1.190000 0.223498
v 0.072619 1.190000 0.223498
v 0.072619 1.190000 0.223498
v 0.072619 1.190000 0.223498
v 0.072619 1.190000 0.223498
v 0.072619 1.035000 0.223498
v 0.102619 1.035000 0.223498
v 0.100810 1.035000 0.233759
v 0.095600 1.035000 0.242782
v 0.087619 1.035000 0.249479
v 0.077828 1.035000 0.253043
v 0.067410 1.035000 0.253043
v 0.057619 1.035000 0.249479
v 0.049638 1.035000 0.242782
v 0.044428 1.035000 0.233759
v 0.042619 1.035000 0.223498
v 0.044428 1.035000 0.213238
v 0.049638 1.035000 0.204215
v 0.057619 1.035000 0.197518
v 0.067410 1.035000 0.193954
v 0.077828 1.035000 0.193954
v 0.087619 1.035000 0.197518
v 0.095600 1.035000 0.204215
v 0.100810 1.035000 0.213238
v 0.072619 1.240000 0.223498
v 0.072619 1.240000 0.223498
v 0.072619 1.240000 0.223498
v 0.072619 1.240000 0.223498
v 0.072619 1.240000 0.223498
v 0.072619 1.240000 0.223498
v 0.072619 1.240000 0.223498
v 0.072619 1.240000 0.223498
v 0.072619 1.240000 0.223498
v 0.072619 1.240000 0.223498
v 0.072619 1.240000 0.223498
v 0.072619 1.240000 0.223498
v 0.072619 1.240000 0.223498
v 0.072619 1.240000 0.223498
v 0.072619 1.240000 0.223498
v 0.072619 1.240000 0.223498
v 0.072619 1.240000 0.223498
v 0.072619 1.240000 0.223498
v 0.086013 1.237336 0.223498
v 0.085205 1.237336 0.228079
v 0.082879 1.237336 0.232108
v 0.079316 1.237336 0.235098
v 0.074945 1.237336 0.236689
v 0.070293 1.237336 0.236689
v 0.065922 1.237336 0.235098
v 0.062359 1.237336 0.232108
v 0.060033 1.237336 0.228079
v 0.059225 1.237336 0.223498
v 0.060033 1.237336 0.218917
v 0.062359 1.237336 0.214889
v 0.065922 1.237336 0.211899
v 0.070293 1.237336 0.210308
v 0.074945 1.237336 0.210308
v 0.079316 1.237336 0.211899
v 0.082879 1.237336 0.214889
v 0.085205 1.237336 0.218917
v 0.097368 1.229749 0.223498
v 0.095875 1.229749 0.231963
v 0.091578 1.229749 0.239406
v 0.084993 1.229749 0.244931
v 0.076917 1.229749 0.247871
v 0.068321 1.229749 0.247871
v 0.060245 1.229749 0.244931
v 0.053660 1.229749 0.239406
v 0.049363 1.229749 0.231963
v 0.047870 1.229749 0.223498
v 0.049363 1.229749 0.215034
v 0.053660 1.229749 0.207590
v 0.060245 1.229749 0.202065
v 0.068321 1.229749 0.199126
v 0.076917 1.229749 0.199126
v 0.084993 1.229749 0.202065
v 0.091578 1.229749 0.207590
v 0.095875 1.229749 0.215034
v 0.104955 1.218394 0.223498
v 0.103005 1.218394 0.234558
v 0.097390 1.218394 0.244283
v 0.088787 1.218394 0.251502
v 0.078234 1.218394 0.255343
v 0.067004 1.218394 0.255343
v 0.056451 1.218394 0.251502
v 0.047848 1.218394 0.244283
v 0.042233 1.218394 0.234558
v 0.040283 1.218394 0.223498
v 0.042233 1.218394 0.212439
v 0.047848 1.218394 0.202713
v 0.056451 1.218394 0.195495
v 0.067004 1.218394 0.191654
v 0.078234 1.218394 0.191654
v 0.088787 1.218394 0.195495
v 0.097390 1.218394 0.202713
v 0.103005 1.218394 0.212439
v 0.107619 1.205000 0.223498
v 0.105508 1.205000 0.235469
v 0.099431 1.205000 0.245996
v 0.090119 1.205000 0.253809
v 0.078697 1.205000 0.257967
v 0.066541 1.205000 0.257967
v 0.055119 1.205000 0.253809
v 0.045807 1.205000 0.245996
v 0.039730 1.205000 0.235469
v 0.037619 1.205000 0.223498
v 0.039730 1.205000 0.211528
v 0.045807 1.205000 0.201001
v 0.055119 1.205000 0.193187
v 0.066541 1.205000 0.189030
v 0.078697 1.205000 0.189030
v 0.090119 1.205000 0.193187
v 0.099431 1.205000 0.201001
v 0.105508 1.205000 0.211528
v 0.104955 1.191606 0.223498
v 0.103005 1.191606 0.234558
v 0.097390 1.191606 0.244283
v 0.088787 1.191606 0.251502
v 0.078234 1.191606 0.255343
v 0.067004 1.191606 0.255343
v 0.056451 1.191606 0.251502
v 0.047848 1.191606 0.244283
v 0.042233 1.191606 0.234558
v 0.040283 1.191606 0.223498
v 0.042233 1.191606 0.212439
v 0.047848 1.191606 0.202713
v 0.056451 1.191606 0.195495
v 0.067004 1.191606 0.191654
v 0.078234 1.191606 0.191654
v 0.088787 1.191606 0.195495
v 0.097390 1.191606 0.202713
v 0.103005 1.191606 0.212439
v 0.097368 1.180251 0.223498
v 0.095875 1.180251 0.231963
v 0.091578 1.180251 0.239406
v 0.084993 1.180251 0.244931
v 0.076917 1.180251 0.247871
v 0.068321 1.180251 0.247871
v 0.060245 1.180251 0.244931
v 0.053660 1.180251 0.239406
v 0.049363 1.180251 0.231963
v 0.047870 1.180251 0.223498
v 0.049363 1.180251 0.215034
v 0.053660 1.180251 0.207590
v 0.060245 1.180251 0.202065
v 0.068321 1.180251 0.199126
v 0.076917 1.180251 0.199126
v 0.084993 1.180251 0.202065
v 0.091578 1.180251 0.207590
v 0.095875 1.180251 0.215034
v 0.086013 1.172664 0.223498
v 0.085205 1.172664 0.228079
v 0.082879 1.172664 0.232108
v 0.079316 1.172664 0.235098
v 0.074945 1.172664 0.236689
v 0.070293 1.172664 0.236689
v 0.065922 1.172664 0.235098
v 0.062359 1.172664 0.232108
v 0.060033 1.172664 0.228079
v 0.059225 1.172664 0.223498
v 0.060033 1.172664 0.218917
v 0.062359 1.172664 0.214889
v 0.065922 1.172664 0.211899
v 0.070293 1.172664 0.210308
v 0.074945 1.172664 0.210308
v 0.079316 1.172664 0.211899
v 0.082879 1.172664 0.214889
v 0.085205 1.172664 0.218917
v 0.072619 1.170000 0.223498
v 0.072619 1.170000 0.223498
v 0.072619 1.170000 0.223498
v 0.072619 1.170000 0.223498
v 0.072619 1.170000 0.223498
v 0.072619 1.170000 0.223498
v 0.072619 1.170000 0.223498
v 0.072619 1.170000 0.223498
v 0.072619 1.170000 0.223498
v 0.072619 1.170000 0.223498
v 0.072619 1.170000 0.223498
v 0.072619 1.170000 0.223498
v 0.072619 1.170000 0.223498
v 0.072619 1.170000 0.223498
v 0.072619 1.170000 0.223498
v 0.072619 1.170000 0.223498
v 0.072619 1.170000 0.223498
v 0.072619 1.170000 0.223498
v -0.042619 1.035000 0.223498
v -0.044428 1.035000 0.233759
v -0.049638 1.035000 0.242782
v -0.057619 1.035000 0.249479
v -0.067410 1.035000 0.253043
v -0.077828 1.035000 0.253043
v -0.087619 1.035000 0.249479
v -0.095600 1.035000 0.242782
v -0.100810 1.035000 0.233759
v -0.102619 1.035000 0.223498
v -0.100810 1.035000 0.213238
v -0.095600 1.035000 0.204215
v -0.087619 1.035000 0.197518
v -0.077828 1.035000 0.193954
v -0.067410 1.035000 0.193954
v -0.057619 1.035000 0.197518
v -0.049638 1.035000 0.204215
v -0.044428 1.035000 0.213238
v -0.072619 1.190000 0.223498
v -0.072619 1.190000 0.223498
v -0.072619 1.190000 0.223498
v -0.072619 1.190000 0.223498
v -0.072619 1.190000 0.223498
v -0.072619 1.190000 0.223498
v -0.072619 1.190000 0.223498
v -0.072619 1.190000 0.223498
v -0.072619 1.190000 0.223498
v -0.072619 1.190000 0.223498
v -0.072619 1.190000 0.223498
v -0.072619 1.190000 0.223498
v -0.072619 1.190000 0.223498
v -0.072619 1.190000 0.223498
v -0.072619 1.190000 0.223498
v -0.072619 1.190000 0.223498
v -0.072619 1.190000 0.223498
v -0.072619 1.190000 0.223498
v -0.072619 1.035000 0.223498
v -0.042619 1.035000 0.223498
v -0.044428 1.035000 0.233759
v -0.049638 1.035000 0.242782
v -0.057619 1.035000 0.249479
v -0.067410 1.035000 0.253043
v -0.077828 1.035000 0.253043
v -0.087619 1.035000 0.249479
v -0.095600 1.035000 0.242782
v -0.100810 1.035000 0.233759
v -0.102619 1.035000 0.223498
v -0.100810 1.035000 0.213238
v -0.095600 1.035000 0.204215
v -0.087619 1.035000 0.197518
v -0.077828 1.035000 0.193954
v -0.067410 1.035000 0.193954
v -0.057619 1.035000 0.197518
v -0.049638 1.035000 0.204215
v -0.044428 1.035000 0.213238
v -0.072619 1.240000 0.223498
v -0.072619 1.240000 0.223498
v -0.072619 1.240000 0.223498
v -0.072619 1.240000 0.223498
v -0.072619 1.240000 0.223498
v -0.072619 1.240000 0.223498
v -0.072619 1.240000 0.223498
v -0.072619 1.240000 0.223498
v -0.072619 1.240000 0.223498
v -0.072619 1.240000 0.223498
v -0.072619 1.240000 0.223498
v -0.072619 1.240000 0.223498
v -0.072619 1.240000 0.223498
v -0.072619 1.240000 0.223498
v -0.072619 1.240000 0.223498
v -0.072619 1.240000 0.223498
v -0.072619 1.240000 0.223498
v -0.072619 1.240000 0.223498
v -0.059225 1.237336 0.223498
v -0.060033 1.237336 0.228079
v -0.062359 1.237336 0.232108
v -0.065922 1.237336 0.235098
v -0.070293 1.237336 0.236689
v -0.074945 1.237336 0.236689
v -0.079316 1.237336 0.235098
v -0.082879 1.237336 0.232108
v -0.085205 1.237336 0.228079
v -0.086013 1.237336 0.223498
v -0.085205 1.237336 0.218917
v -0.082879 1.237336 0.214889
v -0.079316 1.237336 0.211899
v -0.074945 1.237336 0.210308
v -0.070293 1.237336 0.210308
v -0.065922 1.237336 0.211899
v -0.062359 1.237336 0.214889
v -0.060033 1.237336 0.218917
v -0.047870 1.229749 0.223498
v -0.049363 1.229749 0.231963
v -0.053660 1.229749 0.239406
v -0.060245 1.229749 0.244931
v -0.068321 1.229749 0.247871
v -0.076917 1.229749 0.247871
v -0.084993 1.229749 0.244931
v -0.091578 1.229749 0.239406
v -0.095875 1.229749 0.231963
v -0.097368 1.229749 0.223498
v -0.095875 1.229749 0.215034
v -0.091578 1.229749 0.207590
v -0.084993 1.229749 0.202065
v -0.076917 1.229749 0.199126
v -0.068321 1.229749 0.199126
v -0.060245 1.229749 0.202065
v -0.053660 1.229749 0.207590
v -0.049363 1.229749 0.215034
v -0.040283 1.218394 0.223498
v -0.042233 1.218394 0.234558
v -0.047848 1.218394 0.244283
v -0.056451 1.218394 0.251502
v -0.067004 1.218394 0.255343
v -0.078234 1.218394 0.255343
v -0.088787 1.218394 0.251502
v -0.097390 1.218394 0.244283
v -0.103005 1.218394 0.234558
v -0.104955 1.218394 0.223498
v -0.103005 1.218394 0.212439
v -0.097390 1.218394 0.202713
v -0.088787 1.218394 0.195495
v -0.078234 1.218394 0.191654
v -0.067004 1.218394 0.191654
v -0.056451 1.218394 0.195495
v -0.047848 1.218394 0.202713
v -0.042233 1.218394 0.212439
v -0.037619 1.205000 0.223498
v -0.039730 1.205000 0.235469
v -0.045807 1.205000 0.245996
v -0.055119 1.205000 0.253809
v -0.066541 1.205000 0.257967
v -0.078697 1.205000 0.257967
v -0.090119 1.205000 0.253809
v -0.099431 1.205000 0.245996
v -0.105508 1.205000 0.235469
v -0.107619 1.205000 0.223498
v -0.105508 1.205000 0.211528
v -0.099431 1.205000 0.201001
v -0.090119 1.205000 0.193187
v -0.078697 1.205000 0.189030
v -0.066541 1.205000 0.189030
v -0.055119 1.205000 0.193187
v -0.045807 1.205000 0.201001
v -0.039730 1.205000 0.211528
v -0.040283 1.191606 0.223498
v -0.042233 1.191606 0.234558
v -0.047848 1.191606 0.244283
v -0.056451 1.191606 0.251502
v -0.067004 1.191606 0.255343
v -0.078234 1.191606 0.255343
v -0.088787 1.191606 0.251502
v -0.097390 1.191606 0.244283
v -0.103005 1.191606 0.234558
v -0.104955 1.191606 0.223498
v -0.103005 1.191606 0.212439
v -0.097390 1.191606 0.202713
v -0.088787 1.191606 0.195495
v -0.078234 1.191606 0.191654
v -0.067004 1.191606 0.191654
v -0.056451 1.191606 0.195495
v -0.047848 1.191606 0.202713
v -0.042233 1.191606 0.212439
v -0.047870 1.180251 0.223498
v -0.049363 1.180251 0.231963
v -0.053660 1.180251 0.239406
v -0.060245 1.180251 0.244931
v -0.068321 1.180251 0.247871
v -0.076917 1.180251 0.247871
v -0.084993 1.180251 0.244931
v -0.091578 1.180251 0.239406
v -0.095875 1.180251 0.231963
v -0.097368 1.180251 0.223498
v -0.095875 1.180251 0.215034
v -0.091578 1.180251 0.207590
v -0.084993 1.180251 0.202065
v -0.076917 1.180251 0.199126
v -0.068321 1.180251 0.199126
v -0.060245 1.180251 0.202065
v -0.053660 1.180251 0.207590
v -0.049363 1.180251 0.215034
v -0.059225 1.172664 0.223498
v -0.060033 1.172664 0.228079
v -0.062359 1.172664 0.232108
v -0.065922 1.172664 0.235098
v -0.070293 1.172664 0.236689
v -0.074945 1.172664 0.236689
v -0.079316 1.172664 0.235098
v -0.082879 1.172664 0.232108
v -0.085205 1.172664 0.228079
v -0.086013 1.172664 0.223498
v -0.085205 1.172664 0.218917
v -0.082879 1.172664 0.214889
v -0.079316 1.172664 0.211899
v -0.074945 1.172664 0.210308
v -0.070293 1.172664 0.210308
v -0.065922 1.172664 0.211899
v -0.062359 1.172664 0.214889
v -0.060033 1.172664 0.218917
v -0.072619 1.170000 0.223498
v -0.072619 1.170000 0.223498
v -0.072619 1.170000 0.223498
v -0.072619 1.170000 0.223498
v -0.072619 1.170000 0.223498
v -0.072619 1.170000 0.223498
v -0.072619 1.170000 0.223498
v -0.072619 1.170000 0.223498
v -0.072619 1.170000 0.223498
v -0.072619 1.170000 0.223498
v -0.072619 1.170000 0.223498
v -0.072619 1.170000 0.223498
v -0.072619 1.170000 0.223498
v -0.072619 1.170000 0.223498
v -0.072619 1.170000 0.223498
v -0.072619 1.170000 0.223498
v -0.072619 1.170000 0.223498
v -0.072619 1.170000 0.223498
v -0.160119 1.035000 0.138130
v -0.161928 1.035000 0.148390
v -0.167138 1.035000 0.157413
v -0.175119 1.035000 0.164110
v -0.184910 1.035000 0.167674
v -0.195328 1.035000 0.167674
v -0.205119 1.035000 0.164110
v -0.213100 1.035000 0.157413
v -0.218310 1.035000 0.148390
v -0.220119 1.035000 0.138130
v -0.218310 1.035000 0.127869
v -0.213100 1.035000 0.118846
v -0.205119 1.035000 0.112149
v -0.195328 1.035000 0.108585
v -0.184910 1.035000 0.108585
v -0.175119 1.035000 0.112149
v -0.167138 1.035000 0.118846
v -0.161928 1.035000 0.127869
v -0.190119 1.190000 0.138130
v -0.190119 1.190000 0.138130
v -0.190119 1.190000 0.138130
v -0.190119 1.190000 0.138130
v -0.190119 1.190000 0.138130
v -0.190119 1.190000 0.138130
v -0.190119 1.190000 0.138130
v -0.190119 1.190000 0.138130
v -0.190119 1.190000 0.138130
v -0.190119 1.190000 0.138130
v -0.190119 1.190000 0.138130
v -0.190119 1.190000 0.138130
v -0.190119 1.190000 0.138130
v -0.190119 1.190000 0.138130
v -0.190119 1.190000 0.138130
v -0.190119 1.190000 0.138130
v -0.190119 1.190000 0.138130
v -0.190119 1.190000 0.138130
v -0.190119 1.035000 0.138130
v -0.160119 1.035000 0.138130
v -0.161928 1.035000 0.148390
v -0.167138 1.035000 0.157413
v -0.175119 1.035000 0.164110
v -0.184910 1.035000 0.167674
v -0.195328 1.035000 0.167674
v -0.205119 1.035000 0.164110
v -0.213100 1.035000 0.157413
v -0.218310 1.035000 0.148390
v -0.220119 1.035000 0.138130
v -0.218310 1.035000 0.127869
v -0.213100 1.035000 0.118846
v -0.205119 1.035000 0.112149
v -0.195328 1.035000 0.108585
v -0.184910 1.035000 0.108585
v -0.175119 1.035000 0.112149
v -0.167138 1.035000 0.118846
v -0.161928 1.035000 0.127869
v -0.190119 1.240000 0.138130
v -0.190119 1.240000 0.138130
v -0.190119 1.240000 0.138130
v -0.190119 1.240000 0.138130
v -0.190119 1.240000 0.138130
v -0.190119 1.240000 0.138130
v -0.190119 1.240000 0.138130
v -0.190119 1.240000 0.138130
v -0.190119 1.240000 0.138130
v -0.190119 1.240000 0.138130
v -0.190119 1.240000 0.138130
v -0.190119 1.240000 0.138130
v -0.190119 1.240000 0.138130
v -0.190119 1.240000 0.138130
v -0.190119 1.240000 0.138130
v -0.190119 1.240000 0.138130
v -0.190119 1.240000 0.138130
v -0.190119 1.240000 0.138130
v -0.176725 1.237336 0.138130
v -0.177533 1.237336 0.142711
v -0.179859 1.237336 0.146739
v -0.183422 1.237336 0.149729
v -0.187793 1.237336 0.151320
v -0.192445 1.237336 0.151320
v -0.196816 1.237336 0.149729
v -0.200379 1.237336 0.146739
v -0.202705 1.237336 0.142711
v -0.203513 1.237336 0.138130
v -0.202705 1.237336 0.133549
v -0.200379 1.237336 0.129520
v -0.196816 1.237336 0.126530
v -0.192445 1.237336 0.124939
v -0.187793 1.237336 0.124939
v -0.183422 1.237336 0.126530
v -0.179859 1.237336 0.129520
v -0.177533 1.237336 0.133549
v -0.165370 1.229749 0.138130
v -0.166863 1.229749 0.146594
v -0.171160 1.229749 0.154038
v -0.177745 1.229749 0.159563
v -0.185821 1.229749 0.162502
v -0.194417 1.229749 0.162502
v -0.202493 1.229749 0.159563
v -0.209078 1.229749 0.154038
v -0.213375 1.229749 0.146594
v -0.214868 1.229749 0.138130
v -0.213375 1.229749 0.129665
v -0.209078 1.229749 0.122221
v -0.202493 1.229749 0.116696
v -0.194417 1.229749 0.113757
v -0.185821 1.229749 0.113757
v -0.177745 1.229749 0.116696
v -0.171160 1.229749 0.122221
v -0.166863 1.229749 0.129665
v -0.157783 1.218394 0.138130
v -0.159733 1.218394 0.149189
v -0.165348 1.218394 0.158915
v -0.173951 1.218394 0.166133
v -0.184504 1.218394 0.169974
v -0.195734 1.218394 0.169974
v -0.206287 1.218394 0.166133
v -0.214890 1.218394 0.158915
v -0.220505 1.218394 0.149189
v -0.222455 1.218394 0.138130
v -0.220505 1.218394 0.127070
v -0.214890 1.218394 0.117344
v -0.206287 1.218394 0.110126
v -0.195734 1.218394 0.106285
v -0.184504 1.218394 0.106285
v -0.173951 1.218394 0.110126
v -0.165348 1.218394 0.117344
v -0.159733 1.218394 0.127070
v -0.155119 1.205000 0.138130
v -0.157230 1.205000 0.150100
v -0.163307 1.205000 0.160627
v -0.172619 1.205000 0.168440
v -0.184041 1.205000 0.172598
v -0.196197 1.205000 0.172598
v -0.207619 1.205000 0.168440
v -0.216931 1.205000 0.160627
v -0.223008 1.205000 0.150100
v -0.225119 1.205000 0.138130
v -0.223008 1.205000 0.126159
v -0.216931 1.205000 0.115632
v -0.207619 1.205000 0.107819
v -0.196197 1.205000 0.103661
v -0.184041 1.205000 0.103661
v -0.172619 1.205000 0.107819
v -0.163307 1.205000 0.115632
v -0.157230 1.205000 0.126159
v -0.157783 1.191606 0.138130
v -0.159733 1.191606 0.149189
v -0.165348 1.191606 0.158915
v -0.173951 1.191606 0.166133
v -0.184504 1.191606 0.169974
v -0.195734 1.191606 0.169974
v -0.206287 1.191606 0.166133
v -0.214890 1.191606 0.158915
v -0.220505 1.191606 0.149189
v -0.222455 1.191606 0.138130
v -0.220505 1.191606 0.127070
v -0.214890 1.191606 0.117344
v -0.206287 1.191606 0.110126
v -0.195734 1.191606 0.106285
v -0.184504 1.191606 0.106285
v -0.173951 1.191606 0.110126
v -0.165348 1.191606 0.117344
v -0.159733 1.191606 0.127070
v -0.165370 1.180251 0.138130
v -0.166863 1.180251 0.146594
v -0.171160 1.180251 0.154038
v -0.177745 1.180251 0.159563
v -0.185821 1.180251 0.162502
v -0.194417 1.180251 0.162502
v -0.202493 1.180251 0.159563
v -0.209078 1.180251 0.154038
v -0.213375 1.180251 0.146594
v -0.214868 1.180251 0.138130
v -0.213375 1.180251 0.129665
v -0.209078 1.180251 0.122221
v -0.202493 1.180251 0.116696
v -0.194417 1.180251 0.113757
v -0.185821 1.180251 0.113757
v -0.177745 1.180251 0.116696
v -0.171160 1.180251 0.122221
v -0.166863 1.180251 0.129665
v -0.176725 1.172664 0.138130
v -0.177533 1.172664 0.142711
v -0.179859 1.172664 0.146739
v -0.183422 1.172664 0.149729
v -0.187793 1.172664 0.151320
v -0.192445 1.172664 0.151320
v -0.196816 1.172664 0.149729
v -0.200379 1.172664 0.146739
v -0.202705 1.172664 0.142711
v -0.203513 1.172664 0.138130
v -0.202705 1.172664 0.133549
v -0.200379 1.172664 0.129520
v -0.196816 1.172664 0.126530
v -0.192445 1.172664 0.124939
v -0.187793 1.172664 0.124939
v -0.183422 1.172664 0.126530
v -0.179859 1.172664 0.129520
v -0.177533 1.172664 0.133549
v -0.190119 1.170000 0.138130
v -0.190119 1.170000 0.138130
v -0.190119 1.170000 0.138130
v -0.190119 1.170000 0.138130
v -0.190119 1.170000 0.138130
v -0.190119 1.170000 0.138130
v -0.190119 1.170000 0.138130
v -0.190119 1.170000 0.138130
v -0.190119 1.170000 0.138130
v -0.190119 1.170000 0.138130
v -0.190119 1.170000 0.138130
v -0.190119 1.170000 0.138130
v -0.190119 1.170000 0.138130
v -0.190119 1.170000 0.138130
v -0.190119 1.170000 0.138130
v -0.190119 1.170000 0.138130
v -0.190119 1.170000 0.138130
v -0.190119 1.170000 0.138130
v -0.205000 1.035000 0.000000
v -0.206809 1.035000 0.010261
v -0.212019 1.035000 0.019284
v -0.220000 1.035000 0.025981
v -0.229791 1.035000 0.029544
v -0.240209 1.035000 0.029544
v -0.250000 1.035000 0.025981
v -0.257981 1.035000 0.019284
v -0.263191 1.035000 0.010261
v -0.265000 1.035000 0.000000
v -0.263191 1.035000 -0.010261
v -0.257981 1.035000 -0.019284
v -0.250000 1.035000 -0.025981
v -0.240209 1.035000 -0.029544
v -0.229791 1.035000 -0.029544
v -0.220000 1.035000 -0.025981
v -0.212019 1.035000 -0.019284
v -0.206809 1.035000 -0.010261
v -0.235000 1.190000 0.000000
v -0.235000 1.190000 0.000000
v -0.235000 1.190000 0.000000
v -0.235000 1.190000 0.000000
v -0.235000 1.190000 0.000000
v -0.235000 1.190000 0.000000
v -0.235000 1.190000 0.000000
v -0.235000 1.190000 0.000000
v -0.235000 1.190000 0.000000
v -0.235000 1.190000 0.000000
v -0.235000 1.190000 0.000000
v -0.235000 1.190000 0.000000
v -0.235000 1.190000 0.000000
v -0.235000 1.190000 0.000000
v -0.235000 1.190000 0.000000
v -0.235000 1.190000 0.000000
v -0.235000 1.190000 0.000000
v -0.235000 1.190000 0.000000
v -0.235000 1.035000 0.000000
v -0.205000 1.035000 0.000000
v -0.206809 1.035000 0.010261
v -0.212019 1.035000 0.019284
v -0.220000 1.035000 0.025981
v -0.229791 1.035000 0.029544
v -0.240209 1.035000 0.029544
v -0.250000 1.035000 0.025981
v -0.257981 1.035000 0.019284
v -0.263191 1.035000 0.010261
v -0.265000 1.035000 0.000000
v -0.263191 1.035000 -0.010261
v -0.257981 1.035000 -0.019284
v -0.250000 1.035000 -0.025981
v -0.240209 1.035000 -0.029544
v -0.229791 1.035000 -0.029544
v -0.220000 1.035000 -0.025981
v -0.212019 1.035000 -0.019284
v -0.206809 1.035000 -0.010261
v -0.235000 1.240000 0.000000
v -0.235000 1.240000 0.000000
v -0.235000 1.240000 0.000000
v -0.235000 1.240000 0.000000
v -0.235000 1.240000 0.000000
v -0.235000 1.240000 0.000000
v -0.235000 1.240000 0.000000
v -0.235000 1.240000 0.000000
v -0.235000 1.240000 0.000000
v -0.235000 1.240000 0.000000
v -0.235000 1.240000 0.000000
v -0.235000 1.240000 0.000000
v -0.235000 1.240000 0.000000
v -0.235000 1.240000 0.000000
v -0.235000 1.240000 0.000000
v -0.235000 1.240000 0.000000
v -0.235000 1.240000 0.000000
v -0.235000 1.240000 0.000000
v -0.221606 1.237336 0.000000
v -0.222414 1.237336 0.004581
v -0.224740 1.237336 0.008609
v -0.228303 1.237336 0.011599
v -0.232674 1.237336 0.013190
v -0.237326 1.237336 0.013190
v -0.241697 1.237336 0.011599
v -0.245260 1.237336 0.008609
v -0.247586 1.237336 0.004581
v -0.248394 1.237336 0.000000
v -0.247586 1.237336 -0.004581
v -0.245260 1.237336 -0.008609
v -0.241697 1.237336 -0.011599
v -0.237326 1.237336 -0.013190
v -0.232674 1.237336 -0.013190
v -0.228303 1.237336 -0.011599
v -0.224740 1.237336 -0.008609
v -0.222414 1.237336 -0.004581
v -0.210251 1.229749 0.000000
v -0.211744 1.229749 0.008465
v -0.216041 1.229749 0.015908
v -0.222626 1.229749 0.021433
v -0.230702 1.229749 0.024373
v -0.239298 1.229749 0.024373
v -0.247374 1.229749 0.021433
v -0.253959 1.229749 0.015908
v -0.258256 1.229749 0.008465
v -0.259749 1.229749 0.000000
v -0.258256 1.229749 -0.008465
v -0.253959 1.229749 -0.015908
v -0.247374 1.229749 -0.021433
v -0.239298 1.229749 -0.024373
v -0.230702 1.229749 -0.024373
v -0.222626 1.229749 -0.021433
v -0.216041 1.229749 -0.015908
v -0.211744 1.229749 -0.008465
v -0.202664 1.218394 0.000000
v -0.204614 1.218394 0.011059
v -0.210229 1.218394 0.020785
v -0.218832 1.218394 0.028004
v -0.229385 1.218394 0.031845
v -0.240615 1.218394 0.031845
v -0.251168 1.218394 0.028004
v -0.259771 1.218394 0.020785
v -0.265386 1.218394 0.011059
v -0.267336 1.218394 0.000000
v -0.265386 1.218394 -0.011059
v -0.259771 1.218394 -0.020785
v -0.251168 1.218394 -0.028004
v -0.240615 1.218394 -0.031845
v -0.229385 1.218394 -0.031845
v -0.218832 1.218394 -0.028004
v -0.210229 1.218394 -0.020785
v -0.204614 1.218394 -0.011059
v -0.200000 1.205000 0.000000
v -0.202111 1.205000 0.011971
v -0.208188 1.205000 0.022498
v -0.217500 1.205000 0.030311
v -0.228922 1.205000 0.034468
v -0.241078 1.205000 0.034468
v -0.252500 1.205000 0.030311
v -0.261812 1.205000 0.022498
v -0.267889 1.205000 0.011971
v -0.270000 1.205000 0.000000
v -0.267889 1.205000 -0.011971
v -0.261812 1.205000 -0.022498
v -0.252500 1.205000 -0.030311
v -0.241078 1.205000 -0.034468
v -0.228922 1.205000 -0.034468
v -0.217500 1.205000 -0.030311
v -0.208188 1.205000 -0.022498
v -0.202111 1.205000 -0.011971
v -0.202664 1.191606 0.000000
v -0.204614 1.191606 0.011059
v -0.210229 1.191606 0.020785
v -0.218832 1.191606 0.028004
v -0.229385 1.191606 0.031845
v -0.240615 1.191606 0.031845
v -0.251168 1.191606 0.028004
v -0.259771 1.191606 0.020785
v -0.265386 1.191606 0.011059
v -0.267336 1.191606 0.000000
v -0.265386 1.191606 -0.011059
v -0.259771 1.191606 -0.020785
v -0.251168 1.191606 -0.028004
v -0.240615 1.191606 -0.031845
v -0.229385 1.191606 -0.031845
v -0.218832 1.191606 -0.028004
v -0.210229 1.191606 -0.020785
v -0.204614 1.191606 -0.011059
v -0.210251 1.180251 0.000000
v -0.211744 1.180251 0.008465
v -0.216041 1.180251 0.015908
v -0.222626 1.180251 0.021433
v -0.230702 1.180251 0.024373
v -0.239298 1.180251 0.024373
v -0.247374 1.180251 0.021433
v -0.253959 1.180251 0.015908
v -0.258256 1.180251 0.008465
v -0.259749 1.180251 0.000000
v -0.258256 1.180251 -0.008465
v -0.253959 1.180251 -0.015908
v -0.247374 1.180251 -0.021433
v -0.239298 1.180251 -0.024373
v -0.230702 1.180251 -0.024373
v -0.222626 1.180251 -0.021433
v -0.216041 1.180251 -0.015908
v -0.211744 1.180251 -0.008465
v -0.221606 1.172664 0.000000
v -0.222414 1.172664 0.004581
v -0.224740 1.172664 0.008609
v -0.228303 1.172664 0.011599
v -0.232674 1.172664 0.013190
v -0.237326 1.172664 0.013190
v -0.241697 1.172664 0.011599
v -0.245260 1.172664 0.008609
v -0.247586 1.172664 0.004581
v -0.248394 1.172664 0.000000
v -0.247586 1.172664 -0.004581
v -0.245260 1.172664 -0.008609
v -0.241697 1.172664 -0.011599
v -0.237326 1.172664 -0.013190
v -0.232674 1.172664 -0.013190
v -0.228303 1.172664 -0.011599
v -0.224740 1.172664 -0.008609
v -0.222414 1.172664 -0.004581
v -0.235000 1.170000 0.000000
v -0.235000 1.170000 0.000000
v -0.235000 1.170000 0.000000
v -0.235000 1.170000 0.000000
v -0.235000 1.170000 0.000000
v -0.235000 1.170000 0.000000
v -0.235000 1.170000 0.000000
v -0.235000 1.170000 0.000000
v -0.235000 1.170000 0.000000
v -0.235000 1.170000 0.000000
v -0.235000 1.170000 0.000000
v -0.235000 1.170000 0.000000
v -0.235000 1.170000 0.000000
v -0.235000 1.170000 0.000000
v -0.235000 1.170000 0.000000
v -0.235000 1.170000 0.000000
v -0.235000 1.170000 0.000000
v -0.235000 1.170000 0.000000
v -0.160119 1.035000 -0.138130
v -0.161928 1.035000 -0.127869
v -0.167138 1.035000 -0.118846
v -0.175119 1.035000 -0.112149
v -0.184910 1.035000 -0.108585
v -0.195328 1.035000 -0.108585
v -0.205119 1.035000 -0.112149
v -0.213100 1.035000 -0.118846
v -0.218310 1.035000 -0.127869
v -0.220119 1.035000 -0.138130
v -0.218310 1.035000 -0.148390
v -0.213100 1.035000 -0.157413
v -0.205119 1.035000 -0.164110
v -0.195328 1.035000 -0.167674
v -0.184910 1.035000 -0.167674
v -0.175119 1.035000 -0.164110
v -0.167138 1.035000 -0.157413
v -0.161928 1.035000 -0.148390
v -0.190119 1.190000 -0.138130
v -0.190119 1.190000 -0.138130
v -0.190119 1.190000 -0.138130
v -0.190119 1.190000 -0.138130
v -0.190119 1.190000 -0.138130
v -0.190119 1.190000 -0.138130
v -0.190119 1.190000 -0.138130
v -0.190119 1.190000 -0.138130
v -0.190119 1.190000 -0.138130
v -0.190119 1.190000 -0.138130
v -0.190119 1.190000 -0.138130
v -0.190119 1.190000 -0.138130
v -0.190119 1.190000 -0.138130
v -0.190119 1.190000 -0.138130
v -0.190119 1.190000 -0.138130
v -0.190119 1.190000 -0.138130
v -0.190119 1.190000 -0.138130
v -0.190119 1.190000 -0.138130
v -0.190119 1.035000 -0.138130
v -0.160119 1.035000 -0.138130
v -0.161928 1.035000 -0.127869
v -0.167138 1.035000 -0.118846
v -0.175119 1.035000 -0.112149
v -0.184910 1.035000 -0.108585
v -0.195328 1.035000 -0.108585
v -0.205119 1.035000 -0.112149
v -0.213100 1.035000 -0.118846
v -0.218310 1.035000 -0.127869
v -0.220119 1.035000 -0.138130
v -0.218310 1.035000 -0.148390
v -0.213100 1.035000 -0.157413
v -0.205119 1.035000 -0.164110
v -0.195328 1.035000 -0.167674
v -0.184910 1.035000 -0.167674
v -0.175119 1.035000 -0.164110
v -0.167138 1.035000 -0.157413
v -0.161928 1.035000 -0.148390
v -0.190119 1.240000 -0.138130
v -0.190119 1.240000 -0.138130
v -0.190119 1.240000 -0.138130
v -0.190119 1.240000 -0.138130
v -0.190119 1.240000 -0.138130
v -0.190119 1.240000 -0.138130
v -0.190119 1.240000 -0.138130
v -0.190119 1.240000 -0.138130
v -0.190119 1.240000 -0.138130
v -0.190119 1.240000 -0.138130
v -0.190119 1.240000 -0.138130
v -0.190119 1.240000 -0.138130
v -0.190119 1.240000 -0.138130
v -0.190119 1.240000 -0.138130
v -0.190119 1.240000 -0.138130
v -0.190119 1.240000 -0.138130
v -0.190119 1.240000 -0.138130
v -0.190119 1.240000 -0.138130
v -0.176725 1.237336 -0.138130
v -0.177533 1.237336 -0.133549
v -0.179859 1.237336 -0.129520
v -0.183422 1.237336 -0.126530
v -0.187793 1.237336 -0.124939
v -0.192445 1.237336 -0.124939
v -0.196816 1.237336 -0.126530
v -0.200379 1.237336 -0.129520
v -0.202705 1.237336 -0.133549
v -0.203513 1.237336 -0.138130
v -0.202705 1.237336 -0.142711
v -0.200379 1.237336 -0.146739
v -0.196816 1.237336 -0.149729
v -0.192445 1.237336 -0.151320
v -0.187793 1.237336 -0.151320
v -0.183422 1.237336 -0.149729
v -0.179859 1.237336 -0.146739
v -0.177533 1.237336 -0.142711
v -0.165370 1.229749 -0.138130
v -0.166863 1.229749 -0.129665
v -0.171160 1.229749 -0.122221
v -0.177745 1.229749 -0.116696
v -0.185821 1.229749 -0.113757
v -0.194417 1.229749 -0.113757
v -0.202493 1.229749 -0.116696
v -0.209078 1.229749 -0.122221
v -0.213375 1.229749 -0.129665
v -0.214868 1.229749 -0.138130
v -0.213375 1.229749 -0.146594
v -0.209078 1.229749 -0.154038
v -0.202493 1.229749 -0.159563
v -0.194417 1.229749 -0.162502
v -0.185821 1.229749 -0.162502
v -0.177745 1.229749 -0.159563
v -0.171160 1.229749 -0.154038
v -0.166863 1.229749 -0.146594
v -0.157783 1.218394 -0.138130
v -0.159733 1.218394 -0.127070
v -0.165348 1.218394 -0.117344
v -0.173951 1.218394 -0.110126
v -0.184504 1.218394 -0.106285
v -0.195734 1.218394 -0.106285
v -0.206287 1.218394 -0.110126
v -0.214890 1.218394 -0.117344
v -0.220505 1.218394 -0.127070
v -0.222455 1.218394 -0.138130
v -0.220505 1.218394 -0.149189
v -0.214890 1.218394 -0.158915
v -0.206287 1.218394 -0.166133
v -0.195734 1.218394 -0.169974
v -0.184504 1.218394 -0.169974
v -0.173951 1.218394 -0.166133
v -0.165348 1.218394 -0.158915
v -0.159733 1.218394 -0.149189
v -0.155119 1.205000 -0.138130
v -0.157230 1.205000 -0.126159
v -0.163307 1.205000 -0.115632
v -0.172619 1.205000 -0.107819
v -0.184041 1.205000 -0.103661
v -0.196197 1.205000 -0.103661
v -0.207619 1.205000 -0.107819
v -0.216931 1.205000 -0.115632
v -0.223008 1.205000 -0.126159
v -0.225119 1.205000 -0.138130
v -0.223008 1.205000 -0.150100
v -0.216931 1.205000 -0.160627
v -0.207619 1.205000 -0.168440
v -0.196197 1.205000 -0.172598
v -0.184041 1.205000 -0.172598
v -0.172619 1.205000 -0.168440
v -0.163307 1.205000 -0.160627
v -0.157230 1.205000 -0.150100
v -0.157783 1.191606 -0.138130
v -0.159733 1.191606 -0.127070
v -0.165348 1.191606 -0.117344
v -0.173951 1.191606 -0.110126
v -0.184504 1.191606 -0.106285
v -0.195734 1.191606 -0.106285
v -0.206287 1.191606 -0.110126
v -0.214890 1.191606 -0.117344
v -0.220505 1.191606 -0.127070
v -0.222455 1.191606 -0.138130
v -0.220505 1.191606 -0.149189
v -0.214890 1.191606 -0.158915
v -0.206287 1.191606 -0.166133
v -0.195734 1.191606 -0.169974
v -0.184504 1.191606 -0.169974
v -0.173951 1.191606 -0.166133
v -0.165348 1.191606 -0.158915
v -0.159733 1.191606 -0.149189
v -0.165370 1.180251 -0.138130
v -0.166863 1.180251 -0.129665
v -0.171160 1.180251 -0.122221
v -0.177745 1.180251 -0.116696
v -0.185821 1.180251 -0.113757
v -0.194417 1.180251 -0.113757
v -0.202493 1.180251 -0.116696
v -0.209078 1.180251 -0.122221
v -0.213375 1.180251 -0.129665
v -0.214868 1.180251 -0.138130
v -0.213375 1.180251 -0.146594
v -0.209078 1.180251 -0.154038
v -0.202493 1.180251 -0.159563
v -0.194417 1.180251 -0.162502
v -0.185821 1.180251 -0.162502
v -0.177745 1.180251 -0.159563
v -0.171160 1.180251 -0.154038
v -0.166863 1.180251 -0.146594
v -0.176725 1.172664 -0.138130
v -0.177533 1.172664 -0.133549
v -0.179859 1.172664 -0.129520
v -0.183422 1.172664 -0.126530
v -0.187793 1.172664 -0.124939
v -0.192445 1.172664 -0.124939
v -0.196816 1.172664 -0.126530
v -0.200379 1.172664 -0.129520
v -0.202705 1.172664 -0.133549
v -0.203513 1.172664 -0.138130
v -0.202705 1.172664 -0.142711
v -0.200379 1.172664 -0.146739
v -0.196816 1.172664 -0.149729
v -0.192445 1.172664 -0.151320
v -0.187793 1.172664 -0.151320
v -0.183422 1.172664 -0.149729
v -0.179859 1.172664 -0.146739
v -0.177533 1.172664 -0.142711
v -0.190119 1.170000 -0.138130
v -0.190119 1.170000 -0.138130
v -0.190119 1.170000 -0.138130
v -0.190119 1.170000 -0.138130
v -0.190119 1.170000 -0.138130
v -0.190119 1.170000 -0.138130
v -0.190119 1.170000 -0.138130
v -0.190119 1.170000 -0.138130
v -0.190119 1.170000 -0.138130
v -0.190119 1.170000 -0.138130
v -0.190119 1.170000 -0.138130
v -0.190119 1.170000 -0.138130
v -0.190119 1.170000 -0.138130
v -0.190119 1.170000 -0.138130
v -0.190119 1.170000 -0.138130
v -0.190119 1.170000 -0.138130
v -0.190119 1.170000 -0.138130
v -0.190119 1.170000 -0.138130
v -0.042619 1.035000 -0.223498
v -0.044428 1.035000 -0.213238
v -0.049638 1.035000 -0.204215
v -0.057619 1.035000 -0.197518
v -0.067410 1.035000 -0.193954
v -0.077828 1.035000 -0.193954
v -0.087619 1.035000 -0.197518
v -0.095600 1.035000 -0.204215
v -0.100810 1.035000 -0.213238
v -0.102619 1.035000 -0.223498
v -0.100810 1.035000 -0.233759
v -0.095600 1.035000 -0.242782
v -0.087619 1.035000 -0.249479
v -0.077828 1.035000 -0.253043
v -0.067410 1.035000 -0.253043
v -0.057619 1.035000 -0.249479
v -0.049638 1.035000 -0.242782
v -0.044428 1.035000 -0.233759
v -0.072619 1.190000 -0.223498
v -0.072619 1.190000 -0.223498
v -0.072619 1.190000 -0.223498
v -0.072619 1.190000 -0.223498
v -0.072619 1.190000 -0.223498
v -0.072619 1.190000 -0.223498
v -0.072619 1.190000 -0.223498
v -0.072619 1.190000 -0.223498
v -0.072619 1.190000 -0.223498
v -0.072619 1.190000 -0.223498
v -0.072619 1.190000 -0.223498
v -0.072619 1.190000 -0.223498
v -0.072619 1.190000 -0.223498
v -0.072619 1.190000 -0.223498
v -0.072619 1.190000 -0.223498
v -0.072619 1.190000 -0.223498
v -0.072619 1.190000 -0.223498
v -0.072619 1.190000 -0.223498
v -0.072619 1.035000 -0.223498
v -0.042619 1.035000 -0.223498
v -0.044428 1.035000 -0.213238
v -0.049638 1.035000 -0.204215
v -0.057619 1.035000 -0.197518
v -0.067410 1.035000 -0.193954
v -0.077828 1.035000 -0.193954
v -0.087619 1.035000 -0.197518
v -0.095600 1.035000 -0.204215
v -0.100810 1.035000 -0.213238
v -0.102619 1.035000 -0.223498
v -0.100810 1.035000 -0.233759
v -0.095600 1.035000 -0.242782
v -0.087619 1.035000 -0.249479
v -0.077828 1.035000 -0.253043
v -0.067410 1.035000 -0.253043
v -0.057619 1.035000 -0.249479
v -0.049638 1.035000 -0.242782
v -0.044428 1.035000 -0.233759
v -0.072619 1.240000 -0.223498
v -0.072619 1.240000 -0.223498
v -0.072619 1.240000 -0.223498
v -0.072619 1.240000 -0.223498
v -0.072619 1.240000 -0.223498
v -0.072619 1.240000 -0.223498
v -0.072619 1.240000 -0.223498
v -0.072619 1.240000 -0.223498
v -0.072619 1.240000 -0.223498
v -0.072619 1.240000 -0.223498
v -0.072619 1.240000 -0.223498
v -0.072619 1.240000 -0.223498
v -0.072619 1.240000 -0.223498
v -0.072619 1.240000 -0.223498
v -0.072619 1.240000 -0.223498
v -0.072619 1.240000 -0.223498
v -0.072619 1.240000 -0.223498
v -0.072619 1.240000 -0.223498
v -0.059225 1.237336 -0.223498
v -0.060033 1.237336 -0.218917
v -0.062359 1.237336 -0.214889
v -0.065922 1.237336 -0.211899
v -0.070293 1.237336 -0.210308
v -0.074945 1.237336 -0.210308
v -0.079316 1.237336 -0.211899
v -0.082879 1.237336 -0.214889
v -0.085205 1.237336 -0.218917
v -0.086013 1.237336 -0.223498
v -0.085205 1.237336 -0.228079
v -0.082879 1.237336 -0.232108
v -0.079316 1.237336 -0.235098
v -0.074945 1.237336 -0.236689
v -0.070293 1.237336 -0.236689
v -0.065922 1.237336 -0.235098
v -0.062359 1.237336 -0.232108
v -0.060033 1.237336 -0.228079
v -0.047870 1.229749 -0.223498
v -0.049363 1.229749 -0.215034
v -0.053660 1.229749 -0.207590
v -0.060245 1.229749 -0.202065
v -0.068321 1.229749 -0.199126
v -0.076917 1.229749 -0.199126
v -0.084993 1.229749 -0.202065
v -0.091578 1.229749 -0.207590
v -0.095875 1.229749 -0.215034
v -0.097368 1.229749 -0.223498
v -0.095875 1.229749 -0.231963
v -0.091578 1.229749 -0.239406
v -0.084993 1.229749 -0.244931
v -0.076917 1.229749 -0.247871
v -0.068321 1.229749 -0.247871
v -0.060245 1.229749 -0.244931
v -0.053660 1.229749 -0.239406
v -0.049363 1.229749 -0.231963
v -0.040283 1.218394 -0.223498
v -0.042233 1.218394 -0.212439
v -0.047848 1.218394 -0.202713
v -0.056451 1.218394 -0.195495
v -0.067004 1.218394 -0.191654
v -0.078234 1.218394 -0.191654
v -0.088787 1.218394 -0.195495
v -0.097390 1.218394 -0.202713
v -0.103005 1.218394 -0.212439
v -0.104955 1.218394 -0.223498
v -0.103005 1.218394 -0.234558
v -0.097390 1.218394 -0.244283
v -0.088787 1.218394 -0.251502
v -0.078234 1.218394 -0.255343
v -0.067004 1.218394 -0.255343
v -0.056451 1.218394 -0.251502
v -0.047848 1.218394 -0.244283
v -0.042233 1.218394 -0.234558
v -0.037619 1.205000 -0.223498
v -0.039730 1.205000 -0.211528
v -0.045807 1.205000 -0.201001
v -0.055119 1.205000 -0.193187
v -0.066541 1.205000 -0.189030
v -0.078697 1.205000 -0.189030
v -0.090119 1.205000 -0.193187
v -0.099431 1.205000 -0.201001
v -0.105508 1.205000 -0.211528
v -0.107619 1.205000 -0.223498
v -0.105508 1.205000 -0.235469
v -0.099431 1.205000 -0.245996
v -0.090119 1.205000 -0.253809
v -0.078697 1.205000 -0.257967
v -0.066541 1.205000 -0.257967
v -0.055119 1.205000 -0.253809
v -0.045807 1.205000 -0.245996
v -0.039730 1.205000 -0.235469
v -0.040283 1.191606 -0.223498
v -0.042233 1.191606 -0.212439
v -0.047848 1.191606 -0.202713
v -0.056451 1.191606 -0.195495
v -0.067004 1.191606 -0.191654
v -0.078234 1.191606 -0.191654
v -0.088787 1.191606 -0.195495
v -0.097390 1.191606 -0.202713
v -0.103005 1.191606 -0.212439
v -0.104955 1.191606 -0.223498
v -0.103005 1.191606 -0.234558
v -0.097390 1.191606 -0.244283
v -0.088787 1.191606 -0.251502
v -0.078234 1.191606 -0.255343
v -0.067004 1.191606 -0.255343
v -0.056451 1.191606 -0.251502
v -0.047848 1.191606 -0.244283
v -0.042233 1.191606 -0.234558
v -0.047870 1.180251 -0.223498
v -0.049363 1.180251 -0.215034
v -0.053660 1.180251 -0.207590
v -0.060245 1.180251 -0.202065
v -0.068321 1.180251 -0.199126
v -0.076917 1.180251 -0.199126
v -0.084993 1.180251 -0.202065
v -0.091578 1.180251 -0.207590
v -0.095875 1.180251 -0.215034
v -0.097368 1.180251 -0.223498
v -0.095875 1.180251 -0.231963
v -0.091578 1.180251 -0.239406
v -0.084993 1.180251 -0.244931
v -0.076917 1.180251 -0.247871
v -0.068321 1.180251 -0.247871
v -0.060245 1.180251 -0.244931
v -0.053660 1.180251 -0.239406
v -0.049363 1.180251 -0.231963
v -0.059225 1.172664 -0.223498
v -0.060033 1.172664 -0.218917
v -0.062359 1.172664 -0.214889
v -0.065922 1.172664 -0.211899
v -0.070293 1.172664 -0.210308
v -0.074945 1.172664 -0.210308
v -0.079316 1.172664 -0.211899
v -0.082879 1.172664 -0.214889
v -0.085205 1.172664 -0.218917
v -0.086013 1.172664 -0.223498
v -0.085205 1.172664 -0.228079
v -0.082879 1.172664 -0.232108
v -0.079316 1.172664 -0.235098
v -0.074945 1.172664 -0.236689
v -0.070293 1.172664 -0.236689
v -0.065922 1.172664 -0.235098
v -0.062359 1.172664 -0.232108
v -0.060033 1.172664 -0.228079
v -0.072619 1.170000 -0.223498
v -0.072619 1.170000 -0.223498
v -0.072619 1.170000 -0.223498
v -0.072619 1.170000 -0.223498
v -0.072619 1.170000 -0.223498
v -0.072619 1.170000 -0.223498
v -0.072619 1.170000 -0.223498
v -0.072619 1.170000 -0.223498
v -0.072619 1.170000 -0.223498
v -0.072619 1.170000 -0.223498
v -0.072619 1.170000 -0.223498
v -0.072619 1.170000 -0.223498
v -0.072619 1.170000 -0.223498
v -0.072619 1.170000 -0.223498
v -0.072619 1.170000 -0.223498
v -0.072619 1.170000 -0.223498
v -0.072619 1.170000 -0.223498
v -0.072619 1.170000 -0.223498
v 0.102619 1.035000 -0.223498
v 0.100810 1.035000 -0.213238
v 0.095600 1.035000 -0.204215
v 0.087619 1.035000 -0.197518
v 0.077828 1.035000 -0.193954
v 0.067410 1.035000 -0.193954
v 0.057619 1.035000 -0.197518
v 0.049638 1.035000 -0.204215
v 0.044428 1.035000 -0.213238
v 0.042619 1.035000 -0.223498
v 0.044428 1.035000 -0.233759
v 0.049638 1.035000 -0.242782
v 0.057619 1.035000 -0.249479
v 0.067410 1.035000 -0.253043
v 0.077828 1.035000 -0.253043
v 0.087619 1.035000 -0.249479
v 0.095600 1.035000 -0.242782
v 0.100810 1.035000 -0.233759
v 0.072619 1.190000 -0.223498
v 0.072619 1.190000 -0.223498
v 0.072619 1.190000 -0.223498
v 0.072619 1.190000 -0.223498
v 0.072619 1.190000 -0.223498
v 0.072619 1.190000 -0.223498
v 0.072619 1.190000 -0.223498
v 0.072619 1.190000 -0.223498
v 0.072619 1.190000 -0.223498
v 0.072619 1.190000 -0.223498
v 0.072619 1.190000 -0.223498
v 0.072619 1.190000 -0.223498
v 0.072619 1.190000 -0.223498
v 0.072619 1.190000 -0.223498
v 0.072619 1.190000 -0.223498
v 0.072619 1.190000 -0.223498
v 0.072619 1.190000 -0.223498
v 0.072619 1.190000 -0.223498
v 0.072619 1.035000 -0.223498
v 0.102619 1.035000 -0.223498
v 0.100810 1.035000 -0.213238
v 0.095600 1.035000 -0.204215
v 0.087619 1.035000 -0.197518
v 0.077828 1.035000 -0.193954
v 0.067410 1.035000 -0.193954
v 0.057619 1.035000 -0.197518
v 0.049638 1.035000 -0.204215
v 0.044428 1.035000 -0.213238
v 0.042619 1.035000 -0.223498
v 0.044428 1.035000 -0.233759
v 0.049638 1.035000 -0.242782
v 0.057619 1.035000 -0.249479
v 0.067410 1.035000 -0.253043
v 0.077828 1.035000 -0.253043
v 0.087619 1.035000 -0.249479
v 0.095600 1.035000 -0.242782
v 0.100810 1.035000 -0.233759
v 0.072619 1.240000 -0.223498
v 0.072619 1.240000 -0.223498
v 0.072619 1.240000 -0.223498
v 0.072619 1.240000 -0.223498
v 0.072619 1.240000 -0.223498
v 0.072619 1.240000 -0.223498
v 0.072619 1.240000 -0.223498
v 0.072619 1.240000 -0.223498
v 0.072619 1.240000 -0.223498
v 0.072619 1.240000 -0.223498
v 0.072619 1.240000 -0.223498
v 0.072619 1.240000 -0.223498
v 0.072619 1.240000 -0.223498
v 0.072619 1.240000 -0.223498
v 0.072619 1.240000 -0.223498
v 0.072619 1.240000 -0.223498
v 0.072619 1.240000 -0.223498
v 0.072619 1.240000 -0.223498
v 0.086013 1.237336 -0.223498
v 0.085205 1.237336 -0.218917
v 0.082879 1.237336 -0.214889
v 0.079316 1.237336 -0.211899
v 0.074945 1.237336 -0.210308
v 0.070293 1.237336 -0.210308
v 0.065922 1.237336 -0.211899
v 0.062359 1.237336 -0.214889
v 0.060033 1.237336 -0.218917
v 0.059225 1.237336 -0.223498
v 0.060033 1.237336 -0.228079
v 0.062359 1.237336 -0.232108
v 0.065922 1.237336 -0.235098
v 0.070293 1.237336 -0.236689
v 0.074945 1.237336 -0.236689
v 0.079316 1.237336 -0.235098
v 0.082879 1.237336 -0.232108
v 0.085205 1.237336 -0.228079
v 0.097368 1.229749 -0.223498
v 0.095875 1.229749 -0.215034
v 0.091578 1.229749 -0.207590
v 0.084993 1.229749 -0.202065
v 0.076917 1.229749 -0.199126
v 0.068321 1.229749 -0.199126
v 0.060245 1.229749 -0.202065
v 0.053660 1.229749 -0.207590
v 0.049363 1.229749 -0.215034
v 0.047870 1.229749 -0.223498
v 0.049363 1.229749 -0.231963
v 0.053660 1.229749 -0.239406
v 0.060245 1.229749 -0.244931
v 0.068321 1.229749 -0.247871
v 0.076917 1.229749 -0.247871
v 0.084993 1.229749 -0.244931
v 0.091578 1.229749 -0.239406
v 0.095875 1.229749 -0.231963
v 0.104955 1.218394 -0.223498
v 0.103005 1.218394 -0.212439
v 0.097390 1.218394 -0.202713
v 0.088787 1.218394 -0.195495
v 0.078234 1.218394 -0.191654
v 0.067004 1.218394 -0.191654
v 0.056451 1.218394 -0.195495
v 0.047848 1.218394 -0.202713
v 0.042233 1.218394 -0.212439
v 0.040283 1.218394 -0.223498
v 0.042233 1.218394 -0.234558
v 0.047848 1.218394 -0.244283
v 0.056451 1.218394 -0.251502
v 0.067004 1.218394 -0.255343
v 0.078234 1.218394 -0.255343
v 0.088787 1.218394 -0.251502
v 0.097390 1.218394 -0.244283
v 0.103005 1.218394 -0.234558
v 0.107619 1.205000 -0.223498
v 0.105508 1.205000 -0.211528
v 0.099431 1.205000 -0.201001
v 0.090119 1.205000 -0.193187
v 0.078697 1.205000 -0.189030
v 0.066541 1.205000 -0.189030
v 0.055119 1.205000 -0.193187
v 0.045807 1.205000 -0.201001
v 0.039730 1.205000 -0.211528
v 0.037619 1.205000 -0.223498
v 0.039730 1.205000 -0.235469
v 0.045807 1.205000 -0.245996
v 0.055119 1.205000 -0.253809
v 0.066541 1.205000 -0.257967
v 0.078697 1.205000 -0.257967
v 0.090119 1.205000 -0.253809
v 0.099431 1.205000 -0.245996
v 0.105508 1.205000 -0.235469
v 0.104955 1.191606 -0.223498
v 0.103005 1.191606 -0.212439
v 0.097390 1.191606 -0.202713
v 0.088787 1.191606 -0.195495
v 0.078234 1.191606 -0.191654
v 0.067004 1.191606 -0.191654
v 0.056451 1.191606 -0.195495
v 0.047848 1.191606 -0.202713
v 0.042233 1.191606 -0.212439
v 0.040283 1.191606 -0.223498
v 0.042233 1.191606 -0.234558
v 0.047848 1.191606 -0.244283
v 0.056451 1.191606 -0.251502
v 0.067004 1.191606 -0.255343
v 0.078234 1.191606 -0.255343
v 0.088787 1.191606 -0.251502
v 0.097390 1.191606 -0.244283
v 0.103005 1.191606 -0.234558
v 0.097368 1.180251 -0.223498
v 0.095875 1.180251 -0.215034
v 0.091578 1.180251 -0.207590
v 0.084993 1.180251 -0.202065
v 0.076917 1.180251 -0.199126
v 0.068321 1.180251 -0.199126
v 0.060245 1.180251 -0.202065
v 0.053660 1.180251 -0.207590
v 0.049363 1.180251 -0.215034
v 0.047870 1.180251 -0.223498
v 0.049363 1.180251 -0.231963
v 0.053660 1.180251 -0.239406
v 0.060245 1.180251 -0.244931
v 0.068321 1.180251 -0.247871
v 0.076917 1.180251 -0.247871
v 0.084993 1.180251 -0.244931
v 0.091578 1.180251 -0.239406
v 0.095875 1.180251 -0.231963
v 0.086013 1.172664 -0.223498
v 0.085205 1.172664 -0.218917
v 0.082879 1.172664 -0.214889
v 0.079316 1.172664 -0.211899
v 0.074945 1.172664 -0.210308
v 0.070293 1.172664 -0.210308
v 0.065922 1.172664 -0.211899
v 0.062359 1.172664 -0.214889
v 0.060033 1.172664 -0.218917
v 0.059225 1.172664 -0.223498
v 0.060033 1.172664 -0.228079
v 0.062359 1.172664 -0.232108
v 0.065922 1.172664 -0.235098
v 0.070293 1.172664 -0.236689
v 0.074945 1.172664 -0.236689
v 0.079316 1.172664 -0.235098
v 0.082879 1.172664 -0.232108
v 0.085205 1.172664 -0.228079
v 0.072619 1.170000 -0.223498
v 0.072619 1.170000 -0.223498
v 0.072619 1.170000 -0.223498
v 0.072619 1.170000 -0.223498
v 0.072619 1.170000 -0.223498
v 0.072619 1.170000 -0.223498
v 0.072619 1.170000 -0.223498
v 0.072619 1.170000 -0.223498
v 0.072619 1.170000 -0.223498
v 0.072619 1.170000 -0.223498
v 0.072619 1.170000 -0.223498
v 0.072619 1.170000 -0.223498
v 0.072619 1.170000 -0.223498
v 0.072619 1.170000 -0.223498
v 0.072619 1.170000 -0.223498
v 0.072619 1.170000 -0.223498
v 0.072619 1.170000 -0.223498
v 0.072619 1.170000 -0.223498
v 0.220119 1.035000 -0.138130
v 0.218310 1.035000 -0.127869
v 0.213100 1.035000 -0.118846
v 0.205119 1.035000 -0.112149
v 0.195328 1.035000 -0.108585
v 0.184910 1.035000 -0.108585
v 0.175119 1.035000 -0.112149
v 0.167138 1.035000 -0.118846
v 0.161928 1.035000 -0.127869
v 0.160119 1.035000 -0.138130
v 0.161928 1.035000 -0.148390
v 0.167138 1.035000 -0.157413
v 0.175119 1.035000 -0.164110
v 0.184910 1.035000 -0.167674
v 0.195328 1.035000 -0.167674
v 0.205119 1.035000 -0.164110
v 0.213100 1.035000 -0.157413
v 0.218310 1.035000 -0.148390
v 0.190119 1.190000 -0.138130
v 0.190119 1.190000 -0.138130
v 0.190119 1.190000 -0.138130
v 0.190119 1.190000 -0.138130
v 0.190119 1.190000 -0.138130
v 0.190119 1.190000 -0.138130
v 0.190119 1.190000 -0.138130
v 0.190119 1.190000 -0.138130
v 0.190119 1.190000 -0.138130
v 0.190119 1.190000 -0.138130
v 0.190119 1.190000 -0.138130
v 0.190119 1.190000 -0.138130
v 0.190119 1.190000 -0.138130
v 0.190119 1.190000 -0.138130
v 0.190119 1.190000 -0.138130
v 0.190119 1.190000 -0.138130
v 0.190119 1.190000 -0.138130
v 0.190119 1.190000 -0.138130
v 0.190119 1.035000 -0.138130
v 0.220119 1.035000 -0.138130
v 0.218310 1.035000 -0.127869
v 0.213100 1.035000 -0.118846
v 0.205119 1.035000 -0.112149
v 0.195328 1.035000 -0.108585
v 0.184910 1.035000 -0.108585
v 0.175119 1.035000 -0.112149
v 0.167138 1.035000 -0.118846
v 0.161928 1.035000 -0.127869
v 0.160119 1.035000 -0.138130
v 0.161928 1.035000 -0.148390
v 0.167138 1.035000 -0.157413
v 0.175119 1.035000 -0.164110
v 0.184910 1.035000 -0.167674
v 0.195328 1.035000 -0.167674
v 0.205119 1.035000 -0.164110
v 0.213100 1.035000 -0.157413
v 0.218310 1.035000 -0.148390
v 0.190119 1.240000 -0.138130
v 0.190119 1.240000 -0.138130
v 0.190119 1.240000 -0.138130
v 0.190119 1.240000 -0.138130
v 0.190119 1.240000 -0.138130
v 0.190119 1.240000 -0.138130
v 0.190119 1.240000 -0.138130
v 0.190119 1.240000 -0.138130
v 0.190119 1.240000 -0.138130
v 0.190119 1.240000 -0.138130
v 0.190119 1.240000 -0.138130
v 0.190119 1.240000 -0.138130
v 0.190119 1.240000 -0.138130
v 0.190119 1.240000 -0.138130
v 0.190119 1.240000 -0.138130
v 0.190119 1.240000 -0.138130
v 0.190119 1.240000 -0.138130
v 0.190119 1.240000 -0.138130
v 0.203513 1.237336 -0.138130
v 0.202705 1.237336 -0.133549
v 0.200379 1.237336 -0.129520
v 0.196816 1.237336 -0.126530
v 0.192445 1.237336 -0.124939
v 0.187793 1.237336 -0.124939
v 0.183422 1.237336 -0.126530
v 0.179859 1.237336 -0.129520
v 0.177533 1.237336 -0.133549
v 0.176725 1.237336 -0.138130
v 0.177533 1.237336 -0.142711
v 0.179859 1.237336 -0.146739
v 0.183422 1.237336 -0.149729
v 0.187793 1.237336 -0.151320
v 0.192445 1.237336 -0.151320
v 0.196816 1.237336 -0.149729
v 0.200379 1.237336 -0.146739
v 0.202705 1.237336 -0.142711
v 0.214868 1.229749 -0.138130
v 0.213375 1.229749 -0.129665
v 0.209078 1.229749 -0.122221
v 0.202493 1.229749 -0.116696
v 0.194417 1.229749 -0.113757
v 0.185821 1.229749 -0.113757
v 0.177745 1.229749 -0.116696
v 0.171160 1.229749 -0.122221
v 0.166863 1.229749 -0.129665
v 0.165370 1.229749 -0.138130
v 0.166863 1.229749 -0.146594
v 0.171160 1.229749 -0.154038
v 0.177745 1.229749 -0.159563
v 0.185821 1.229749 -0.162502
v 0.194417 1.229749 -0.162502
v 0.202493 1.229749 -0.159563
v 0.209078 1.229749 -0.154038
v 0.213375 1.229749 -0.146594
v 0.222455 1.218394 -0.138130
v 0.220505 1.218394 -0.127070
v 0.214890 1.218394 -0.117344
v 0.206287 1.218394 -0.110126
v 0.195734 1.218394 -0.106285
v 0.184504 1.218394 -0.106285
v 0.173951 1.218394 -0.110126
v 0.165348 1.218394 -0.117344
v 0.159733 1.218394 -0.127070
v 0.157783 1.218394 -0.138130
v 0.159733 1.218394 -0.149189
v 0.165348 1.218394 -0.158915
v 0.173951 1.218394 -0.166133
v 0.184504 1.218394 -0.169974
v 0.195734 1.218394 -0.169974
v 0.206287 1.218394 -0.166133
v 0.214890 1.218394 -0.158915
v 0.220505 1.218394 -0.149189
v 0.225119 1.205000 -0.138130
v 0.223008 1.205000 -0.126159
v 0.216931 1.205000 -0.115632
v 0.207619 1.205000 -0.107819
v 0.196197 1.205000 -0.103661
v 0.184041 1.205000 -0.103661
v 0.172619 1.205000 -0.107819
v 0.163307 1.205000 -0.115632
v 0.157230 1.205000 -0.126159
v 0.155119 1.205000 -0.138130
v 0.157230 1.205000 -0.150100
v 0.163307 1.205000 -0.160627
v 0.172619 1.205000 -0.168440
v 0.184041 1.205000 -0.172598
v 0.196197 1.205000 -0.172598
v 0.207619 1.205000 -0.168440
v 0.216931 1.205000 -0.160627
v 0.223008 1.205000 -0.150100
v 0.222455 1.191606 -0.138130
v 0.220505 1.191606 -0.127070
v 0.214890 1.191606 -0.117344
v 0.206287 1.191606 -0.110126
v 0.195734 1.191606 -0.106285
v 0.184504 1.191606 -0.106285
v 0.173951 1.191606 -0.110126
v 0.165348 1.191606 -0.117344
v 0.159733 1.191606 -0.127070
v 0.157783 1.191606 -0.138130
v 0.159733 1.191606 -0.149189
v 0.165348 1.191606 -0.158915
v 0.173951 1.191606 -0.166133
v 0.184504 1.191606 -0.169974
v 0.195734 1.191606 -0.169974
v 0.206287 1.191606 -0.166133
v 0.214890 1.191606 -0.158915
v 0.220505 1.191606 -0.149189
v 0.214868 1.180251 -0.138130
v 0.213375 1.180251 -0.129665
v 0.209078 1.180251 -0.122221
v 0.202493 1.180251 -0.116696
v 0.194417 1.180251 -0.113757
v 0.185821 1.180251 -0.113757
v 0.177745 1.180251 -0.116696
v 0.171160 1.180251 -0.122221
v 0.166863 1.180251 -0.129665
v 0.165370 1.180251 -0.138130
v 0.166863 1.180251 -0.146594
v 0.171160 1.180251 -0.154038
v 0.177745 1.180251 -0.159563
v 0.185821 1.180251 -0.162502
v 0.194417 1.180251 -0.162502
v 0.202493 1.180251 -0.159563
v 0.209078 1.180251 -0.154038
v 0.213375 1.180251 -0.146594
v 0.203513 1.172664 -0.138130
v 0.202705 1.172664 -0.133549
v 0.200379 1.172664 -0.129520
v 0.196816 1.172664 -0.126530
v 0.192445 1.172664 -0.124939
v 0.187793 1.172664 -0.124939
v 0.183422 1.172664 -0.126530
v 0.179859 1.172664 -0.129520
v 0.177533 1.172664 -0.133549
v 0.176725 1.172664 -0.138130
v 0.177533 1.172664 -0.142711
v 0.179859 1.172664 -0.146739
v 0.183422 1.172664 -0.149729
v 0.187793 1.172664 -0.151320
v 0.192445 1.172664 -0.151320
v 0.196816 1.172664 -0.149729
v 0.200379 1.172664 -0.146739
v 0.202705 1.172664 -0.142711
v 0.190119 1.170000 -0.138130
v 0.190119 1.170000 -0.138130
v 0.190119 1.170000 -0.138130
v 0.190119 1.170000 -0.138130
v 0.190119 1.170000 -0.138130
v 0.190119 1.170000 -0.138130
v 0.190119 1.170000 -0.138130
v 0.190119 1.170000 -0.138130
v 0.190119 1.170000 -0.138130
v 0.190119 1.170000 -0.138130
v 0.190119 1.170000 -0.138130
v 0.190119 1.170000 -0.138130
v 0.190119 1.170000 -0.138130
v 0.190119 1.170000 -0.138130
v 0.190119 1.170000 -0.138130
v 0.190119 1.170000 -0.138130
v 0.190119 1.170000 -0.138130
v 0.190119 1.170000 -0.138130
v 0.045000 1.025000 0.000000
v 0.043467 1.025000 0.011647
v 0.038971 1.025000 0.022500
v 0.031820 1.025000 0.031820
v 0.022500 1.025000 0.038971
v 0.011647 1.025000 0.043467
v 0.000000 1.025000 0.045000
v -0.011647 1.025000 0.043467
v -0.022500 1.025000 0.038971
v -0.031820 1.025000 0.031820
v -0.038971 1.025000 0.022500
v -0.043467 1.025000 0.011647
v -0.045000 1.025000 0.000000
v -0.043467 1.025000 -0.011647
v -0.038971 1.025000 -0.022500
v -0.031820 1.025000 -0.031820
v -0.022500 1.025000 -0.038971
v -0.011647 1.025000 -0.043467
v -0.000000 1.025000 -0.045000
v 0.011647 1.025000 -0.043467
v 0.022500 1.025000 -0.038971
v 0.031820 1.025000 -0.031820
v 0.038971 1.025000 -0.022500
v 0.043467 1.025000 -0.011647
v 0.000000 1.240000 0.000000
v 0.000000 1.240000 0.000000
v 0.000000 1.240000 0.000000
v 0.000000 1.240000 0.000000
v 0.000000 1.240000 0.000000
v 0.000000 1.240000 0.000000
v 0.000000 1.240000 0.000000
v 0.000000 1.240000 0.000000
v 0.000000 1.240000 0.000000
v 0.000000 1.240000 0.000000
v 0.000000 1.240000 0.000000
v 0.000000 1.240000 0.000000
v 0.000000 1.240000 0.000000
v 0.000000 1.240000 0.000000
v 0.000000 1.240000 0.000000
v 0.000000 1.240000 0.000000
v 0.000000 1.240000 0.000000
v 0.000000 1.240000 0.000000
v 0.000000 1.240000 0.000000
v 0.000000 1.240000 0.000000
v 0.000000 1.240000 0.000000
v 0.000000 1.240000 0.000000
v 0.000000 1.240000 0.000000
v 0.000000 1.240000 0.000000
v 0.000000 1.025000 0.000000
v 0.045000 1.025000 0.000000
v 0.043467 1.025000 0.011647
v 0.038971 1.025000 0.022500
v 0.031820 1.025000 0.031820
v 0.022500 1.025000 0.038971
v 0.011647 1.025000 0.043467
v 0.000000 1.025000 0.045000
v -0.011647 1.025000 0.043467
v -0.022500 1.025000 0.038971
v -0.031820 1.025000 0.031820
v -0.038971 1.025000 0.022500
v -0.043467 1.025000 0.011647
v -0.045000 1.025000 0.000000
v -0.043467 1.025000 -0.011647
v -0.038971 1.025000 -0.022500
v -0.031820 1.025000 -0.031820
v -0.022500 1.025000 -0.038971
v -0.011647 1.025000 -0.043467
v -0.000000 1.025000 -0.045000
v 0.011647 1.025000 -0.043467
v 0.022500 1.025000 -0.038971
v 0.031820 1.025000 -0.031820
v 0.038971 1.025000 -0.022500
v 0.043467 1.025000 -0.011647
v 0.000000 1.310000 0.000000
v 0.000000 1.310000 0.000000
v 0.000000 1.310000 0.000000
v 0.000000 1.310000 0.000000
v 0.000000 1.310000 0.000000
v 0.000000 1.310000 0.000000
v 0.000000 1.310000 0.000000
v 0.000000 1.310000 0.000000
v 0.000000 1.310000 0.000000
v 0.000000 1.310000 0.000000
v 0.000000 1.310000 0.000000
v 0.000000 1.310000 0.000000
v 0.000000 1.310000 0.000000
v 0.000000 1.310000 0.000000
v 0.000000 1.310000 0.000000
v 0.000000 1.310000 0.000000
v 0.000000 1.310000 0.000000
v 0.000000 1.310000 0.000000
v 0.000000 1.310000 0.000000
v 0.000000 1.310000 0.000000
v 0.000000 1.310000 0.000000
v 0.000000 1.310000 0.000000
v 0.000000 1.310000 0.000000
v 0.000000 1.310000 0.000000
v 0.013906 1.307798 0.000000
v 0.013432 1.307798 0.003599
v 0.012043 1.307798 0.006953
v 0.009833 1.307798 0.009833
v 0.006953 1.307798 0.012043
v 0.003599 1.307798 0.013432
v 0.000000 1.307798 0.013906
v -0.003599 1.307798 0.013432
v -0.006953 1.307798 0.012043
v -0.009833 1.307798 0.009833
v -0.012043 1.307798 0.006953
v -0.013432 1.307798 0.003599
v -0.013906 1.307798 0.000000
v -0.013432 1.307798 -0.003599
v -0.012043 1.307798 -0.006953
v -0.009833 1.307798 -0.009833
v -0.006953 1.307798 -0.012043
v -0.003599 1.307798 -0.013432
v -0.000000 1.307798 -0.013906
v 0.003599 1.307798 -0.013432
v 0.006953 1.307798 -0.012043
v 0.009833 1.307798 -0.009833
v 0.012043 1.307798 -0.006953
v 0.013432 1.307798 -0.003599
v 0.026450 1.301406 0.000000
v 0.025549 1.301406 0.006846
v 0.022907 1.301406 0.013225
v 0.018703 1.301406 0.018703
v 0.013225 1.301406 0.022907
v 0.006846 1.301406 0.025549
v 0.000000 1.301406 0.026450
v -0.006846 1.301406 0.025549
v -0.013225 1.301406 0.022907
v -0.018703 1.301406 0.018703
v -0.022907 1.301406 0.013225
v -0.025549 1.301406 0.006846
v -0.026450 1.301406 0.000000
v -0.025549 1.301406 -0.006846
v -0.022907 1.301406 -0.013225
v -0.018703 1.301406 -0.018703
v -0.013225 1.301406 -0.022907
v -0.006846 1.301406 -0.025549
v -0.000000 1.301406 -0.026450
v 0.006846 1.301406 -0.025549
v 0.013225 1.301406 -0.022907
v 0.018703 1.301406 -0.018703
v 0.022907 1.301406 -0.013225
v 0.025549 1.301406 -0.006846
v 0.036406 1.291450 0.000000
v 0.035165 1.291450 0.009423
v 0.031528 1.291450 0.018203
v 0.025743 1.291450 0.025743
v 0.018203 1.291450 0.031528
v 0.009423 1.291450 0.035165
v 0.000000 1.291450 0.036406
v -0.009423 1.291450 0.035165
v -0.018203 1.291450 0.031528
v -0.025743 1.291450 0.025743
v -0.031528 1.291450 0.018203
v -0.035165 1.291450 0.009423
v -0.036406 1.291450 0.000000
v -0.035165 1.291450 -0.009423
v -0.031528 1.291450 -0.018203
v -0.025743 1.291450 -0.025743
v -0.018203 1.291450 -0.031528
v -0.009423 1.291450 -0.035165
v -0.000000 1.291450 -0.036406
v 0.009423 1.291450 -0.035165
v 0.018203 1.291450 -0.031528
v 0.025743 1.291450 -0.025743
v 0.031528 1.291450 -0.018203
v 0.035165 1.291450 -0.009423
v 0.042798 1.278906 0.000000
v 0.041339 1.278906 0.011077
v 0.037064 1.278906 0.021399
v 0.030262 1.278906 0.030262
v 0.021399 1.278906 0.037064
v 0.011077 1.278906 0.041339
v 0.000000 1.278906 0.042798
v -0.011077 1.278906 0.041339
v -0.021399 1.278906 0.037064
v -0.030262 1.278906 0.030262
v -0.037064 1.278906 0.021399
v -0.041339 1.278906 0.011077
v -0.042798 1.278906 0.000000
v -0.041339 1.278906 -0.011077
v -0.037064 1.278906 -0.021399
v -0.030262 1.278906 -0.030262
v -0.021399 1.278906 -0.037064
v -0.011077 1.278906 -0.041339
v -0.000000 1.278906 -0.042798
v 0.011077 1.278906 -0.041339
v 0.021399 1.278906 -0.037064
v 0.030262 1.278906 -0.030262
v 0.037064 1.278906 -0.021399
v 0.041339 1.278906 -0.011077
v 0.045000 1.265000 0.000000
v 0.043467 1.265000 0.011647
v 0.038971 1.265000 0.022500
v 0.031820 1.265000 0.031820
v 0.022500 1.265000 0.038971
v 0.011647 1.265000 0.043467
v 0.000000 1.265000 0.045000
v -0.011647 1.265000 0.043467
v -0.022500 1.265000 0.038971
v -0.031820 1.265000 0.031820
v -0.038971 1.265000 0.022500
v -0.043467 1.265000 0.011647
v -0.045000 1.265000 0.000000
v -0.043467 1.265000 -0.011647
v -0.038971 1.265000 -0.022500
v -0.031820 1.265000 -0.031820
v -0.022500 1.265000 -0.038971
v -0.011647 1.265000 -0.043467
v -0.000000 1.265000 -0.045000
v 0.011647 1.265000 -0.043467
v 0.022500 1.265000 -0.038971
v 0.031820 1.265000 -0.031820
v 0.038971 1.265000 -0.022500
v 0.043467 1.265000 -0.011647
v 0.042798 1.251094 0.000000
v 0.041339 1.251094 0.011077
v 0.037064 1.251094 0.021399
v 0.030262 1.251094 0.030262
v 0.021399 1.251094 0.037064
v 0.011077 1.251094 0.041339
v 0.000000 1.251094 0.042798
v -0.011077 1.251094 0.041339
v -0.021399 1.251094 0.037064
v -0.030262 1.251094 0.030262
v -0.037064 1.251094 0.021399
v -0.041339 1.251094 0.011077
v -0.042798 1.251094 0.000000
v -0.041339 1.251094 -0.011077
v -0.037064 1.251094 -0.021399
v -0.030262 1.251094 -0.030262
v -0.021399 1.251094 -0.037064
v -0.011077 1.251094 -0.041339
v -0.000000 1.251094 -0.042798
v 0.011077 1.251094 -0.041339
v 0.021399 1.251094 -0.037064
v 0.030262 1.251094 -0.030262
v 0.037064 1.251094 -0.021399
v 0.041339 1.251094 -0.011077
v 0.036406 1.238550 0.000000
v 0.035165 1.238550 0.009423
v 0.031528 1.238550 0.018203
v 0.025743 1.238550 0.025743
v 0.018203 1.238550 0.031528
v 0.009423 1.238550 0.035165
v 0.000000 1.238550 0.036406
v -0.009423 1.238550 0.035165
v -0.018203 1.238550 0.031528
v -0.025743 1.238550 0.025743
v -0.031528 1.238550 0.018203
v -0.035165 1.238550 0.009423
v -0.036406 1.238550 0.000000
v -0.035165 1.238550 -0.009423
v -0.031528 1.238550 -0.018203
v -0.025743 1.238550 -0.025743
v -0.018203 1.238550 -0.031528
v -0.009423 1.238550 -0.035165
v -0.000000 1.238550 -0.036406
v 0.009423 1.238550 -0.035165
v 0.018203 1.238550 -0.031528
v 0.025743 1.238550 -0.025743
v 0.031528 1.238550 -0.018203
v 0.035165 1.238550 -0.009423
v 0.026450 1.228594 0.000000
v 0.025549 1.228594 0.006846
v 0.022907 1.228594 0.013225
v 0.018703 1.228594 0.018703
v 0.013225 1.228594 0.022907
v 0.006846 1.228594 0.025549
v 0.000000 1.228594 0.026450
v -0.006846 1.228594 0.025549
v -0.013225 1.228594 0.022907
v -0.018703 1.228594 0.018703
v -0.022907 1.228594 0.013225
v -0.025549 1.228594 0.006846
v -0.026450 1.228594 0.000000
v -0.025549 1.228594 -0.006846
v -0.022907 1.228594 -0.013225
v -0.018703 1.228594 -0.018703
v -0.013225 1.228594 -0.022907
v -0.006846 1.228594 -0.025549
v -0.000000 1.228594 -0.026450
v 0.006846 1.228594 -0.025549
v 0.013225 1.228594 -0.022907
v 0.018703 1.228594 -0.018703
v 0.022907 1.228594 -0.013225
v 0.025549 1.228594 -0.006846
v 0.013906 1.222202 0.000000
v 0.013432 1.222202 0.003599
v 0.012043 1.222202 0.006953
v 0.009833 1.222202 0.009833
v 0.006953 1.222202 0.012043
v 0.003599 1.222202 0.013432
v 0.000000 1.222202 0.013906
v -0.003599 1.222202 0.013432
v -0.006953 1.222202 0.012043
v -0.009833 1.222202 0.009833
v -0.012043 1.222202 0.006953
v -0.013432 1.222202 0.003599
v -0.013906 1.222202 0.000000
v -0.013432 1.222202 -0.003599
v -0.012043 1.222202 -0.006953
v -0.009833 1.222202 -0.009833
v -0.006953 1.222202 -0.012043
v -0.003599 1.222202 -0.013432
v -0.000000 1.222202 -0.013906
v 0.003599 1.222202 -0.013432
v 0.006953 1.222202 -0.012043
v 0.009833 1.222202 -0.009833
v 0.012043 1.222202 -0.006953
v 0.013432 1.222202 -0.003599
v 0.000000 1.220000 0.000000
v 0.000000 1.220000 0.000000
v 0.000000 1.220000 0.000000
v 0.000000 1.220000 0.000000
v 0.000000 1.220000 0.000000
v 0.000000 1.220000 0.000000
v 0.000000 1.220000 0.000000
v -0.000000 1.220000 0.000000
v -0.000000 1.220000 0.000000
v -0.000000 1.220000 0.000000
v -0.000000 1.220000 0.000000
v -0.000000 1.220000 0.000000
v -0.000000 1.220000 0.000000
v -0.000000 1.220000 -0.000000
v -0.000000 1.220000 -0.000000
v -0.000000 1.220000 -0.000000
v -0.000000 1.220000 -0.000000
v -0.000000 1.220000 -0.000000
v -0.000000 1.220000 -0.000000
v 0.000000 1.220000 -0.000000
v 0.000000 1.220000 -0.000000
v 0.000000 1.220000 -0.000000
v 0.000000 1.220000 -0.000000
v 0.000000 1.220000 -0.000000
vn 0.961524 -0.274721 0.000000
vn 0.957865 -0.274721 0.083802
vn 0.946916 -0.274721 0.166967
vn 0.928761 -0.274721 0.248861
vn 0.903537 -0.274721 0.328861
vn 0.871437 -0.274721 0.406358
vn 0.832704 -0.274721 0.480762
vn 0.787634 -0.274721 0.551507
vn 0.736570 -0.274721 0.618056
vn 0.679900 -0.274721 0.679900
vn 0.618056 -0.274721 0.736570
vn 0.551507 -0.274721 0.787634
vn 0.480762 -0.274721 0.832704
vn 0.406358 -0.274721 0.871437
vn 0.328861 -0.274721 0.903537
vn 0.248861 -0.274721 0.928761
vn 0.166967 -0.274721 0.946916
vn 0.083802 -0.274721 0.957865
vn 0.000000 -0.274721 0.961524
vn -0.083802 -0.274721 0.957865
vn -0.166967 -0.274721 0.946916
vn -0.248861 -0.274721 0.928761
vn -0.328861 -0.274721 0.903537
vn -0.406358 -0.274721 0.871437
vn -0.480762 -0.274721 0.832704
vn -0.551507 -0.274721 0.787634
vn -0.618056 -0.274721 0.736570
vn -0.679900 -0.274721 0.679900
vn -0.736570 -0.274721 0.618056
vn -0.787634 -0.274721 0.551507
vn -0.832704 -0.274721 0.480762
vn -0.871437 -0.274721 0.406358
vn -0.903537 -0.274721 0.328861
vn -0.928761 -0.274721 0.248861
vn -0.946916 -0.274721 0.166967
vn -0.957865 -0.274721 0.083802
vn -0.961524 -0.274721 0.000000
vn -0.957865 -0.274721 -0.083802
vn -0.946916 -0.274721 -0.166967
vn -0.928761 -0.274721 -0.248861
vn -0.903537 -0.274721 -0.328861
vn -0.871437 -0.274721 -0.406358
vn -0.832704 -0.274721 -0.480762
vn -0.787634 -0.274721 -0.551507
vn -0.736570 -0.274721 -0.618056
vn -0.679900 -0.274721 -0.679900
vn -0.618056 -0.274721 -0.736570
vn -0.551507 -0.274721 -0.787634
vn -0.480762 -0.274721 -0.832704
vn -0.406358 -0.274721 -0.871437
vn -0.328861 -0.274721 -0.903537
vn -0.248861 -0.274721 -0.928761
vn -0.166967 -0.274721 -0.946916
vn -0.083802 -0.274721 -0.957865
vn -0.000000 -0.274721 -0.961524
vn 0.083802 -0.274721 -0.957865
vn 0.166967 -0.274721 -0.946916
vn 0.248861 -0.274721 -0.928761
vn 0.328861 -0.274721 -0.903537
vn 0.406358 -0.274721 -0.871437
vn 0.480762 -0.274721 -0.832704
vn 0.551507 -0.274721 -0.787634
vn 0.618056 -0.274721 -0.736570
vn 0.679900 -0.274721 -0.679900
vn 0.736570 -0.274721 -0.618056
vn 0.787634 -0.274721 -0.551507
vn 0.832704 -0.274721 -0.480762
vn 0.871437 -0.274721 -0.406358
vn 0.903537 -0.274721 -0.328861
vn 0.928761 -0.274721 -0.248861
vn 0.946916 -0.274721 -0.166967
vn 0.957865 -0.274721 -0.083802
vn 0.928477 0.371391 0.000000
vn 0.924944 0.371391 0.080922
vn 0.914371 0.371391 0.161228
vn 0.896840 0.371391 0.240307
vn 0.872483 0.371391 0.317558
vn 0.841486 0.371391 0.392391
vn 0.804084 0.371391 0.464238
vn 0.760564 0.371391 0.532552
vn 0.711254 0.371391 0.596813
vn 0.656532 0.371391 0.656532
vn 0.596813 0.371391 0.711254
vn 0.532552 0.371391 0.760564
vn 0.464238 0.371391 0.804084
vn 0.392391 0.371391 0.841486
vn 0.317558 0.371391 0.872483
vn 0.240307 0.371391 0.896840
vn 0.161228 0.371391 0.914371
vn 0.080922 0.371391 0.924944
vn 0.000000 0.371391 0.928477
vn -0.080922 0.371391 0.924944
vn -0.161228 0.371391 0.914371
vn -0.240307 0.371391 0.896840
vn -0.317558 0.371391 0.872483
vn -0.392391 0.371391 0.841486
vn -0.464238 0.371391 0.804084
vn -0.532552 0.371391 0.760564
vn -0.596813 0.371391 0.711254
vn -0.656532 0.371391 0.656532
vn -0.711254 0.371391 0.596813
vn -0.760564 0.371391 0.532552
vn -0.804084 0.371391 0.464238
vn -0.841486 0.371391 0.392391
vn -0.872483 0.371391 0.317558
vn -0.896840 0.371391 0.240307
vn -0.914371 0.371391 0.161228
vn -0.924944 0.371391 0.080922
vn -0.928477 0.371391 0.000000
vn -0.924944 0.371391 -0.080922
vn -0.914371 0.371391 -0.161228
vn -0.896840 0.371391 -0.240307
vn -0.872483 0.371391 -0.317558
vn -0.841486 0.371391 -0.392391
vn -0.804084 0.371391 -0.464238
vn -0.760564 0.371391 -0.532552
vn -0.711254 0.371391 -0.596813
vn -0.656532 0.371391 -0.656532
vn -0.596813 0.371391 -0.711254
vn -0.532552 0.371391 -0.760564
vn -0.464238 0.371391 -0.804084
vn -0.392391 0.371391 -0.841486
vn -0.317558 0.371391 -0.872483
vn -0.240307 0.371391 -0.896840
vn -0.161228 0.371391 -0.914371
vn -0.080922 0.371391 -0.924944
vn -0.000000 0.371391 -0.928477
vn 0.080922 0.371391 -0.924944
vn 0.161228 0.371391 -0.914371
vn 0.240307 0.371391 -0.896840
vn 0.317558 0.371391 -0.872483
vn 0.392391 0.371391 -0.841486
vn 0.464238 0.371391 -0.804084
vn 0.532552 0.371391 -0.760564
vn 0.596813 0.371391 -0.711254
vn 0.656532 0.371391 -0.656532
vn 0.711254 0.371391 -0.596813
vn 0.760564 0.371391 -0.532552
vn 0.804084 0.371391 -0.464238
vn 0.841486 0.371391 -0.392391
vn 0.872483 0.371391 -0.317558
vn 0.896840 0.371391 -0.240307
vn 0.914371 0.371391 -0.161228
vn 0.924944 0.371391 -0.080922
vn 0.563337 0.826227 0.000000
vn 0.561193 0.826227 0.049098
vn 0.554778 0.826227 0.097822
vn 0.544142 0.826227 0.145802
vn 0.529363 0.826227 0.192673
vn 0.510557 0.826227 0.238076
vn 0.487864 0.826227 0.281668
vn 0.461459 0.826227 0.323117
vn 0.431541 0.826227 0.362106
vn 0.398339 0.826227 0.398339
vn 0.362106 0.826227 0.431541
vn 0.323117 0.826227 0.461459
vn 0.281668 0.826227 0.487864
vn 0.238076 0.826227 0.510557
vn 0.192673 0.826227 0.529363
vn 0.145802 0.826227 0.544142
vn 0.097822 0.826227 0.554778
vn 0.049098 0.826227 0.561193
vn 0.000000 0.826227 0.563337
vn -0.049098 0.826227 0.561193
vn -0.097822 0.826227 0.554778
vn -0.145802 0.826227 0.544142
vn -0.192673 0.826227 0.529363
vn -0.238076 0.826227 0.510557
vn -0.281668 0.826227 0.487864
vn -0.323117 0.826227 0.461459
vn -0.362106 0.826227 0.431541
vn -0.398339 0.826227 0.398339
vn -0.431541 0.826227 0.362106
vn -0.461459 0.826227 0.323117
vn -0.487864 0.826227 0.281668
vn -0.510557 0.826227 0.238076
vn -0.529363 0.826227 0.192673
vn -0.544142 0.826227 0.145802
vn -0.554778 0.826227 0.097822
vn -0.561193 0.826227 0.049098
vn -0.563337 0.826227 0.000000
vn -0.561193 0.826227 -0.049098
vn -0.554778 0.826227 -0.097822
vn -0.544142 0.826227 -0.145802
vn -0.529363 0.826227 -0.192673
vn -0.510557 0.826227 -0.238076
vn -0.487864 0.826227 -0.281668
vn -0.461459 0.826227 -0.323117
vn -0.431541 0.826227 -0.362106
vn -0.398339 0.826227 -0.398339
vn -0.362106 0.826227 -0.431541
vn -0.323117 0.826227 -0.461459
vn -0.281668 0.826227 -0.487864
vn -0.238076 0.826227 -0.510557
vn -0.192673 0.826227 -0.529363
vn -0.145802 0.826227 -0.544142
vn -0.097822 0.826227 -0.554778
vn -0.049098 0.826227 -0.561193
vn -0.000000 0.826227 -0.563337
vn 0.049098 0.826227 -0.561193
vn 0.097822 0.826227 -0.554778
vn 0.145802 0.826227 -0.544142
vn 0.192673 0.826227 -0.529363
vn 0.238076 0.826227 -0.510557
vn 0.281668 0.826227 -0.487864
vn 0.323117 0.826227 -0.461459
vn 0.362106 0.826227 -0.431541
vn 0.398339 0.826227 -0.398339
vn 0.431541 0.826227 -0.362106
vn 0.461459 0.826227 -0.323117
vn 0.487864 0.826227 -0.281668
vn 0.510557 0.826227 -0.238076
vn 0.529363 0.826227 -0.192673
vn 0.544142 0.826227 -0.145802
vn 0.554778 0.826227 -0.097822
vn 0.561193 0.826227 -0.049098
vn 0.824042 0.566529 0.000000
vn 0.820906 0.566529 0.071820
vn 0.811523 0.566529 0.143093
vn 0.795963 0.566529 0.213278
vn 0.774346 0.566529 0.281839
vn 0.746836 0.566529 0.348255
vn 0.713641 0.566529 0.412021
vn 0.675016 0.566529 0.472651
vn 0.631253 0.566529 0.529684
vn 0.582686 0.566529 0.582686
vn 0.529684 0.566529 0.631253
vn 0.472651 0.566529 0.675016
vn 0.412021 0.566529 0.713641
vn 0.348255 0.566529 0.746836
vn 0.281839 0.566529 0.774346
vn 0.213278 0.566529 0.795963
vn 0.143093 0.566529 0.811523
vn 0.071820 0.566529 0.820906
vn 0.000000 0.566529 0.824042
vn -0.071820 0.566529 0.820906
vn -0.143093 0.566529 0.811523
vn -0.213278 0.566529 0.795963
vn -0.281839 0.566529 0.774346
vn -0.348255 0.566529 0.746836
vn -0.412021 0.566529 0.713641
vn -0.472651 0.566529 0.675016
vn -0.529684 0.566529 0.631253
vn -0.582686 0.566529 0.582686
vn -0.631253 0.566529 0.529684
vn -0.675016 0.566529 0.472651
vn -0.713641 0.566529 0.412021
vn -0.746836 0.566529 0.348255
vn -0.774346 0.566529 0.281839
vn -0.795963 0.566529 0.213278
vn -0.811523 0.566529 0.143093
vn -0.820906 0.566529 0.071820
vn -0.824042 0.566529 0.000000
vn -0.820906 0.566529 -0.071820
vn -0.811523 0.566529 -0.143093
vn -0.795963 0.566529 -0.213278
vn -0.774346 0.566529 -0.281839
vn -0.746836 0.566529 -0.348255
vn -0.713641 0.566529 -0.412021
vn -0.675016 0.566529 -0.472651
vn -0.631253 0.566529 -0.529684
vn -0.582686 0.566529 -0.582686
vn -0.529684 0.566529 -0.631253
vn -0.472651 0.566529 -0.675016
vn -0.412021 0.566529 -0.713641
vn -0.348255 0.566529 -0.746836
vn -0.281839 0.566529 -0.774346
vn -0.213278 0.566529 -0.795963
vn -0.143093 0.566529 -0.811523
vn -0.071820 0.566529 -0.820906
vn -0.000000 0.566529 -0.824042
vn 0.071820 0.566529 -0.820906
vn 0.143093 0.566529 -0.811523
vn 0.213278 0.566529 -0.795963
vn 0.281839 0.566529 -0.774346
vn 0.348255 0.566529 -0.746836
vn 0.412021 0.566529 -0.713641
vn 0.472651 0.566529 -0.675016
vn 0.529684 0.566529 -0.631253
vn 0.582686 0.566529 -0.582686
vn 0.631253 0.566529 -0.529684
vn 0.675016 0.566529 -0.472651
vn 0.713641 0.566529 -0.412021
vn 0.746836 0.566529 -0.348255
vn 0.774346 0.566529 -0.281839
vn 0.795963 0.566529 -0.213278
vn 0.811523 0.566529 -0.143093
vn 0.820906 0.566529 -0.071820
vn 0.894427 0.447214 0.000000
vn 0.891024 0.447214 0.077954
vn 0.880839 0.447214 0.155316
vn 0.863950 0.447214 0.231495
vn 0.840487 0.447214 0.305912
vn 0.810626 0.447214 0.378001
vn 0.774597 0.447214 0.447214
vn 0.732672 0.447214 0.513022
vn 0.685171 0.447214 0.574927
vn 0.632456 0.447214 0.632456
vn 0.574927 0.447214 0.685171
vn 0.513022 0.447214 0.732672
vn 0.447214 0.447214 0.774597
vn 0.378001 0.447214 0.810626
vn 0.305912 0.447214 0.840487
vn 0.231495 0.447214 0.863950
vn 0.155316 0.447214 0.880839
vn 0.077954 0.447214 0.891024
vn 0.000000 0.447214 0.894427
vn -0.077954 0.447214 0.891024
vn -0.155316 0.447214 0.880839
vn -0.231495 0.447214 0.863950
vn -0.305912 0.447214 0.840487
vn -0.378001 0.447214 0.810626
vn -0.447214 0.447214 0.774597
vn -0.513022 0.447214 0.732672
vn -0.574927 0.447214 0.685171
vn -0.632456 0.447214 0.632456
vn -0.685171 0.447214 0.574927
vn -0.732672 0.447214 0.513022
vn -0.774597 0.447214 0.447214
vn -0.810626 0.447214 0.378001
vn -0.840487 0.447214 0.305912
vn -0.863950 0.447214 0.231495
vn -0.880839 0.447214 0.155316
vn -0.891024 0.447214 0.077954
vn -0.894427 0.447214 0.000000
vn -0.891024 0.447214 -0.077954
vn -0.880839 0.447214 -0.155316
vn -0.863950 0.447214 -0.231495
vn -0.840487 0.447214 -0.305912
vn -0.810626 0.447214 -0.378001
vn -0.774597 0.447214 -0.447214
vn -0.732672 0.447214 -0.513022
vn -0.685171 0.447214 -0.574927
vn -0.632456 0.447214 -0.632456
vn -0.574927 0.447214 -0.685171
vn -0.513022 0.447214 -0.732672
vn -0.447214 0.447214 -0.774597
vn -0.378001 0.447214 -0.810626
vn -0.305912 0.447214 -0.840487
vn -0.231495 0.447214 -0.863950
vn -0.155316 0.447214 -0.880839
vn -0.077954 0.447214 -0.891024
vn -0.000000 0.447214 -0.894427
vn 0.077954 0.447214 -0.891024
vn 0.155316 0.447214 -0.880839
vn 0.231495 0.447214 -0.863950
vn 0.305912 0.447214 -0.840487
vn 0.378001 0.447214 -0.810626
vn 0.447214 0.447214 -0.774597
vn 0.513022 0.447214 -0.732672
vn 0.574927 0.447214 -0.685171
vn 0.632456 0.447214 -0.632456
vn 0.685171 0.447214 -0.574927
vn 0.732672 0.447214 -0.513022
vn 0.774597 0.447214 -0.447214
vn 0.810626 0.447214 -0.378001
vn 0.840487 0.447214 -0.305912
vn 0.863950 0.447214 -0.231495
vn 0.880839 0.447214 -0.155316
vn 0.891024 0.447214 -0.077954
vn 0.812015 0.583636 0.000000
vn 0.808925 0.583636 0.070772
vn 0.799679 0.583636 0.141005
vn 0.784347 0.583636 0.210165
vn 0.763045 0.583636 0.277726
vn 0.735936 0.583636 0.343173
vn 0.703226 0.583636 0.406008
vn 0.665164 0.583636 0.465753
vn 0.622040 0.583636 0.521953
vn 0.574182 0.583636 0.574182
vn 0.521953 0.583636 0.622040
vn 0.465753 0.583636 0.665164
vn 0.406008 0.583636 0.703226
vn 0.343173 0.583636 0.735936
vn 0.277726 0.583636 0.763045
vn 0.210165 0.583636 0.784347
vn 0.141005 0.583636 0.799679
vn 0.070772 0.583636 0.808925
vn 0.000000 0.583636 0.812015
vn -0.070772 0.583636 0.808925
vn -0.141005 0.583636 0.799679
vn -0.210165 0.583636 0.784347
vn -0.277726 0.583636 0.763045
vn -0.343173 0.583636 0.735936
vn -0.406008 0.583636 0.703226
vn -0.465753 0.583636 0.665164
vn -0.521953 0.583636 0.622040
vn -0.574182 0.583636 0.574182
vn -0.622040 0.583636 0.521953
vn -0.665164 0.583636 0.465753
vn -0.703226 0.583636 0.406008
vn -0.735936 0.583636 0.343173
vn -0.763045 0.583636 0.277726
vn -0.784347 0.583636 0.210165
vn -0.799679 0.583636 0.141005
vn -0.808925 0.583636 0.070772
vn -0.812015 0.583636 0.000000
vn -0.808925 0.583636 -0.070772
vn -0.799679 0.583636 -0.141005
vn -0.784347 0.583636 -0.210165
vn -0.763045 0.583636 -0.277726
vn -0.735936 0.583636 -0.343173
vn -0.703226 0.583636 -0.406008
vn -0.665164 0.583636 -0.465753
vn -0.622040 0.583636 -0.521953
vn -0.574182 0.583636 -0.574182
vn -0.521953 0.583636 -0.622040
vn -0.465753 0.583636 -0.665164
vn -0.406008 0.583636 -0.703226
vn -0.343173 0.583636 -0.735936
vn -0.277726 0.583636 -0.763045
vn -0.210165 0.583636 -0.784347
vn -0.141005 0.583636 -0.799679
vn -0.070772 0.583636 -0.808925
vn -0.000000 0.583636 -0.812015
vn 0.070772 0.583636 -0.808925
vn 0.141005 0.583636 -0.799679
vn 0.210165 0.583636 -0.784347
vn 0.277726 0.583636 -0.763045
vn 0.343173 0.583636 -0.735936
vn 0.406008 0.583636 -0.703226
vn 0.465753 0.583636 -0.665164
vn 0.521953 0.583636 -0.622040
vn 0.574182 0.583636 -0.574182
vn 0.622040 0.583636 -0.521953
vn 0.665164 0.583636 -0.465753
vn 0.703226 0.583636 -0.406008
vn 0.735936 0.583636 -0.343173
vn 0.763045 0.583636 -0.277726
vn 0.784347 0.583636 -0.210165
vn 0.799679 0.583636 -0.141005
vn 0.808925 0.583636 -0.070772
vn 0.970143 0.242536 0.000000
vn 0.966451 0.242536 0.084553
vn 0.955404 0.242536 0.168463
vn 0.937086 0.242536 0.251091
vn 0.911636 0.242536 0.331808
vn 0.879248 0.242536 0.410000
vn 0.840168 0.242536 0.485071
vn 0.794694 0.242536 0.556451
vn 0.743172 0.242536 0.623596
vn 0.685994 0.242536 0.685994
vn 0.623596 0.242536 0.743172
vn 0.556451 0.242536 0.794694
vn 0.485071 0.242536 0.840168
vn 0.410000 0.242536 0.879248
vn 0.331808 0.242536 0.911636
vn 0.251091 0.242536 0.937086
vn 0.168463 0.242536 0.955404
vn 0.084553 0.242536 0.966451
vn 0.000000 0.242536 0.970143
vn -0.084553 0.242536 0.966451
vn -0.168463 0.242536 0.955404
vn -0.251091 0.242536 0.937086
vn -0.331808 0.242536 0.911636
vn -0.410000 0.242536 0.879248
vn -0.485071 0.242536 0.840168
vn -0.556451 0.242536 0.794694
vn -0.623596 0.242536 0.743172
vn -0.685994 0.242536 0.685994
vn -0.743172 0.242536 0.623596
vn -0.794694 0.242536 0.556451
vn -0.840168 0.242536 0.485071
vn -0.879248 0.242536 0.410000
vn -0.911636 0.242536 0.331808
vn -0.937086 0.242536 0.251091
vn -0.955404 0.242536 0.168463
vn -0.966451 0.242536 0.084553
vn -0.970143 0.242536 0.000000
vn -0.966451 0.242536 -0.084553
vn -0.955404 0.242536 -0.168463
vn -0.937086 0.242536 -0.251091
vn -0.911636 0.242536 -0.331808
vn -0.879248 0.242536 -0.410000
vn -0.840168 0.242536 -0.485071
vn -0.794694 0.242536 -0.556451
vn -0.743172 0.242536 -0.623596
vn -0.685994 0.242536 -0.685994
vn -0.623596 0.242536 -0.743172
vn -0.556451 0.242536 -0.794694
vn -0.485071 0.242536 -0.840168
vn -0.410000 0.242536 -0.879248
vn -0.331808 0.242536 -0.911636
vn -0.251091 0.242536 -0.937086
vn -0.168463 0.242536 -0.955404
vn -0.084553 0.242536 -0.966451
vn -0.000000 0.242536 -0.970143
vn 0.084553 0.242536 -0.966451
vn 0.168463 0.242536 -0.955404
vn 0.251091 0.242536 -0.937086
vn 0.331808 0.242536 -0.911636
vn 0.410000 0.242536 -0.879248
vn 0.485071 0.242536 -0.840168
vn 0.556451 0.242536 -0.794694
vn 0.623596 0.242536 -0.743172
vn 0.685994 0.242536 -0.685994
vn 0.743172 0.242536 -0.623596
vn 0.794694 0.242536 -0.556451
vn 0.840168 0.242536 -0.485071
vn 0.879248 0.242536 -0.410000
vn 0.911636 0.242536 -0.331808
vn 0.937086 0.242536 -0.251091
vn 0.955404 0.242536 -0.168463
vn 0.966451 0.242536 -0.084553
vn 0.999935 -0.011363 0.000000
vn 0.996130 -0.011363 0.087150
vn 0.984744 -0.011363 0.173637
vn 0.965863 -0.011363 0.258802
vn 0.939632 -0.011363 0.341998
vn 0.906249 -0.011363 0.422591
vn 0.865969 -0.011363 0.499968
vn 0.819099 -0.011363 0.573539
vn 0.765995 -0.011363 0.642746
vn 0.707061 -0.011363 0.707061
vn 0.642746 -0.011363 0.765995
vn 0.573539 -0.011363 0.819099
vn 0.499968 -0.011363 0.865969
vn 0.422591 -0.011363 0.906249
vn 0.341998 -0.011363 0.939632
vn 0.258802 -0.011363 0.965863
vn 0.173637 -0.011363 0.984744
vn 0.087150 -0.011363 0.996130
vn 0.000000 -0.011363 0.999935
vn -0.087150 -0.011363 0.996130
vn -0.173637 -0.011363 0.984744
vn -0.258802 -0.011363 0.965863
vn -0.341998 -0.011363 0.939632
vn -0.422591 -0.011363 0.906249
vn -0.499968 -0.011363 0.865969
vn -0.573539 -0.011363 0.819099
vn -0.642746 -0.011363 0.765995
vn -0.707061 -0.011363 0.707061
vn -0.765995 -0.011363 0.642746
vn -0.819099 -0.011363 0.573539
vn -0.865969 -0.011363 0.499968
vn -0.906249 -0.011363 0.422591
vn -0.939632 -0.011363 0.341998
vn -0.965863 -0.011363 0.258802
vn -0.984744 -0.011363 0.173637
vn -0.996130 -0.011363 0.087150
vn -0.999935 -0.011363 0.000000
vn -0.996130 -0.011363 -0.087150
vn -0.984744 -0.011363 -0.173637
vn -0.965863 -0.011363 -0.258802
vn -0.939632 -0.011363 -0.341998
vn -0.906249 -0.011363 -0.422591
vn -0.865969 -0.011363 -0.499968
vn -0.819099 -0.011363 -0.573539
vn -0.765995 -0.011363 -0.642746
vn -0.707061 -0.011363 -0.707061
vn -0.642746 -0.011363 -0.765995
vn -0.573539 -0.011363 -0.819099
vn -0.499968 -0.011363 -0.865969
vn -0.422591 -0.011363 -0.906249
vn -0.341998 -0.011363 -0.939632
vn -0.258802 -0.011363 -0.965863
vn -0.173637 -0.011363 -0.984744
vn -0.087150 -0.011363 -0.996130
vn -0.000000 -0.011363 -0.999935
vn 0.087150 -0.011363 -0.996130
vn 0.173637 -0.011363 -0.984744
vn 0.258802 -0.011363 -0.965863
vn 0.341998 -0.011363 -0.939632
vn 0.422591 -0.011363 -0.906249
vn 0.499968 -0.011363 -0.865969
vn 0.573539 -0.011363 -0.819099
vn 0.642746 -0.011363 -0.765995
vn 0.707061 -0.011363 -0.707061
vn 0.765995 -0.011363 -0.642746
vn 0.819099 -0.011363 -0.573539
vn 0.865969 -0.011363 -0.499968
vn 0.906249 -0.011363 -0.422591
vn 0.939632 -0.011363 -0.341998
vn 0.965863 -0.011363 -0.258802
vn 0.984744 -0.011363 -0.173637
vn 0.996130 -0.011363 -0.087150
vn 0.935697 -0.352804 0.000000
vn 0.932137 -0.352804 0.081551
vn 0.921482 -0.352804 0.162482
vn 0.903814 -0.352804 0.242176
vn 0.879268 -0.352804 0.320027
vn 0.848030 -0.352804 0.395443
vn 0.810338 -0.352804 0.467849
vn 0.766478 -0.352804 0.536694
vn 0.716786 -0.352804 0.601455
vn 0.661638 -0.352804 0.661638
vn 0.601455 -0.352804 0.716786
vn 0.536694 -0.352804 0.766478
vn 0.467849 -0.352804 0.810338
vn 0.395443 -0.352804 0.848030
vn 0.320027 -0.352804 0.879268
vn 0.242176 -0.352804 0.903814
vn 0.162482 -0.352804 0.921482
vn 0.081551 -0.352804 0.932137
vn 0.000000 -0.352804 0.935697
vn -0.081551 -0.352804 0.932137
vn -0.162482 -0.352804 0.921482
vn -0.242176 -0.352804 0.903814
vn -0.320027 -0.352804 0.879268
vn -0.395443 -0.352804 0.848030
vn -0.467849 -0.352804 0.810338
vn -0.536694 -0.352804 0.766478
vn -0.601455 -0.352804 0.716786
vn -0.661638 -0.352804 0.661638
vn -0.716786 -0.352804 0.601455
vn -0.766478 -0.352804 0.536694
vn -0.810338 -0.352804 0.467849
vn -0.848030 -0.352804 0.395443
vn -0.879268 -0.352804 0.320027
vn -0.903814 -0.352804 0.242176
vn -0.921482 -0.352804 0.162482
vn -0.932137 -0.352804 0.081551
vn -0.935697 -0.352804 0.000000
vn -0.932137 -0.352804 -0.081551
vn -0.921482 -0.352804 -0.162482
vn -0.903814 -0.352804 -0.242176
vn -0.879268 -0.352804 -0.320027
vn -0.848030 -0.352804 -0.395443
vn -0.810338 -0.352804 -0.467849
vn -0.766478 -0.352804 -0.536694
vn -0.716786 -0.352804 -0.601455
vn -0.661638 -0.352804 -0.661638
vn -0.601455 -0.352804 -0.716786
vn -0.536694 -0.352804 -0.766478
vn -0.467849 -0.352804 -0.810338
vn -0.395443 -0.352804 -0.848030
vn -0.320027 -0.352804 -0.879268
vn -0.242176 -0.352804 -0.903814
vn -0.162482 -0.352804 -0.921482
vn -0.081551 -0.352804 -0.932137
vn -0.000000 -0.352804 -0.935697
vn 0.081551 -0.352804 -0.932137
vn 0.162482 -0.352804 -0.921482
vn 0.242176 -0.352804 -0.903814
vn 0.320027 -0.352804 -0.879268
vn 0.395443 -0.352804 -0.848030
vn 0.467849 -0.352804 -0.810338
vn 0.536694 -0.352804 -0.766478
vn 0.601455 -0.352804 -0.716786
vn 0.661638 -0.352804 -0.661638
vn 0.716786 -0.352804 -0.601455
vn 0.766478 -0.352804 -0.536694
vn 0.810338 -0.352804 -0.467849
vn 0.848030 -0.352804 -0.395443
vn 0.879268 -0.352804 -0.320027
vn 0.903814 -0.352804 -0.242176
vn 0.921482 -0.352804 -0.162482
vn 0.932137 -0.352804 -0.081551
vn 0.993151 -0.116841 0.000000
vn 0.989371 -0.116841 0.086559
vn 0.978062 -0.116841 0.172459
vn 0.959310 -0.116841 0.257046
vn 0.933256 -0.116841 0.339678
vn 0.900100 -0.116841 0.419724
vn 0.860094 -0.116841 0.496575
vn 0.813541 -0.116841 0.569648
vn 0.760798 -0.116841 0.638385
vn 0.702264 -0.116841 0.702264
vn 0.638385 -0.116841 0.760798
vn 0.569648 -0.116841 0.813541
vn 0.496575 -0.116841 0.860094
vn 0.419724 -0.116841 0.900100
vn 0.339678 -0.116841 0.933256
vn 0.257046 -0.116841 0.959310
vn 0.172459 -0.116841 0.978062
vn 0.086559 -0.116841 0.989371
vn 0.000000 -0.116841 0.993151
vn -0.086559 -0.116841 0.989371
vn -0.172459 -0.116841 0.978062
vn -0.257046 -0.116841 0.959310
vn -0.339678 -0.116841 0.933256
vn -0.419724 -0.116841 0.900100
vn -0.496575 -0.116841 0.860094
vn -0.569648 -0.116841 0.813541
vn -0.638385 -0.116841 0.760798
vn -0.702264 -0.116841 0.702264
vn -0.760798 -0.116841 0.638385
vn -0.813541 -0.116841 0.569648
vn -0.860094 -0.116841 0.496575
vn -0.900100 -0.116841 0.419724
vn -0.933256 -0.116841 0.339678
vn -0.959310 -0.116841 0.257046
vn -0.978062 -0.116841 0.172459
vn -0.989371 -0.116841 0.086559
vn -0.993151 -0.116841 0.000000
vn -0.989371 -0.116841 -0.086559
vn -0.978062 -0.116841 -0.172459
vn -0.959310 -0.116841 -0.257046
vn -0.933256 -0.116841 -0.339678
vn -0.900100 -0.116841 -0.419724
vn -0.860094 -0.116841 -0.496575
vn -0.813541 -0.116841 -0.569648
vn -0.760798 -0.116841 -0.638385
vn -0.702264 -0.116841 -0.702264
vn -0.638385 -0.116841 -0.760798
vn -0.569648 -0.116841 -0.813541
vn -0.496575 -0.116841 -0.860094
vn -0.419724 -0.116841 -0.900100
vn -0.339678 -0.116841 -0.933256
vn -0.257046 -0.116841 -0.959310
vn -0.172459 -0.116841 -0.978062
vn -0.086559 -0.116841 -0.989371
vn -0.000000 -0.116841 -0.993151
vn 0.086559 -0.116841 -0.989371
vn 0.172459 -0.116841 -0.978062
vn 0.257046 -0.116841 -0.959310
vn 0.339678 -0.116841 -0.933256
vn 0.419724 -0.116841 -0.900100
vn 0.496575 -0.116841 -0.860094
vn 0.569648 -0.116841 -0.813541
vn 0.638385 -0.116841 -0.760798
vn 0.702264 -0.116841 -0.702264
vn 0.760798 -0.116841 -0.638385
vn 0.813541 -0.116841 -0.569648
vn 0.860094 -0.116841 -0.496575
vn 0.900100 -0.116841 -0.419724
vn 0.933256 -0.116841 -0.339678
vn 0.959310 -0.116841 -0.257046
vn 0.978062 -0.116841 -0.172459
vn 0.989371 -0.116841 -0.086559
vn 0.741536 0.670913 0.000000
vn 0.738714 0.670913 0.064629
vn 0.730270 0.670913 0.128766
vn 0.716269 0.670913 0.191924
vn 0.696816 0.670913 0.253620
vn 0.672060 0.670913 0.313387
vn 0.642189 0.670913 0.370768
vn 0.607431 0.670913 0.425327
vn 0.568049 0.670913 0.476650
vn 0.524345 0.670913 0.524345
vn 0.476650 0.670913 0.568049
vn 0.425327 0.670913 0.607431
vn 0.370768 0.670913 0.642189
vn 0.313387 0.670913 0.672060
vn 0.253620 0.670913 0.696816
vn 0.191924 0.670913 0.716269
vn 0.128766 0.670913 0.730270
vn 0.064629 0.670913 0.738714
vn 0.000000 0.670913 0.741536
vn -0.064629 0.670913 0.738714
vn -0.128766 0.670913 0.730270
vn -0.191924 0.670913 0.716269
vn -0.253620 0.670913 0.696816
vn -0.313387 0.670913 0.672060
vn -0.370768 0.670913 0.642189
vn -0.425327 0.670913 0.607431
vn -0.476650 0.670913 0.568049
vn -0.524345 0.670913 0.524345
vn -0.568049 0.670913 0.476650
vn -0.607431 0.670913 0.425327
vn -0.642189 0.670913 0.370768
vn -0.672060 0.670913 0.313387
vn -0.696816 0.670913 0.253620
vn -0.716269 0.670913 0.191924
vn -0.730270 0.670913 0.128766
vn -0.738714 0.670913 0.064629
vn -0.741536 0.670913 0.000000
vn -0.738714 0.670913 -0.064629
vn -0.730270 0.670913 -0.128766
vn -0.716269 0.670913 -0.191924
vn -0.696816 0.670913 -0.253620
vn -0.672060 0.670913 -0.313387
vn -0.642189 0.670913 -0.370768
vn -0.607431 0.670913 -0.425327
vn -0.568049 0.670913 -0.476650
vn -0.524345 0.670913 -0.524345
vn -0.476650 0.670913 -0.568049
vn -0.425327 0.670913 -0.607431
vn -0.370768 0.670913 -0.642189
vn -0.313387 0.670913 -0.672060
vn -0.253620 0.670913 -0.696816
vn -0.191924 0.670913 -0.716269
vn -0.128766 0.670913 -0.730270
vn -0.064629 0.670913 -0.738714
vn -0.000000 0.670913 -0.741536
vn 0.064629 0.670913 -0.738714
vn 0.128766 0.670913 -0.730270
vn 0.191924 0.670913 -0.716269
vn 0.253620 0.670913 -0.696816
vn 0.313387 0.670913 -0.672060
vn 0.370768 0.670913 -0.642189
vn 0.425327 0.670913 -0.607431
vn 0.476650 0.670913 -0.568049
vn 0.524345 0.670913 -0.524345
vn 0.568049 0.670913 -0.476650
vn 0.607431 0.670913 -0.425327
vn 0.642189 0.670913 -0.370768
vn 0.672060 0.670913 -0.313387
vn 0.696816 0.670913 -0.253620
vn 0.716269 0.670913 -0.191924
vn 0.730270 0.670913 -0.128766
vn 0.738714 0.670913 -0.064629
vn 0.992278 0.124035 0.000000
vn 0.988502 0.124035 0.086483
vn 0.977203 0.124035 0.172307
vn 0.958467 0.124035 0.256820
vn 0.932436 0.124035 0.339379
vn 0.899309 0.124035 0.419355
vn 0.859338 0.124035 0.496139
vn 0.812826 0.124035 0.569147
vn 0.760129 0.124035 0.637824
vn 0.701646 0.124035 0.701646
vn 0.637824 0.124035 0.760129
vn 0.569147 0.124035 0.812826
vn 0.496139 0.124035 0.859338
vn 0.419355 0.124035 0.899309
vn 0.339379 0.124035 0.932436
vn 0.256820 0.124035 0.958467
vn 0.172307 0.124035 0.977203
vn 0.086483 0.124035 0.988502
vn 0.000000 0.124035 0.992278
vn -0.086483 0.124035 0.988502
vn -0.172307 0.124035 0.977203
vn -0.256820 0.124035 0.958467
vn -0.339379 0.124035 0.932436
vn -0.419355 0.124035 0.899309
vn -0.496139 0.124035 0.859338
vn -0.569147 0.124035 0.812826
vn -0.637824 0.124035 0.760129
vn -0.701646 0.124035 0.701646
vn -0.760129 0.124035 0.637824
vn -0.812826 0.124035 0.569147
vn -0.859338 0.124035 0.496139
vn -0.899309 0.124035 0.419355
vn -0.932436 0.124035 0.339379
vn -0.958467 0.124035 0.256820
vn -0.977203 0.124035 0.172307
vn -0.988502 0.124035 0.086483
vn -0.992278 0.124035 0.000000
vn -0.988502 0.124035 -0.086483
vn -0.977203 0.124035 -0.172307
vn -0.958467 0.124035 -0.256820
vn -0.932436 0.124035 -0.339379
vn -0.899309 0.124035 -0.419355
vn -0.859338 0.124035 -0.496139
vn -0.812826 0.124035 -0.569147
vn -0.760129 0.124035 -0.637824
vn -0.701646 0.124035 -0.701646
vn -0.637824 0.124035 -0.760129
vn -0.569147 0.124035 -0.812826
vn -0.496139 0.124035 -0.859338
vn -0.419355 0.124035 -0.899309
vn -0.339379 0.124035 -0.932436
vn -0.256820 0.124035 -0.958467
vn -0.172307 0.124035 -0.977203
vn -0.086483 0.124035 -0.988502
vn -0.000000 0.124035 -0.992278
vn 0.086483 0.124035 -0.988502
vn 0.172307 0.124035 -0.977203
vn 0.256820 0.124035 -0.958467
vn 0.339379 0.124035 -0.932436
vn 0.419355 0.124035 -0.899309
vn 0.496139 0.124035 -0.859338
vn 0.569147 0.124035 -0.812826
vn 0.637824 0.124035 -0.760129
vn 0.701646 0.124035 -0.701646
vn 0.760129 0.124035 -0.637824
vn 0.812826 0.124035 -0.569147
vn 0.859338 0.124035 -0.496139
vn 0.899309 0.124035 -0.419355
vn 0.932436 0.124035 -0.339379
vn 0.958467 0.124035 -0.256820
vn 0.977203 0.124035 -0.172307
vn 0.988502 0.124035 -0.086483
vn 0.928477 -0.371391 0.000000
vn 0.924944 -0.371391 0.080922
vn 0.914371 -0.371391 0.161228
vn 0.896840 -0.371391 0.240307
vn 0.872483 -0.371391 0.317558
vn 0.841486 -0.371391 0.392391
vn 0.804084 -0.371391 0.464238
vn 0.760564 -0.371391 0.532552
vn 0.711254 -0.371391 0.596813
vn 0.656532 -0.371391 0.656532
vn 0.596813 -0.371391 0.711254
vn 0.532552 -0.371391 0.760564
vn 0.464238 -0.371391 0.804084
vn 0.392391 -0.371391 0.841486
vn 0.317558 -0.371391 0.872483
vn 0.240307 -0.371391 0.896840
vn 0.161228 -0.371391 0.914371
vn 0.080922 -0.371391 0.924944
vn 0.000000 -0.371391 0.928477
vn -0.080922 -0.371391 0.924944
vn -0.161228 -0.371391 0.914371
vn -0.240307 -0.371391 0.896840
vn -0.317558 -0.371391 0.872483
vn -0.392391 -0.371391 0.841486
vn -0.464238 -0.371391 0.804084
vn -0.532552 -0.371391 0.760564
vn -0.596813 -0.371391 0.711254
vn -0.656532 -0.371391 0.656532
vn -0.711254 -0.371391 0.596813
vn -0.760564 -0.371391 0.532552
vn -0.804084 -0.371391 0.464238
vn -0.841486 -0.371391 0.392391
vn -0.872483 -0.371391 0.317558
vn -0.896840 -0.371391 0.240307
vn -0.914371 -0.371391 0.161228
vn -0.924944 -0.371391 0.080922
vn -0.928477 -0.371391 0.000000
vn -0.924944 -0.371391 -0.080922
vn -0.914371 -0.371391 -0.161228
vn -0.896840 -0.371391 -0.240307
vn -0.872483 -0.371391 -0.317558
vn -0.841486 -0.371391 -0.392391
vn -0.804084 -0.371391 -0.464238
vn -0.760564 -0.371391 -0.532552
vn -0.711254 -0.371391 -0.596813
vn -0.656532 -0.371391 -0.656532
vn -0.596813 -0.371391 -0.711254
vn -0.532552 -0.371391 -0.760564
vn -0.464238 -0.371391 -0.804084
vn -0.392391 -0.371391 -0.841486
vn -0.317558 -0.371391 -0.872483
vn -0.240307 -0.371391 -0.896840
vn -0.161228 -0.371391 -0.914371
vn -0.080922 -0.371391 -0.924944
vn -0.000000 -0.371391 -0.928477
vn 0.080922 -0.371391 -0.924944
vn 0.161228 -0.371391 -0.914371
vn 0.240307 -0.371391 -0.896840
vn 0.317558 -0.371391 -0.872483
vn 0.392391 -0.371391 -0.841486
vn 0.464238 -0.371391 -0.804084
vn 0.532552 -0.371391 -0.760564
vn 0.596813 -0.371391 -0.711254
vn 0.656532 -0.371391 -0.656532
vn 0.711254 -0.371391 -0.596813
vn 0.760564 -0.371391 -0.532552
vn 0.804084 -0.371391 -0.464238
vn 0.841486 -0.371391 -0.392391
vn 0.872483 -0.371391 -0.317558
vn 0.896840 -0.371391 -0.240307
vn 0.914371 -0.371391 -0.161228
vn 0.924944 -0.371391 -0.080922
vn 1.000000 -0.000000 0.000000
vn 0.996195 -0.000000 0.087156
vn 0.984808 -0.000000 0.173648
vn 0.965926 -0.000000 0.258819
vn 0.939693 -0.000000 0.342020
vn 0.906308 -0.000000 0.422618
vn 0.866025 -0.000000 0.500000
vn 0.819152 -0.000000 0.573576
vn 0.766044 -0.000000 0.642788
vn 0.707107 -0.000000 0.707107
vn 0.642788 -0.000000 0.766044
vn 0.573576 -0.000000 0.819152
vn 0.500000 -0.000000 0.866025
vn 0.422618 -0.000000 0.906308
vn 0.342020 -0.000000 0.939693
vn 0.258819 -0.000000 0.965926
vn 0.173648 -0.000000 0.984808
vn 0.087156 -0.000000 0.996195
vn 0.000000 -0.000000 1.000000
vn -0.087156 -0.000000 0.996195
vn -0.173648 -0.000000 0.984808
vn -0.258819 -0.000000 0.965926
vn -0.342020 -0.000000 0.939693
vn -0.422618 -0.000000 0.906308
vn -0.500000 -0.000000 0.866025
vn -0.573576 -0.000000 0.819152
vn -0.642788 -0.000000 0.766044
vn -0.707107 -0.000000 0.707107
vn -0.766044 -0.000000 0.642788
vn -0.819152 -0.000000 0.573576
vn -0.866025 -0.000000 0.500000
vn -0.906308 -0.000000 0.422618
vn -0.939693 -0.000000 0.342020
vn -0.965926 -0.000000 0.258819
vn -0.984808 -0.000000 0.173648
vn -0.996195 -0.000000 0.087156
vn -1.000000 -0.000000 0.000000
vn -0.996195 -0.000000 -0.087156
vn -0.984808 -0.000000 -0.173648
vn -0.965926 -0.000000 -0.258819
vn -0.939693 -0.000000 -0.342020
vn -0.906308 -0.000000 -0.422618
vn -0.866025 -0.000000 -0.500000
vn -0.819152 -0.000000 -0.573576
vn -0.766044 -0.000000 -0.642788
vn -0.707107 -0.000000 -0.707107
vn -0.642788 -0.000000 -0.766044
vn -0.573576 -0.000000 -0.819152
vn -0.500000 -0.000000 -0.866025
vn -0.422618 -0.000000 -0.906308
vn -0.342020 -0.000000 -0.939693
vn -0.258819 -0.000000 -0.965926
vn -0.173648 -0.000000 -0.984808
vn -0.087156 -0.000000 -0.996195
vn -0.000000 -0.000000 -1.000000
vn 0.087156 -0.000000 -0.996195
vn 0.173648 -0.000000 -0.984808
vn 0.258819 -0.000000 -0.965926
vn 0.342020 -0.000000 -0.939693
vn 0.422618 -0.000000 -0.906308
vn 0.500000 -0.000000 -0.866025
vn 0.573576 -0.000000 -0.819152
vn 0.642788 -0.000000 -0.766044
vn 0.707107 -0.000000 -0.707107
vn 0.766044 -0.000000 -0.642788
vn 0.819152 -0.000000 -0.573576
vn 0.866025 -0.000000 -0.500000
vn 0.906308 -0.000000 -0.422618
vn 0.939693 -0.000000 -0.342020
vn 0.965926 -0.000000 -0.258819
vn 0.984808 -0.000000 -0.173648
vn 0.996195 -0.000000 -0.087156
vn 0.000000 -1.000000 0.000000
vn 0.000000 -1.000000 0.000000
vn 0.000000 -1.000000 0.000000
vn 0.000000 -1.000000 0.000000
vn 0.000000 -1.000000 0.000000
vn 0.000000 -1.000000 0.000000
vn 0.000000 -1.000000 0.000000
vn 0.000000 -1.000000 0.000000
vn 0.000000 -1.000000 0.000000
vn 0.000000 -1.000000 0.000000
vn 0.000000 -1.000000 0.000000
vn 0.000000 -1.000000 0.000000
vn 0.000000 -1.000000 0.000000
vn 0.000000 -1.000000 0.000000
vn 0.000000 -1.000000 0.000000
vn 0.000000 -1.000000 0.000000
vn 0.000000 -1.000000 0.000000
vn 0.000000 -1.000000 0.000000
vn 0.000000 -1.000000 0.000000
vn 0.000000 -1.000000 0.000000
vn 0.000000 -1.000000 0.000000
vn 0.000000 -1.000000 0.000000
vn 0.000000 -1.000000 0.000000
vn 0.000000 -1.000000 0.000000
vn 0.000000 -1.000000 0.000000
vn 0.000000 -1.000000 0.000000
vn 0.000000 -1.000000 0.000000
vn 0.000000 -1.000000 0.000000
vn 0.000000 -1.000000 0.000000
vn 0.000000 -1.000000 0.000000
vn 0.000000 -1.000000 0.000000
vn 0.000000 -1.000000 0.000000
vn 0.000000 -1.000000 0.000000
vn 0.000000 -1.000000 0.000000
vn 0.000000 -1.000000 0.000000
vn 0.000000 -1.000000 0.000000
vn 0.000000 -1.000000 0.000000
vn 0.000000 -1.000000 0.000000
vn 0.000000 -1.000000 0.000000
vn 0.000000 -1.000000 0.000000
vn 0.000000 -1.000000 0.000000
vn 0.000000 -1.000000 0.000000
vn 0.000000 -1.000000 0.000000
vn 0.000000 -1.000000 0.000000
vn 0.000000 -1.000000 0.000000
vn 0.000000 -1.000000 0.000000
vn 0.000000 -1.000000 0.000000
vn 0.000000 -1.000000 0.000000
vn 0.000000 -1.000000 0.000000
vn 0.000000 -1.000000 0.000000
vn 0.000000 -1.000000 0.000000
vn 0.000000 -1.000000 0.000000
vn 0.000000 -1.000000 0.000000
vn 0.000000 -1.000000 0.000000
vn 0.000000 -1.000000 0.000000
vn 0.000000 -1.000000 0.000000
vn 0.000000 -1.000000 0.000000
vn 0.000000 -1.000000 0.000000
vn 0.000000 -1.000000 0.000000
vn 0.000000 -1.000000 0.000000
vn 0.000000 -1.000000 0.000000
vn 0.000000 -1.000000 0.000000
vn 0.000000 -1.000000 0.000000
vn 0.000000 -1.000000 0.000000
vn 0.000000 -1.000000 0.000000
vn 0.000000 -1.000000 0.000000
vn 0.000000 -1.000000 0.000000
vn 0.000000 -1.000000 0.000000
vn 0.000000 -1.000000 0.000000
vn 0.000000 -1.000000 0.000000
vn 0.000000 -1.000000 0.000000
vn 0.000000 -1.000000 0.000000
vn 0.000000 -1.000000 0.000000
vn 0.000000 1.000000 0.000000
vn 0.000000 1.000000 0.000000
vn 0.000000 1.000000 0.000000
vn 0.000000 1.000000 0.000000
vn 0.000000 1.000000 0.000000
vn 0.000000 1.000000 0.000000
vn 0.000000 1.000000 0.000000
vn 0.000000 1.000000 0.000000
vn 0.000000 1.000000 0.000000
vn 0.000000 1.000000 0.000000
vn 0.000000 1.000000 0.000000
vn 0.000000 1.000000 0.000000
vn 0.000000 1.000000 0.000000
vn 0.000000 1.000000 0.000000
vn 0.000000 1.000000 0.000000
vn 0.000000 1.000000 0.000000
vn 0.000000 1.000000 0.000000
vn 0.000000 1.000000 0.000000
vn 0.000000 1.000000 0.000000
vn 0.000000 1.000000 0.000000
vn 0.000000 1.000000 0.000000
vn 0.000000 1.000000 0.000000
vn 0.000000 1.000000 0.000000
vn 0.000000 1.000000 0.000000
vn 0.000000 1.000000 0.000000
vn 0.000000 1.000000 0.000000
vn 0.000000 1.000000 0.000000
vn 0.000000 1.000000 0.000000
vn 0.000000 1.000000 0.000000
vn 0.000000 1.000000 0.000000
vn 0.000000 1.000000 0.000000
vn 0.000000 1.000000 0.000000
vn 0.000000 1.000000 0.000000
vn 0.000000 1.000000 0.000000
vn 0.000000 1.000000 0.000000
vn 0.000000 1.000000 0.000000
vn 0.000000 1.000000 0.000000
vn 0.000000 1.000000 0.000000
vn 0.000000 1.000000 0.000000
vn 0.000000 1.000000 0.000000
vn 0.000000 1.000000 0.000000
vn 0.000000 1.000000 0.000000
vn 0.000000 1.000000 0.000000
vn 0.000000 1.000000 0.000000
vn 0.000000 1.000000 0.000000
vn 0.000000 1.000000 0.000000
vn 0.000000 1.000000 0.000000
vn 0.000000 1.000000 0.000000
vn 0.000000 1.000000 0.000000
vn 0.000000 1.000000 0.000000
vn 0.000000 1.000000 0.000000
vn 0.000000 1.000000 0.000000
vn 0.000000 1.000000 0.000000
vn 0.000000 1.000000 0.000000
vn 0.000000 1.000000 0.000000
vn 0.000000 1.000000 0.000000
vn 0.000000 1.000000 0.000000
vn 0.000000 1.000000 0.000000
vn 0.000000 1.000000 0.000000
vn 0.000000 1.000000 0.000000
vn 0.000000 1.000000 0.000000
vn 0.000000 1.000000 0.000000
vn 0.000000 1.000000 0.000000
vn 0.000000 1.000000 0.000000
vn 0.000000 1.000000 0.000000
vn 0.000000 1.000000 0.000000
vn 0.000000 1.000000 0.000000
vn 0.000000 1.000000 0.000000
vn 0.000000 1.000000 0.000000
vn 0.000000 1.000000 0.000000
vn 0.000000 1.000000 0.000000
vn 0.000000 1.000000 0.000000
vn 0.000000 1.000000 0.000000
vn 0.981780 0.190022 0.000000
vn 0.922571 0.190022 0.335788
vn 0.752087 0.190022 0.631076
vn 0.490890 0.190022 0.850246
vn 0.170484 0.190022 0.966864
vn -0.170484 0.190022 0.966864
vn -0.490890 0.190022 0.850246
vn -0.752087 0.190022 0.631076
vn -0.922571 0.190022 0.335788
vn -0.981780 0.190022 0.000000
vn -0.922571 0.190022 -0.335788
vn -0.752087 0.190022 -0.631076
vn -0.490890 0.190022 -0.850246
vn -0.170484 0.190022 -0.966864
vn 0.170484 0.190022 -0.966864
vn 0.490890 0.190022 -0.850246
vn 0.752087 0.190022 -0.631076
vn 0.922571 0.190022 -0.335788
vn 0.966864 0.190022 0.170484
vn 0.850246 0.190022 0.490890
vn 0.631076 0.190022 0.752087
vn 0.335788 0.190022 0.922571
vn 0.000000 0.190022 0.981780
vn -0.335788 0.190022 0.922571
vn -0.631076 0.190022 0.752087
vn -0.850246 0.190022 0.490890
vn -0.966864 0.190022 0.170484
vn -0.966864 0.190022 -0.170484
vn -0.850246 0.190022 -0.490890
vn -0.631076 0.190022 -0.752087
vn -0.335788 0.190022 -0.922571
vn -0.000000 0.190022 -0.981780
vn 0.335788 0.190022 -0.922571
vn 0.631076 0.190022 -0.752087
vn 0.850246 0.190022 -0.490890
vn 0.966864 0.190022 -0.170484
vn 0.000000 -1.000000 0.000000
vn 0.000000 -1.000000 0.000000
vn 0.000000 -1.000000 0.000000
vn 0.000000 -1.000000 0.000000
vn 0.000000 -1.000000 0.000000
vn 0.000000 -1.000000 0.000000
vn 0.000000 -1.000000 0.000000
vn 0.000000 -1.000000 0.000000
vn 0.000000 -1.000000 0.000000
vn 0.000000 -1.000000 0.000000
vn 0.000000 -1.000000 0.000000
vn 0.000000 -1.000000 0.000000
vn 0.000000 -1.000000 0.000000
vn 0.000000 -1.000000 0.000000
vn 0.000000 -1.000000 0.000000
vn 0.000000 -1.000000 0.000000
vn 0.000000 -1.000000 0.000000
vn 0.000000 -1.000000 0.000000
vn 0.000000 -1.000000 0.000000
vn 0.000000 1.000000 0.000000
vn 0.000000 1.000000 0.000000
vn 0.000000 1.000000 0.000000
vn 0.000000 1.000000 0.000000
vn 0.000000 1.000000 0.000000
vn -0.000000 1.000000 0.000000
vn -0.000000 1.000000 0.000000
vn -0.000000 1.000000 0.000000
vn -0.000000 1.000000 0.000000
vn -0.000000 1.000000 0.000000
vn -0.000000 1.000000 -0.000000
vn -0.000000 1.000000 -0.000000
vn -0.000000 1.000000 -0.000000
vn -0.000000 1.000000 -0.000000
vn 0.000000 1.000000 -0.000000
vn 0.000000 1.000000 -0.000000
vn 0.000000 1.000000 -0.000000
vn 0.000000 1.000000 -0.000000
vn 0.382683 0.923880 0.000000
vn 0.359605 0.923880 0.130885
vn 0.293153 0.923880 0.245984
vn 0.191342 0.923880 0.331414
vn 0.066452 0.923880 0.376870
vn -0.066452 0.923880 0.376870
vn -0.191342 0.923880 0.331414
vn -0.293153 0.923880 0.245984
vn -0.359605 0.923880 0.130885
vn -0.382683 0.923880 0.000000
vn -0.359605 0.923880 -0.130885
vn -0.293153 0.923880 -0.245984
vn -0.191342 0.923880 -0.331414
vn -0.066452 0.923880 -0.376870
vn 0.066452 0.923880 -0.376870
vn 0.191342 0.923880 -0.331414
vn 0.293153 0.923880 -0.245984
vn 0.359605 0.923880 -0.130885
vn 0.707107 0.707107 0.000000
vn 0.664463 0.707107 0.241845
vn 0.541675 0.707107 0.454519
vn 0.353553 0.707107 0.612372
vn 0.122788 0.707107 0.696364
vn -0.122788 0.707107 0.696364
vn -0.353553 0.707107 0.612372
vn -0.541675 0.707107 0.454519
vn -0.664463 0.707107 0.241845
vn -0.707107 0.707107 0.000000
vn -0.664463 0.707107 -0.241845
vn -0.541675 0.707107 -0.454519
vn -0.353553 0.707107 -0.612372
vn -0.122788 0.707107 -0.696364
vn 0.122788 0.707107 -0.696364
vn 0.353553 0.707107 -0.612372
vn 0.541675 0.707107 -0.454519
vn 0.664463 0.707107 -0.241845
vn 0.923880 0.382683 0.000000
vn 0.868163 0.382683 0.315985
vn 0.707733 0.382683 0.593858
vn 0.461940 0.382683 0.800103
vn 0.160430 0.382683 0.909844
vn -0.160430 0.382683 0.909844
vn -0.461940 0.382683 0.800103
vn -0.707733 0.382683 0.593858
vn -0.868163 0.382683 0.315985
vn -0.923880 0.382683 0.000000
vn -0.868163 0.382683 -0.315985
vn -0.707733 0.382683 -0.593858
vn -0.461940 0.382683 -0.800103
vn -0.160430 0.382683 -0.909844
vn 0.160430 0.382683 -0.909844
vn 0.461940 0.382683 -0.800103
vn 0.707733 0.382683 -0.593858
vn 0.868163 0.382683 -0.315985
vn 1.000000 0.000000 0.000000
vn 0.939693 0.000000 0.342020
vn 0.766044 0.000000 0.642788
vn 0.500000 0.000000 0.866025
vn 0.173648 0.000000 0.984808
vn -0.173648 0.000000 0.984808
vn -0.500000 0.000000 0.866025
vn -0.766044 0.000000 0.642788
vn -0.939693 0.000000 0.342020
vn -1.000000 0.000000 0.000000
vn -0.939693 0.000000 -0.342020
vn -0.766044 0.000000 -0.642788
vn -0.500000 0.000000 -0.866025
vn -0.173648 0.000000 -0.984808
vn 0.173648 0.000000 -0.984808
vn 0.500000 0.000000 -0.866025
vn 0.766044 0.000000 -0.642788
vn 0.939693 0.000000 -0.342020
vn 0.923880 -0.382683 0.000000
vn 0.868163 -0.382683 0.315985
vn 0.707733 -0.382683 0.593858
vn 0.461940 -0.382683 0.800103
vn 0.160430 -0.382683 0.909844
vn -0.160430 -0.382683 0.909844
vn -0.461940 -0.382683 0.800103
vn -0.707733 -0.382683 0.593858
vn -0.868163 -0.382683 0.315985
vn -0.923880 -0.382683 0.000000
vn -0.868163 -0.382683 -0.315985
vn -0.707733 -0.382683 -0.593858
vn -0.461940 -0.382683 -0.800103
vn -0.160430 -0.382683 -0.909844
vn 0.160430 -0.382683 -0.909844
vn 0.461940 -0.382683 -0.800103
vn 0.707733 -0.382683 -0.593858
vn 0.868163 -0.382683 -0.315985
vn 0.707107 -0.707107 0.000000
vn 0.664463 -0.707107 0.241845
vn 0.541675 -0.707107 0.454519
vn 0.353553 -0.707107 0.612372
vn 0.122788 -0.707107 0.696364
vn -0.122788 -0.707107 0.696364
vn -0.353553 -0.707107 0.612372
vn -0.541675 -0.707107 0.454519
vn -0.664463 -0.707107 0.241845
vn -0.707107 -0.707107 0.000000
vn -0.664463 -0.707107 -0.241845
vn -0.541675 -0.707107 -0.454519
vn -0.353553 -0.707107 -0.612372
vn -0.122788 -0.707107 -0.696364
vn 0.122788 -0.707107 -0.696364
vn 0.353553 -0.707107 -0.612372
vn 0.541675 -0.707107 -0.454519
vn 0.664463 -0.707107 -0.241845
vn 0.382683 -0.923880 0.000000
vn 0.359605 -0.923880 0.130885
vn 0.293153 -0.923880 0.245984
vn 0.191342 -0.923880 0.331414
vn 0.066452 -0.923880 0.376870
vn -0.066452 -0.923880 0.376870
vn -0.191342 -0.923880 0.331414
vn -0.293153 -0.923880 0.245984
vn -0.359605 -0.923880 0.130885
vn -0.382683 -0.923880 0.000000
vn -0.359605 -0.923880 -0.130885
vn -0.293153 -0.923880 -0.245984
vn -0.191342 -0.923880 -0.331414
vn -0.066452 -0.923880 -0.376870
vn 0.066452 -0.923880 -0.376870
vn 0.191342 -0.923880 -0.331414
vn 0.293153 -0.923880 -0.245984
vn 0.359605 -0.923880 -0.130885
vn 0.000000 -1.000000 0.000000
vn 0.000000 -1.000000 0.000000
vn 0.000000 -1.000000 0.000000
vn 0.000000 -1.000000 0.000000
vn 0.000000 -1.000000 0.000000
vn -0.000000 -1.000000 0.000000
vn -0.000000 -1.000000 0.000000
vn -0.000000 -1.000000 0.000000
vn -0.000000 -1.000000 0.000000
vn -0.000000 -1.000000 0.000000
vn -0.000000 -1.000000 -0.000000
vn -0.000000 -1.000000 -0.000000
vn -0.000000 -1.000000 -0.000000
vn -0.000000 -1.000000 -0.000000
vn 0.000000 -1.000000 -0.000000
vn 0.000000 -1.000000 -0.000000
vn 0.000000 -1.000000 -0.000000
vn 0.000000 -1.000000 -0.000000
vn 0.981780 0.190022 0.000000
vn 0.922571 0.190022 0.335788
vn 0.752087 0.190022 0.631076
vn 0.490890 0.190022 0.850246
vn 0.170484 0.190022 0.966864
vn -0.170484 0.190022 0.966864
vn -0.490890 0.190022 0.850246
vn -0.752087 0.190022 0.631076
vn -0.922571 0.190022 0.335788
vn -0.981780 0.190022 0.000000
vn -0.922571 0.190022 -0.335788
vn -0.752087 0.190022 -0.631076
vn -0.490890 0.190022 -0.850246
vn -0.170484 0.190022 -0.966864
vn 0.170484 0.190022 -0.966864
vn 0.490890 0.190022 -0.850246
vn 0.752087 0.190022 -0.631076
vn 0.922571 0.190022 -0.335788
vn 0.966864 0.190022 0.170484
vn 0.850246 0.190022 0.490890
vn 0.631076 0.190022 0.752087
vn 0.335788 0.190022 0.922571
vn 0.000000 0.190022 0.981780
vn -0.335788 0.190022 0.922571
vn -0.631076 0.190022 0.752087
vn -0.850246 0.190022 0.490890
vn -0.966864 0.190022 0.170484
vn -0.966864 0.190022 -0.170484
vn -0.850246 0.190022 -0.490890
vn -0.631076 0.190022 -0.752087
vn -0.335788 0.190022 -0.922571
vn -0.000000 0.190022 -0.981780
vn 0.335788 0.190022 -0.922571
vn 0.631076 0.190022 -0.752087
vn 0.850246 0.190022 -0.490890
vn 0.966864 0.190022 -0.170484
vn 0.000000 -1.000000 0.000000
vn 0.000000 -1.000000 0.000000
vn 0.000000 -1.000000 0.000000
vn 0.000000 -1.000000 0.000000
vn 0.000000 -1.000000 0.000000
vn 0.000000 -1.000000 0.000000
vn 0.000000 -1.000000 0.000000
vn 0.000000 -1.000000 0.000000
vn 0.000000 -1.000000 0.000000
vn 0.000000 -1.000000 0.000000
vn 0.000000 -1.000000 0.000000
vn 0.000000 -1.000000 0.000000
vn 0.000000 -1.000000 0.000000
vn 0.000000 -1.000000 0.000000
vn 0.000000 -1.000000 0.000000
vn 0.000000 -1.000000 0.000000
vn 0.000000 -1.000000 0.000000
vn 0.000000 -1.000000 0.000000
vn 0.000000 -1.000000 0.000000
vn 0.000000 1.000000 0.000000
vn 0.000000 1.000000 0.000000
vn 0.000000 1.000000 0.000000
vn 0.000000 1.000000 0.000000
vn 0.000000 1.000000 0.000000
vn -0.000000 1.000000 0.000000
vn -0.000000 1.000000 0.000000
vn -0.000000 1.000000 0.000000
vn -0.000000 1.000000 0.000000
vn -0.000000 1.000000 0.000000
vn -0.000000 1.000000 -0.000000
vn -0.000000 1.000000 -0.000000
vn -0.000000 1.000000 -0.000000
vn -0.000000 1.000000 -0.000000
vn 0.000000 1.000000 -0.000000
vn 0.000000 1.000000 -0.000000
vn 0.000000 1.000000 -0.000000
vn 0.000000 1.000000 -0.000000
vn 0.382683 0.923880 0.000000
vn 0.359605 0.923880 0.130885
vn 0.293153 0.923880 0.245984
vn 0.191342 0.923880 0.331414
vn 0.066452 0.923880 0.376870
vn -0.066452 0.923880 0.376870
vn -0.191342 0.923880 0.331414
vn -0.293153 0.923880 0.245984
vn -0.359605 0.923880 0.130885
vn -0.382683 0.923880 0.000000
vn -0.359605 0.923880 -0.130885
vn -0.293153 0.923880 -0.245984
vn -0.191342 0.923880 -0.331414
vn -0.066452 0.923880 -0.376870
vn 0.066452 0.923880 -0.376870
vn 0.191342 0.923880 -0.331414
vn 0.293153 0.923880 -0.245984
vn 0.359605 0.923880 -0.130885
vn 0.707107 0.707107 0.000000
vn 0.664463 0.707107 0.241845
vn 0.541675 0.707107 0.454519
vn 0.353553 0.707107 0.612372
vn 0.122788 0.707107 0.696364
vn -0.122788 0.707107 0.696364
vn -0.353553 0.707107 0.612372
vn -0.541675 0.707107 0.454519
vn -0.664463 0.707107 0.241845
vn -0.707107 0.707107 0.000000
vn -0.664463 0.707107 -0.241845
vn -0.541675 0.707107 -0.454519
vn -0.353553 0.707107 -0.612372
vn -0.122788 0.707107 -0.696364
vn 0.122788 0.707107 -0.696364
vn 0.353553 0.707107 -0.612372
vn 0.541675 0.707107 -0.454519
vn 0.664463 0.707107 -0.241845
vn 0.923880 0.382683 0.000000
vn 0.868163 0.382683 0.315985
vn 0.707733 0.382683 0.593858
vn 0.461940 0.382683 0.800103
vn 0.160430 0.382683 0.909844
vn -0.160430 0.382683 0.909844
vn -0.461940 0.382683 0.800103
vn -0.707733 0.382683 0.593858
vn -0.868163 0.382683 0.315985
vn -0.923880 0.382683 0.000000
vn -0.868163 0.382683 -0.315985
vn -0.707733 0.382683 -0.593858
vn -0.461940 0.382683 -0.800103
vn -0.160430 0.382683 -0.909844
vn 0.160430 0.382683 -0.909844
vn 0.461940 0.382683 -0.800103
vn 0.707733 0.382683 -0.593858
vn 0.868163 0.382683 -0.315985
vn 1.000000 0.000000 0.000000
vn 0.939693 0.000000 0.342020
vn 0.766044 0.000000 0.642788
vn 0.500000 0.000000 0.866025
vn 0.173648 0.000000 0.984808
vn -0.173648 0.000000 0.984808
vn -0.500000 0.000000 0.866025
vn -0.766044 0.000000 0.642788
vn -0.939693 0.000000 0.342020
vn -1.000000 0.000000 0.000000
vn -0.939693 0.000000 -0.342020
vn -0.766044 0.000000 -0.642788
vn -0.500000 0.000000 -0.866025
vn -0.173648 0.000000 -0.984808
vn 0.173648 0.000000 -0.984808
vn 0.500000 0.000000 -0.866025
vn 0.766044 0.000000 -0.642788
vn 0.939693 0.000000 -0.342020
vn 0.923880 -0.382683 0.000000
vn 0.868163 -0.382683 0.315985
vn 0.707733 -0.382683 0.593858
vn 0.461940 -0.382683 0.800103
vn 0.160430 -0.382683 0.909844
vn -0.160430 -0.382683 0.909844
vn -0.461940 -0.382683 0.800103
vn -0.707733 -0.382683 0.593858
vn -0.868163 -0.382683 0.315985
vn -0.923880 -0.382683 0.000000
vn -0.868163 -0.382683 -0.315985
vn -0.707733 -0.382683 -0.593858
vn -0.461940 -0.382683 -0.800103
vn -0.160430 -0.382683 -0.909844
vn 0.160430 -0.382683 -0.909844
vn 0.461940 -0.382683 -0.800103
vn 0.707733 -0.382683 -0.593858
vn 0.868163 -0.382683 -0.315985
vn 0.707107 -0.707107 0.000000
vn 0.664463 -0.707107 0.241845
vn 0.541675 -0.707107 0.454519
vn 0.353553 -0.707107 0.612372
vn 0.122788 -0.707107 0.696364
vn -0.122788 -0.707107 0.696364
vn -0.353553 -0.707107 0.612372
vn -0.541675 -0.707107 0.454519
vn -0.664463 -0.707107 0.241845
vn -0.707107 -0.707107 0.000000
vn -0.664463 -0.707107 -0.241845
vn -0.541675 -0.707107 -0.454519
vn -0.353553 -0.707107 -0.612372
vn -0.122788 -0.707107 -0.696364
vn 0.122788 -0.707107 -0.696364
vn 0.353553 -0.707107 -0.612372
vn 0.541675 -0.707107 -0.454519
vn 0.664463 -0.707107 -0.241845
vn 0.382683 -0.923880 0.000000
vn 0.359605 -0.923880 0.130885
vn 0.293153 -0.923880 0.245984
vn 0.191342 -0.923880 0.331414
vn 0.066452 -0.923880 0.376870
vn -0.066452 -0.923880 0.376870
vn -0.191342 -0.923880 0.331414
vn -0.293153 -0.923880 0.245984
vn -0.359605 -0.923880 0.130885
vn -0.382683 -0.923880 0.000000
vn -0.359605 -0.923880 -0.130885
vn -0.293153 -0.923880 -0.245984
vn -0.191342 -0.923880 -0.331414
vn -0.066452 -0.923880 -0.376870
vn 0.066452 -0.923880 -0.376870
vn 0.191342 -0.923880 -0.331414
vn 0.293153 -0.923880 -0.245984
vn 0.359605 -0.923880 -0.130885
vn 0.000000 -1.000000 0.000000
vn 0.000000 -1.000000 0.000000
vn 0.000000 -1.000000 0.000000
vn 0.000000 -1.000000 0.000000
vn 0.000000 -1.000000 0.000000
vn -0.000000 -1.000000 0.000000
vn -0.000000 -1.000000 0.000000
vn -0.000000 -1.000000 0.000000
vn -0.000000 -1.000000 0.000000
vn -0.000000 -1.000000 0.000000
vn -0.000000 -1.000000 -0.000000
vn -0.000000 -1.000000 -0.000000
vn -0.000000 -1.000000 -0.000000
vn -0.000000 -1.000000 -0.000000
vn 0.000000 -1.000000 -0.000000
vn 0.000000 -1.000000 -0.000000
vn 0.000000 -1.000000 -0.000000
vn 0.000000 -1.000000 -0.000000
vn 0.981780 0.190022 0.000000
vn 0.922571 0.190022 0.335788
vn 0.752087 0.190022 0.631076
vn 0.490890 0.190022 0.850246
vn 0.170484 0.190022 0.966864
vn -0.170484 0.190022 0.966864
vn -0.490890 0.190022 0.850246
vn -0.752087 0.190022 0.631076
vn -0.922571 0.190022 0.335788
vn -0.981780 0.190022 0.000000
vn -0.922571 0.190022 -0.335788
vn -0.752087 0.190022 -0.631076
vn -0.490890 0.190022 -0.850246
vn -0.170484 0.190022 -0.966864
vn 0.170484 0.190022 -0.966864
vn 0.490890 0.190022 -0.850246
vn 0.752087 0.190022 -0.631076
vn 0.922571 0.190022 -0.335788
vn 0.966864 0.190022 0.170484
vn 0.850246 0.190022 0.490890
vn 0.631076 0.190022 0.752087
vn 0.335788 0.190022 0.922571
vn 0.000000 0.190022 0.981780
vn -0.335788 0.190022 0.922571
vn -0.631076 0.190022 0.752087
vn -0.850246 0.190022 0.490890
vn -0.966864 0.190022 0.170484
vn -0.966864 0.190022 -0.170484
vn -0.850246 0.190022 -0.490890
vn -0.631076 0.190022 -0.752087
vn -0.335788 0.190022 -0.922571
vn -0.000000 0.190022 -0.981780
vn 0.335788 0.190022 -0.922571
vn 0.631076 0.190022 -0.752087
vn 0.850246 0.190022 -0.490890
vn 0.966864 0.190022 -0.170484
vn 0.000000 -1.000000 0.000000
vn 0.000000 -1.000000 0.000000
vn 0.000000 -1.000000 0.000000
vn 0.000000 -1.000000 0.000000
vn 0.000000 -1.000000 0.000000
vn 0.000000 -1.000000 0.000000
vn 0.000000 -1.000000 0.000000
vn 0.000000 -1.000000 0.000000
vn 0.000000 -1.000000 0.000000
vn 0.000000 -1.000000 0.000000
vn 0.000000 -1.000000 0.000000
vn 0.000000 -1.000000 0.000000
vn 0.000000 -1.000000 0.000000
vn 0.000000 -1.000000 0.000000
vn 0.000000 -1.000000 0.000000
vn 0.000000 -1.000000 0.000000
vn 0.000000 -1.000000 0.000000
vn 0.000000 -1.000000 0.000000
vn 0.000000 -1.000000 0.000000
vn 0.000000 1.000000 0.000000
vn 0.000000 1.000000 0.000000
vn 0.000000 1.000000 0.000000
vn 0.000000 1.000000 0.000000
vn 0.000000 1.000000 0.000000
vn -0.000000 1.000000 0.000000
vn -0.000000 1.000000 0.000000
vn -0.000000 1.000000 0.000000
vn -0.000000 1.000000 0.000000
vn -0.000000 1.000000 0.000000
vn -0.000000 1.000000 -0.000000
vn -0.000000 1.000000 -0.000000
vn -0.000000 1.000000 -0.000000
vn -0.000000 1.000000 -0.000000
vn 0.000000 1.000000 -0.000000
vn 0.000000 1.000000 -0.000000
vn 0.000000 1.000000 -0.000000
vn 0.000000 1.000000 -0.000000
vn 0.382683 0.923880 0.000000
vn 0.359605 0.923880 0.130885
vn 0.293153 0.923880 0.245984
vn 0.191342 0.923880 0.331414
vn 0.066452 0.923880 0.376870
vn -0.066452 0.923880 0.376870
vn -0.191342 0.923880 0.331414
vn -0.293153 0.923880 0.245984
vn -0.359605 0.923880 0.130885
vn -0.382683 0.923880 0.000000
vn -0.359605 0.923880 -0.130885
vn -0.293153 0.923880 -0.245984
vn -0.191342 0.923880 -0.331414
vn -0.066452 0.923880 -0.376870
vn 0.066452 0.923880 -0.376870
vn 0.191342 0.923880 -0.331414
vn 0.293153 0.923880 -0.245984
vn 0.359605 0.923880 -0.130885
vn 0.707107 0.707107 0.000000
vn 0.664463 0.707107 0.241845
vn 0.541675 0.707107 0.454519
vn 0.353553 0.707107 0.612372
vn 0.122788 0.707107 0.696364
vn -0.122788 0.707107 0.696364
vn -0.353553 0.707107 0.612372
vn -0.541675 0.707107 0.454519
vn -0.664463 0.707107 0.241845
vn -0.707107 0.707107 0.000000
vn -0.664463 0.707107 -0.241845
vn -0.541675 0.707107 -0.454519
vn -0.353553 0.707107 -0.612372
vn -0.122788 0.707107 -0.696364
vn 0.122788 0.707107 -0.696364
vn 0.353553 0.707107 -0.612372
vn 0.541675 0.707107 -0.454519
vn 0.664463 0.707107 -0.241845
vn 0.923880 0.382683 0.000000
vn 0.868163 0.382683 0.315985
vn 0.707733 0.382683 0.593858
vn 0.461940 0.382683 0.800103
vn 0.160430 0.382683 0.909844
vn -0.160430 0.382683 0.909844
vn -0.461940 0.382683 0.800103
vn -0.707733 0.382683 0.593858
vn -0.868163 0.382683 0.315985
vn -0.923880 0.382683 0.000000
vn -0.868163 0.382683 -0.315985
vn -0.707733 0.382683 -0.593858
vn -0.461940 0.382683 -0.800103
vn -0.160430 0.382683 -0.909844
vn 0.160430 0.382683 -0.909844
vn 0.461940 0.382683 -0.800103
vn 0.707733 0.382683 -0.593858
vn 0.868163 0.382683 -0.315985
vn 1.000000 0.000000 0.000000
vn 0.939693 0.000000 0.342020
vn 0.766044 0.000000 0.642788
vn 0.500000 0.000000 0.866025
vn 0.173648 0.000000 0.984808
vn -0.173648 0.000000 0.984808
vn -0.500000 0.000000 0.866025
vn -0.766044 0.000000 0.642788
vn -0.939693 0.000000 0.342020
vn -1.000000 0.000000 0.000000
vn -0.939693 0.000000 -0.342020
vn -0.766044 0.000000 -0.642788
vn -0.500000 0.000000 -0.866025
vn -0.173648 0.000000 -0.984808
vn 0.173648 0.000000 -0.984808
vn 0.500000 0.000000 -0.866025
vn 0.766044 0.000000 -0.642788
vn 0.939693 0.000000 -0.342020
vn 0.923880 -0.382683 0.000000
vn 0.868163 -0.382683 0.315985
vn 0.707733 -0.382683 0.593858
vn 0.461940 -0.382683 0.800103
vn 0.160430 -0.382683 0.909844
vn -0.160430 -0.382683 0.909844
vn -0.461940 -0.382683 0.800103
vn -0.707733 -0.382683 0.593858
vn -0.868163 -0.382683 0.315985
vn -0.923880 -0.382683 0.000000
vn -0.868163 -0.382683 -0.315985
vn -0.707733 -0.382683 -0.593858
vn -0.461940 -0.382683 -0.800103
vn -0.160430 -0.382683 -0.909844
vn 0.160430 -0.382683 -0.909844
vn 0.461940 -0.382683 -0.800103
vn 0.707733 -0.382683 -0.593858
vn 0.868163 -0.382683 -0.315985
vn 0.707107 -0.707107 0.000000
vn 0.664463 -0.707107 0.241845
vn 0.541675 -0.707107 0.454519
vn 0.353553 -0.707107 0.612372
vn 0.122788 -0.707107 0.696364
vn -0.122788 -0.707107 0.696364
vn -0.353553 -0.707107 0.612372
vn -0.541675 -0.707107 0.454519
vn -0.664463 -0.707107 0.241845
vn -0.707107 -0.707107 0.000000
vn -0.664463 -0.707107 -0.241845
vn -0.541675 -0.707107 -0.454519
vn -0.353553 -0.707107 -0.612372
vn -0.122788 -0.707107 -0.696364
vn 0.122788 -0.707107 -0.696364
vn 0.353553 -0.707107 -0.612372
vn 0.541675 -0.707107 -0.454519
vn 0.664463 -0.707107 -0.241845
vn 0.382683 -0.923880 0.000000
vn 0.359605 -0.923880 0.130885
vn 0.293153 -0.923880 0.245984
vn 0.191342 -0.923880 0.331414
vn 0.066452 -0.923880 0.376870
vn -0.066452 -0.923880 0.376870
vn -0.191342 -0.923880 0.331414
vn -0.293153 -0.923880 0.245984
vn -0.359605 -0.923880 0.130885
vn -0.382683 -0.923880 0.000000
vn -0.359605 -0.923880 -0.130885
vn -0.293153 -0.923880 -0.245984
vn -0.191342 -0.923880 -0.331414
vn -0.066452 -0.923880 -0.376870
vn 0.066452 -0.923880 -0.376870
vn 0.191342 -0.923880 -0.331414
vn 0.293153 -0.923880 -0.245984
vn 0.359605 -0.923880 -0.130885
vn 0.000000 -1.000000 0.000000
vn 0.000000 -1.000000 0.000000
vn 0.000000 -1.000000 0.000000
vn 0.000000 -1.000000 0.000000
vn 0.000000 -1.000000 0.000000
vn -0.000000 -1.000000 0.000000
vn -0.000000 -1.000000 0.000000
vn -0.000000 -1.000000 0.000000
vn -0.000000 -1.000000 0.000000
vn -0.000000 -1.000000 0.000000
vn -0.000000 -1.000000 -0.000000
vn -0.000000 -1.000000 -0.000000
vn -0.000000 -1.000000 -0.000000
vn -0.000000 -1.000000 -0.000000
vn 0.000000 -1.000000 -0.000000
vn 0.000000 -1.000000 -0.000000
vn 0.000000 -1.000000 -0.000000
vn 0.000000 -1.000000 -0.000000
vn 0.981780 0.190022 0.000000
vn 0.922571 0.190022 0.335788
vn 0.752087 0.190022 0.631076
vn 0.490890 0.190022 0.850246
vn 0.170484 0.190022 0.966864
vn -0.170484 0.190022 0.966864
vn -0.490890 0.190022 0.850246
vn -0.752087 0.190022 0.631076
vn -0.922571 0.190022 0.335788
vn -0.981780 0.190022 0.000000
vn -0.922571 0.190022 -0.335788
vn -0.752087 0.190022 -0.631076
vn -0.490890 0.190022 -0.850246
vn -0.170484 0.190022 -0.966864
vn 0.170484 0.190022 -0.966864
vn 0.490890 0.190022 -0.850246
vn 0.752087 0.190022 -0.631076
vn 0.922571 0.190022 -0.335788
vn 0.966864 0.190022 0.170484
vn 0.850246 0.190022 0.490890
vn 0.631076 0.190022 0.752087
vn 0.335788 0.190022 0.922571
vn 0.000000 0.190022 0.981780
vn -0.335788 0.190022 0.922571
vn -0.631076 0.190022 0.752087
vn -0.850246 0.190022 0.490890
vn -0.966864 0.190022 0.170484
vn -0.966864 0.190022 -0.170484
vn -0.850246 0.190022 -0.490890
vn -0.631076 0.190022 -0.752087
vn -0.335788 0.190022 -0.922571
vn -0.000000 0.190022 -0.981780
vn 0.335788 0.190022 -0.922571
vn 0.631076 0.190022 -0.752087
vn 0.850246 0.190022 -0.490890
vn 0.966864 0.190022 -0.170484
vn 0.000000 -1.000000 0.000000
vn 0.000000 -1.000000 0.000000
vn 0.000000 -1.000000 0.000000
vn 0.000000 -1.000000 0.000000
vn 0.000000 -1.000000 0.000000
vn 0.000000 -1.000000 0.000000
vn 0.000000 -1.000000 0.000000
vn 0.000000 -1.000000 0.000000
vn 0.000000 -1.000000 0.000000
vn 0.000000 -1.000000 0.000000
vn 0.000000 -1.000000 0.000000
vn 0.000000 -1.000000 0.000000
vn 0.000000 -1.000000 0.000000
vn 0.000000 -1.000000 0.000000
vn 0.000000 -1.000000 0.000000
vn 0.000000 -1.000000 0.000000
vn 0.000000 -1.000000 0.000000
vn 0.000000 -1.000000 0.000000
vn 0.000000 -1.000000 0.000000
vn 0.000000 1.000000 0.000000
vn 0.000000 1.000000 0.000000
vn 0.000000 1.000000 0.000000
vn 0.000000 1.000000 0.000000
vn 0.000000 1.000000 0.000000
vn -0.000000 1.000000 0.000000
vn -0.000000 1.000000 0.000000
vn -0.000000 1.000000 0.000000
vn -0.000000 1.000000 0.000000
vn -0.000000 1.000000 0.000000
vn -0.000000 1.000000 -0.000000
vn -0.000000 1.000000 -0.000000
vn -0.000000 1.000000 -0.000000
vn -0.000000 1.000000 -0.000000
vn 0.000000 1.000000 -0.000000
vn 0.000000 1.000000 -0.000000
vn 0.000000 1.000000 -0.000000
vn 0.000000 1.000000 -0.000000
vn 0.382683 0.923880 0.000000
vn 0.359605 0.923880 0.130885
vn 0.293153 0.923880 0.245984
vn 0.191342 0.923880 0.331414
vn 0.066452 0.923880 0.376870
vn -0.066452 0.923880 0.376870
vn -0.191342 0.923880 0.331414
vn -0.293153 0.923880 0.245984
vn -0.359605 0.923880 0.130885
vn -0.382683 0.923880 0.000000
vn -0.359605 0.923880 -0.130885
vn -0.293153 0.923880 -0.245984
vn -0.191342 0.923880 -0.331414
vn -0.066452 0.923880 -0.376870
vn 0.066452 0.923880 -0.376870
vn 0.191342 0.923880 -0.331414
vn 0.293153 0.923880 -0.245984
vn 0.359605 0.923880 -0.130885
vn 0.707107 0.707107 0.000000
vn 0.664463 0.707107 0.241845
vn 0.541675 0.707107 0.454519
vn 0.353553 0.707107 0.612372
vn 0.122788 0.707107 0.696364
vn -0.122788 0.707107 0.696364
vn -0.353553 0.707107 0.612372
vn -0.541675 0.707107 0.454519
vn -0.664463 0.707107 0.241845
vn -0.707107 0.707107 0.000000
vn -0.664463 0.707107 -0.241845
vn -0.541675 0.707107 -0.454519
vn -0.353553 0.707107 -0.612372
vn -0.122788 0.707107 -0.696364
vn 0.122788 0.707107 -0.696364
vn 0.353553 0.707107 -0.612372
vn 0.541675 0.707107 -0.454519
vn 0.664463 0.707107 -0.241845
vn 0.923880 0.382683 0.000000
vn 0.868163 0.382683 0.315985
vn 0.707733 0.382683 0.593858
vn 0.461940 0.382683 0.800103
vn 0.160430 0.382683 0.909844
vn -0.160430 0.382683 0.909844
vn -0.461940 0.382683 0.800103
vn -0.707733 0.382683 0.593858
vn -0.868163 0.382683 0.315985
vn -0.923880 0.382683 0.000000
vn -0.868163 0.382683 -0.315985
vn -0.707733 0.382683 -0.593858
vn -0.461940 0.382683 -0.800103
vn -0.160430 0.382683 -0.909844
vn 0.160430 0.382683 -0.909844
vn 0.461940 0.382683 -0.800103
vn 0.707733 0.382683 -0.593858
vn 0.868163 0.382683 -0.315985
vn 1.000000 0.000000 0.000000
vn 0.939693 0.000000 0.342020
vn 0.766044 0.000000 0.642788
vn 0.500000 0.000000 0.866025
vn 0.173648 0.000000 0.984808
vn -0.173648 0.000000 0.984808
vn -0.500000 0.000000 0.866025
vn -0.766044 0.000000 0.642788
vn -0.939693 0.000000 0.342020
vn -1.000000 0.000000 0.000000
vn -0.939693 0.000000 -0.342020
vn -0.766044 0.000000 -0.642788
vn -0.500000 0.000000 -0.866025
vn -0.173648 0.000000 -0.984808
vn 0.173648 0.000000 -0.984808
vn 0.500000 0.000000 -0.866025
vn 0.766044 0.000000 -0.642788
vn 0.939693 0.000000 -0.342020
vn 0.923880 -0.382683 0.000000
vn 0.868163 -0.382683 0.315985
vn 0.707733 -0.382683 0.593858
vn 0.461940 -0.382683 0.800103
vn 0.160430 -0.382683 0.909844
vn -0.160430 -0.382683 0.909844
vn -0.461940 -0.382683 0.800103
vn -0.707733 -0.382683 0.593858
vn -0.868163 -0.382683 0.315985
vn -0.923880 -0.382683 0.000000
vn -0.868163 -0.382683 -0.315985
vn -0.707733 -0.382683 -0.593858
vn -0.461940 -0.382683 -0.800103
vn -0.160430 -0.382683 -0.909844
vn 0.160430 -0.382683 -0.909844
vn 0.461940 -0.382683 -0.800103
vn 0.707733 -0.382683 -0.593858
vn 0.868163 -0.382683 -0.315985
vn 0.707107 -0.707107 0.000000
vn 0.664463 -0.707107 0.241845
vn 0.541675 -0.707107 0.454519
vn 0.353553 -0.707107 0.612372
vn 0.122788 -0.707107 0.696364
vn -0.122788 -0.707107 0.696364
vn -0.353553 -0.707107 0.612372
vn -0.541675 -0.707107 0.454519
vn -0.664463 -0.707107 0.241845
vn -0.707107 -0.707107 0.000000
vn -0.664463 -0.707107 -0.241845
vn -0.541675 -0.707107 -0.454519
vn -0.353553 -0.707107 -0.612372
vn -0.122788 -0.707107 -0.696364
vn 0.122788 -0.707107 -0.696364
vn 0.353553 -0.707107 -0.612372
vn 0.541675 -0.707107 -0.454519
vn 0.664463 -0.707107 -0.241845
vn 0.382683 -0.923880 0.000000
vn 0.359605 -0.923880 0.130885
vn 0.293153 -0.923880 0.245984
vn 0.191342 -0.923880 0.331414
vn 0.066452 -0.923880 0.376870
vn -0.066452 -0.923880 0.376870
vn -0.191342 -0.923880 0.331414
vn -0.293153 -0.923880 0.245984
vn -0.359605 -0.923880 0.130885
vn -0.382683 -0.923880 0.000000
vn -0.359605 -0.923880 -0.130885
vn -0.293153 -0.923880 -0.245984
vn -0.191342 -0.923880 -0.331414
vn -0.066452 -0.923880 -0.376870
vn 0.066452 -0.923880 -0.376870
vn 0.191342 -0.923880 -0.331414
vn 0.293153 -0.923880 -0.245984
vn 0.359605 -0.923880 -0.130885
vn 0.000000 -1.000000 0.000000
vn 0.000000 -1.000000 0.000000
vn 0.000000 -1.000000 0.000000
vn 0.000000 -1.000000 0.000000
vn 0.000000 -1.000000 0.000000
vn -0.000000 -1.000000 0.000000
vn -0.000000 -1.000000 0.000000
vn -0.000000 -1.000000 0.000000
vn -0.000000 -1.000000 0.000000
vn -0.000000 -1.000000 0.000000
vn -0.000000 -1.000000 -0.000000
vn -0.000000 -1.000000 -0.000000
vn -0.000000 -1.000000 -0.000000
vn -0.000000 -1.000000 -0.000000
vn 0.000000 -1.000000 -0.000000
vn 0.000000 -1.000000 -0.000000
vn 0.000000 -1.000000 -0.000000
vn 0.000000 -1.000000 -0.000000
vn 0.981780 0.190022 0.000000
vn 0.922571 0.190022 0.335788
vn 0.752087 0.190022 0.631076
vn 0.490890 0.190022 0.850246
vn 0.170484 0.190022 0.966864
vn -0.170484 0.190022 0.966864
vn -0.490890 0.190022 0.850246
vn -0.752087 0.190022 0.631076
vn -0.922571 0.190022 0.335788
vn -0.981780 0.190022 0.000000
vn -0.922571 0.190022 -0.335788
vn -0.752087 0.190022 -0.631076
vn -0.490890 0.190022 -0.850246
vn -0.170484 0.190022 -0.966864
vn 0.170484 0.190022 -0.966864
vn 0.490890 0.190022 -0.850246
vn 0.752087 0.190022 -0.631076
vn 0.922571 0.190022 -0.335788
vn 0.966864 0.190022 0.170484
vn 0.850246 0.190022 0.490890
vn 0.631076 0.190022 0.752087
vn 0.335788 0.190022 0.922571
vn 0.000000 0.190022 0.981780
vn -0.335788 0.190022 0.922571
vn -0.631076 0.190022 0.752087
vn -0.850246 0.190022 0.490890
vn -0.966864 0.190022 0.170484
vn -0.966864 0.190022 -0.170484
vn -0.850246 0.190022 -0.490890
vn -0.631076 0.190022 -0.752087
vn -0.335788 0.190022 -0.922571
vn -0.000000 0.190022 -0.981780
vn 0.335788 0.190022 -0.922571
vn 0.631076 0.190022 -0.752087
vn 0.850246 0.190022 -0.490890
vn 0.966864 0.190022 -0.170484
vn 0.000000 -1.000000 0.000000
vn 0.000000 -1.000000 0.000000
vn 0.000000 -1.000000 0.000000
vn 0.000000 -1.000000 0.000000
vn 0.000000 -1.000000 0.000000
vn 0.000000 -1.000000 0.000000
vn 0.000000 -1.000000 0.000000
vn 0.000000 -1.000000 0.000000
vn 0.000000 -1.000000 0.000000
vn 0.000000 -1.000000 0.000000
vn 0.000000 -1.000000 0.000000
vn 0.000000 -1.000000 0.000000
vn 0.000000 -1.000000 0.000000
vn 0.000000 -1.000000 0.000000
vn 0.000000 -1.000000 0.000000
vn 0.000000 -1.000000 0.000000
vn 0.000000 -1.000000 0.000000
vn 0.000000 -1.000000 0.000000
vn 0.000000 -1.000000 0.000000
vn 0.000000 1.000000 0.000000
vn 0.000000 1.000000 0.000000
vn 0.000000 1.000000 0.000000
vn 0.000000 1.000000 0.000000
vn 0.000000 1.000000 0.000000
vn -0.000000 1.000000 0.000000
vn -0.000000 1.000000 0.000000
vn -0.000000 1.000000 0.000000
vn -0.000000 1.000000 0.000000
vn -0.000000 1.000000 0.000000
vn -0.000000 1.000000 -0.000000
vn -0.000000 1.000000 -0.000000
vn -0.000000 1.000000 -0.000000
vn -0.000000 1.000000 -0.000000
vn 0.000000 1.000000 -0.000000
vn 0.000000 1.000000 -0.000000
vn 0.000000 1.000000 -0.000000
vn 0.000000 1.000000 -0.000000
vn 0.382683 0.923880 0.000000
vn 0.359605 0.923880 0.130885
vn 0.293153 0.923880 0.245984
vn 0.191342 0.923880 0.331414
vn 0.066452 0.923880 0.376870
vn -0.066452 0.923880 0.376870
vn -0.191342 0.923880 0.331414
vn -0.293153 0.923880 0.245984
vn -0.359605 0.923880 0.130885
vn -0.382683 0.923880 0.000000
vn -0.359605 0.923880 -0.130885
vn -0.293153 0.923880 -0.245984
vn -0.191342 0.923880 -0.331414
vn -0.066452 0.923880 -0.376870
vn 0.066452 0.923880 -0.376870
vn 0.191342 0.923880 -0.331414
vn 0.293153 0.923880 -0.245984
vn 0.359605 0.923880 -0.130885
vn 0.707107 0.707107 0.000000
vn 0.664463 0.707107 0.241845
vn 0.541675 0.707107 0.454519
vn 0.353553 0.707107 0.612372
vn 0.122788 0.707107 0.696364
vn -0.122788 0.707107 0.696364
vn -0.353553 0.707107 0.612372
vn -0.541675 0.707107 0.454519
vn -0.664463 0.707107 0.241845
vn -0.707107 0.707107 0.000000
vn -0.664463 0.707107 -0.241845
vn -0.541675 0.707107 -0.454519
vn -0.353553 0.707107 -0.612372
vn -0.122788 0.707107 -0.696364
vn 0.122788 0.707107 -0.696364
vn 0.353553 0.707107 -0.612372
vn 0.541675 0.707107 -0.454519
vn 0.664463 0.707107 -0.241845
vn 0.923880 0.382683 0.000000
vn 0.868163 0.382683 0.315985
vn 0.707733 0.382683 0.593858
vn 0.461940 0.382683 0.800103
vn 0.160430 0.382683 0.909844
vn -0.160430 0.382683 0.909844
vn -0.461940 0.382683 0.800103
vn -0.707733 0.382683 0.593858
vn -0.868163 0.382683 0.315985
vn -0.923880 0.382683 0.000000
vn -0.868163 0.382683 -0.315985
vn -0.707733 0.382683 -0.593858
vn -0.461940 0.382683 -0.800103
vn -0.160430 0.382683 -0.909844
vn 0.160430 0.382683 -0.909844
vn 0.461940 0.382683 -0.800103
vn 0.707733 0.382683 -0.593858
vn 0.868163 0.382683 -0.315985
vn 1.000000 0.000000 0.000000
vn 0.939693 0.000000 0.342020
vn 0.766044 0.000000 0.642788
vn 0.500000 0.000000 0.866025
vn 0.173648 0.000000 0.984808
vn -0.173648 0.000000 0.984808
vn -0.500000 0.000000 0.866025
vn -0.766044 0.000000 0.642788
vn -0.939693 0.000000 0.342020
vn -1.000000 0.000000 0.000000
vn -0.939693 0.000000 -0.342020
vn -0.766044 0.000000 -0.642788
vn -0.500000 0.000000 -0.866025
vn -0.173648 0.000000 -0.984808
vn 0.173648 0.000000 -0.984808
vn 0.500000 0.000000 -0.866025
vn 0.766044 0.000000 -0.642788
vn 0.939693 0.000000 -0.342020
vn 0.923880 -0.382683 0.000000
vn 0.868163 -0.382683 0.315985
vn 0.707733 -0.382683 0.593858
vn 0.461940 -0.382683 0.800103
vn 0.160430 -0.382683 0.909844
vn -0.160430 -0.382683 0.909844
vn -0.461940 -0.382683 0.800103
vn -0.707733 -0.382683 0.593858
vn -0.868163 -0.382683 0.315985
vn -0.923880 -0.382683 0.000000
vn -0.868163 -0.382683 -0.315985
vn -0.707733 -0.382683 -0.593858
vn -0.461940 -0.382683 -0.800103
vn -0.160430 -0.382683 -0.909844
vn 0.160430 -0.382683 -0.909844
vn 0.461940 -0.382683 -0.800103
vn 0.707733 -0.382683 -0.593858
vn 0.868163 -0.382683 -0.315985
vn 0.707107 -0.707107 0.000000
vn 0.664463 -0.707107 0.241845
vn 0.541675 -0.707107 0.454519
vn 0.353553 -0.707107 0.612372
vn 0.122788 -0.707107 0.696364
vn -0.122788 -0.707107 0.696364
vn -0.353553 -0.707107 0.612372
vn -0.541675 -0.707107 0.454519
vn -0.664463 -0.707107 0.241845
vn -0.707107 -0.707107 0.000000
vn -0.664463 -0.707107 -0.241845
vn -0.541675 -0.707107 -0.454519
vn -0.353553 -0.707107 -0.612372
vn -0.122788 -0.707107 -0.696364
vn 0.122788 -0.707107 -0.696364
vn 0.353553 -0.707107 -0.612372
vn 0.541675 -0.707107 -0.454519
vn 0.664463 -0.707107 -0.241845
vn 0.382683 -0.923880 0.000000
vn 0.359605 -0.923880 0.130885
vn 0.293153 -0.923880 0.245984
vn 0.191342 -0.923880 0.331414
vn 0.066452 -0.923880 0.376870
vn -0.066452 -0.923880 0.376870
vn -0.191342 -0.923880 0.331414
vn -0.293153 -0.923880 0.245984
vn -0.359605 -0.923880 0.130885
vn -0.382683 -0.923880 0.000000
vn -0.359605 -0.923880 -0.130885
vn -0.293153 -0.923880 -0.245984
vn -0.191342 -0.923880 -0.331414
vn -0.066452 -0.923880 -0.376870
vn 0.066452 -0.923880 -0.376870
vn 0.191342 -0.923880 -0.331414
vn 0.293153 -0.923880 -0.245984
vn 0.359605 -0.923880 -0.130885
vn 0.000000 -1.000000 0.000000
vn 0.000000 -1.000000 0.000000
vn 0.000000 -1.000000 0.000000
vn 0.000000 -1.000000 0.000000
vn 0.000000 -1.000000 0.000000
vn -0.000000 -1.000000 0.000000
vn -0.000000 -1.000000 0.000000
vn -0.000000 -1.000000 0.000000
vn -0.000000 -1.000000 0.000000
vn -0.000000 -1.000000 0.000000
vn -0.000000 -1.000000 -0.000000
vn -0.000000 -1.000000 -0.000000
vn -0.000000 -1.000000 -0.000000
vn -0.000000 -1.000000 -0.000000
vn 0.000000 -1.000000 -0.000000
vn 0.000000 -1.000000 -0.000000
vn 0.000000 -1.000000 -0.000000
vn 0.000000 -1.000000 -0.000000
vn 0.981780 0.190022 0.000000
vn 0.922571 0.190022 0.335788
vn 0.752087 0.190022 0.631076
vn 0.490890 0.190022 0.850246
vn 0.170484 0.190022 0.966864
vn -0.170484 0.190022 0.966864
vn -0.490890 0.190022 0.850246
vn -0.752087 0.190022 0.631076
vn -0.922571 0.190022 0.335788
vn -0.981780 0.190022 0.000000
vn -0.922571 0.190022 -0.335788
vn -0.752087 0.190022 -0.631076
vn -0.490890 0.190022 -0.850246
vn -0.170484 0.190022 -0.966864
vn 0.170484 0.190022 -0.966864
vn 0.490890 0.190022 -0.850246
vn 0.752087 0.190022 -0.631076
vn 0.922571 0.190022 -0.335788
vn 0.966864 0.190022 0.170484
vn 0.850246 0.190022 0.490890
vn 0.631076 0.190022 0.752087
vn 0.335788 0.190022 0.922571
vn 0.000000 0.190022 0.981780
vn -0.335788 0.190022 0.922571
vn -0.631076 0.190022 0.752087
vn -0.850246 0.190022 0.490890
vn -0.966864 0.190022 0.170484
vn -0.966864 0.190022 -0.170484
vn -0.850246 0.190022 -0.490890
vn -0.631076 0.190022 -0.752087
vn -0.335788 0.190022 -0.922571
vn -0.000000 0.190022 -0.981780
vn 0.335788 0.190022 -0.922571
vn 0.631076 0.190022 -0.752087
vn 0.850246 0.190022 -0.490890
vn 0.966864 0.190022 -0.170484
vn 0.000000 -1.000000 0.000000
vn 0.000000 -1.000000 0.000000
vn 0.000000 -1.000000 0.000000
vn 0.000000 -1.000000 0.000000
vn 0.000000 -1.000000 0.000000
vn 0.000000 -1.000000 0.000000
vn 0.000000 -1.000000 0.000000
vn 0.000000 -1.000000 0.000000
vn 0.000000 -1.000000 0.000000
vn 0.000000 -1.000000 0.000000
vn 0.000000 -1.000000 0.000000
vn 0.000000 -1.000000 0.000000
vn 0.000000 -1.000000 0.000000
vn 0.000000 -1.000000 0.000000
vn 0.000000 -1.000000 0.000000
vn 0.000000 -1.000000 0.000000
vn 0.000000 -1.000000 0.000000
vn 0.000000 -1.000000 0.000000
vn 0.000000 -1.000000 0.000000
vn 0.000000 1.000000 0.000000
vn 0.000000 1.000000 0.000000
vn 0.000000 1.000000 0.000000
vn 0.000000 1.000000 0.000000
vn 0.000000 1.000000 0.000000
vn -0.000000 1.000000 0.000000
vn -0.000000 1.000000 0.000000
vn -0.000000 1.000000 0.000000
vn -0.000000 1.000000 0.000000
vn -0.000000 1.000000 0.000000
vn -0.000000 1.000000 -0.000000
vn -0.000000 1.000000 -0.000000
vn -0.000000 1.000000 -0.000000
vn -0.000000 1.000000 -0.000000
vn 0.000000 1.000000 -0.000000
vn 0.000000 1.000000 -0.000000
vn 0.000000 1.000000 -0.000000
vn 0.000000 1.000000 -0.000000
vn 0.382683 0.923880 0.000000
vn 0.359605 0.923880 0.130885
vn 0.293153 0.923880 0.245984
vn 0.191342 0.923880 0.331414
vn 0.066452 0.923880 0.376870
vn -0.066452 0.923880 0.376870
vn -0.191342 0.923880 0.331414
vn -0.293153 0.923880 0.245984
vn -0.359605 0.923880 0.130885
vn -0.382683 0.923880 0.000000
vn -0.359605 0.923880 -0.130885
vn -0.293153 0.923880 -0.245984
vn -0.191342 0.923880 -0.331414
vn -0.066452 0.923880 -0.376870
vn 0.066452 0.923880 -0.376870
vn 0.191342 0.923880 -0.331414
vn 0.293153 0.923880 -0.245984
vn 0.359605 0.923880 -0.130885
vn 0.707107 0.707107 0.000000
vn 0.664463 0.707107 0.241845
vn 0.541675 0.707107 0.454519
vn 0.353553 0.707107 0.612372
vn 0.122788 0.707107 0.696364
vn -0.122788 0.707107 0.696364
vn -0.353553 0.707107 0.612372
vn -0.541675 0.707107 0.454519
vn -0.664463 0.707107 0.241845
vn -0.707107 0.707107 0.000000
vn -0.664463 0.707107 -0.241845
vn -0.541675 0.707107 -0.454519
vn -0.353553 0.707107 -0.612372
vn -0.122788 0.707107 -0.696364
vn 0.122788 0.707107 -0.696364
vn 0.353553 0.707107 -0.612372
vn 0.541675 0.707107 -0.454519
vn 0.664463 0.707107 -0.241845
vn 0.923880 0.382683 0.000000
vn 0.868163 0.382683 0.315985
vn 0.707733 0.382683 0.593858
vn 0.461940 0.382683 0.800103
vn 0.160430 0.382683 0.909844
vn -0.160430 0.382683 0.909844
vn -0.461940 0.382683 0.800103
vn -0.707733 0.382683 0.593858
vn -0.868163 0.382683 0.315985
vn -0.923880 0.382683 0.000000
vn -0.868163 0.382683 -0.315985
vn -0.707733 0.382683 -0.593858
vn -0.461940 0.382683 -0.800103
vn -0.160430 0.382683 -0.909844
vn 0.160430 0.382683 -0.909844
vn 0.461940 0.382683 -0.800103
vn 0.707733 0.382683 -0.593858
vn 0.868163 0.382683 -0.315985
vn 1.000000 0.000000 0.000000
vn 0.939693 0.000000 0.342020
vn 0.766044 0.000000 0.642788
vn 0.500000 0.000000 0.866025
vn 0.173648 0.000000 0.984808
vn -0.173648 0.000000 0.984808
vn -0.500000 0.000000 0.866025
vn -0.766044 0.000000 0.642788
vn -0.939693 0.000000 0.342020
vn -1.000000 0.000000 0.000000
vn -0.939693 0.000000 -0.342020
vn -0.766044 0.000000 -0.642788
vn -0.500000 0.000000 -0.866025
vn -0.173648 0.000000 -0.984808
vn 0.173648 0.000000 -0.984808
vn 0.500000 0.000000 -0.866025
vn 0.766044 0.000000 -0.642788
vn 0.939693 0.000000 -0.342020
vn 0.923880 -0.382683 0.000000
vn 0.868163 -0.382683 0.315985
vn 0.707733 -0.382683 0.593858
vn 0.461940 -0.382683 0.800103
vn 0.160430 -0.382683 0.909844
vn -0.160430 -0.382683 0.909844
vn -0.461940 -0.382683 0.800103
vn -0.707733 -0.382683 0.593858
vn -0.868163 -0.382683 0.315985
vn -0.923880 -0.382683 0.000000
vn -0.868163 -0.382683 -0.315985
vn -0.707733 -0.382683 -0.593858
vn -0.461940 -0.382683 -0.800103
vn -0.160430 -0.382683 -0.909844
vn 0.160430 -0.382683 -0.909844
vn 0.461940 -0.382683 -0.800103
vn 0.707733 -0.382683 -0.593858
vn 0.868163 -0.382683 -0.315985
vn 0.707107 -0.707107 0.000000
vn 0.664463 -0.707107 0.241845
vn 0.541675 -0.707107 0.454519
vn 0.353553 -0.707107 0.612372
vn 0.122788 -0.707107 0.696364
vn -0.122788 -0.707107 0.696364
vn -0.353553 -0.707107 0.612372
vn -0.541675 -0.707107 0.454519
vn -0.664463 -0.707107 0.241845
vn -0.707107 -0.707107 0.000000
vn -0.664463 -0.707107 -0.241845
vn -0.541675 -0.707107 -0.454519
vn -0.353553 -0.707107 -0.612372
vn -0.122788 -0.707107 -0.696364
vn 0.122788 -0.707107 -0.696364
vn 0.353553 -0.707107 -0.612372
vn 0.541675 -0.707107 -0.454519
vn 0.664463 -0.707107 -0.241845
vn 0.382683 -0.923880 0.000000
vn 0.359605 -0.923880 0.130885
vn 0.293153 -0.923880 0.245984
vn 0.191342 -0.923880 0.331414
vn 0.066452 -0.923880 0.376870
vn -0.066452 -0.923880 0.376870
vn -0.191342 -0.923880 0.331414
vn -0.293153 -0.923880 0.245984
vn -0.359605 -0.923880 0.130885
vn -0.382683 -0.923880 0.000000
vn -0.359605 -0.923880 -0.130885
vn -0.293153 -0.923880 -0.245984
vn -0.191342 -0.923880 -0.331414
vn -0.066452 -0.923880 -0.376870
vn 0.066452 -0.923880 -0.376870
vn 0.191342 -0.923880 -0.331414
vn 0.293153 -0.923880 -0.245984
vn 0.359605 -0.923880 -0.130885
vn 0.000000 -1.000000 0.000000
vn 0.000000 -1.000000 0.000000
vn 0.000000 -1.000000 0.000000
vn 0.000000 -1.000000 0.000000
vn 0.000000 -1.000000 0.000000
vn -0.000000 -1.000000 0.000000
vn -0.000000 -1.000000 0.000000
vn -0.000000 -1.000000 0.000000
vn -0.000000 -1.000000 0.000000
vn -0.000000 -1.000000 0.000000
vn -0.000000 -1.000000 -0.000000
vn -0.000000 -1.000000 -0.000000
vn -0.000000 -1.000000 -0.000000
vn -0.000000 -1.000000 -0.000000
vn 0.000000 -1.000000 -0.000000
vn 0.000000 -1.000000 -0.000000
vn 0.000000 -1.000000 -0.000000
vn 0.000000 -1.000000 -0.000000
vn 0.981780 0.190022 0.000000
vn 0.922571 0.190022 0.335788
vn 0.752087 0.190022 0.631076
vn 0.490890 0.190022 0.850246
vn 0.170484 0.190022 0.966864
vn -0.170484 0.190022 0.966864
vn -0.490890 0.190022 0.850246
vn -0.752087 0.190022 0.631076
vn -0.922571 0.190022 0.335788
vn -0.981780 0.190022 0.000000
vn -0.922571 0.190022 -0.335788
vn -0.752087 0.190022 -0.631076
vn -0.490890 0.190022 -0.850246
vn -0.170484 0.190022 -0.966864
vn 0.170484 0.190022 -0.966864
vn 0.490890 0.190022 -0.850246
vn 0.752087 0.190022 -0.631076
vn 0.922571 0.190022 -0.335788
vn 0.966864 0.190022 0.170484
vn 0.850246 0.190022 0.490890
vn 0.631076 0.190022 0.752087
vn 0.335788 0.190022 0.922571
vn 0.000000 0.190022 0.981780
vn -0.335788 0.190022 0.922571
vn -0.631076 0.190022 0.752087
vn -0.850246 0.190022 0.490890
vn -0.966864 0.190022 0.170484
vn -0.966864 0.190022 -0.170484
vn -0.850246 0.190022 -0.490890
vn -0.631076 0.190022 -0.752087
vn -0.335788 0.190022 -0.922571
vn -0.000000 0.190022 -0.981780
vn 0.335788 0.190022 -0.922571
vn 0.631076 0.190022 -0.752087
vn 0.850246 0.190022 -0.490890
vn 0.966864 0.190022 -0.170484
vn 0.000000 -1.000000 0.000000
vn 0.000000 -1.000000 0.000000
vn 0.000000 -1.000000 0.000000
vn 0.000000 -1.000000 0.000000
vn 0.000000 -1.000000 0.000000
vn 0.000000 -1.000000 0.000000
vn 0.000000 -1.000000 0.000000
vn 0.000000 -1.000000 0.000000
vn 0.000000 -1.000000 0.000000
vn 0.000000 -1.000000 0.000000
vn 0.000000 -1.000000 0.000000
vn 0.000000 -1.000000 0.000000
vn 0.000000 -1.000000 0.000000
vn 0.000000 -1.000000 0.000000
vn 0.000000 -1.000000 0.000000
vn 0.000000 -1.000000 0.000000
vn 0.000000 -1.000000 0.000000
vn 0.000000 -1.000000 0.000000
vn 0.000000 -1.000000 0.000000
vn 0.000000 1.000000 0.000000
vn 0.000000 1.000000 0.000000
vn 0.000000 1.000000 0.000000
vn 0.000000 1.000000 0.000000
vn 0.000000 1.000000 0.000000
vn -0.000000 1.000000 0.000000
vn -0.000000 1.000000 0.000000
vn -0.000000 1.000000 0.000000
vn -0.000000 1.000000 0.000000
vn -0.000000 1.000000 0.000000
vn -0.000000 1.000000 -0.000000
vn -0.000000 1.000000 -0.000000
vn -0.000000 1.000000 -0.000000
vn -0.000000 1.000000 -0.000000
vn 0.000000 1.000000 -0.000000
vn 0.000000 1.000000 -0.000000
vn 0.000000 1.000000 -0.000000
vn 0.000000 1.000000 -0.000000
vn 0.382683 0.923880 0.000000
vn 0.359605 0.923880 0.130885
vn 0.293153 0.923880 0.245984
vn 0.191342 0.923880 0.331414
vn 0.066452 0.923880 0.376870
vn -0.066452 0.923880 0.376870
vn -0.191342 0.923880 0.331414
vn -0.293153 0.923880 0.245984
vn -0.359605 0.923880 0.130885
vn -0.382683 0.923880 0.000000
vn -0.359605 0.923880 -0.130885
vn -0.293153 0.923880 -0.245984
vn -0.191342 0.923880 -0.331414
vn -0.066452 0.923880 -0.376870
vn 0.066452 0.923880 -0.376870
vn 0.191342 0.923880 -0.331414
vn 0.293153 0.923880 -0.245984
vn 0.359605 0.923880 -0.130885
vn 0.707107 0.707107 0.000000
vn 0.664463 0.707107 0.241845
vn 0.541675 0.707107 0.454519
vn 0.353553 0.707107 0.612372
vn 0.122788 0.707107 0.696364
vn -0.122788 0.707107 0.696364
vn -0.353553 0.707107 0.612372
vn -0.541675 0.707107 0.454519
vn -0.664463 0.707107 0.241845
vn -0.707107 0.707107 0.000000
vn -0.664463 0.707107 -0.241845
vn -0.541675 0.707107 -0.454519
vn -0.353553 0.707107 -0.612372
vn -0.122788 0.707107 -0.696364
vn 0.122788 0.707107 -0.696364
vn 0.353553 0.707107 -0.612372
vn 0.541675 0.707107 -0.454519
vn 0.664463 0.707107 -0.241845
vn 0.923880 0.382683 0.000000
vn 0.868163 0.382683 0.315985
vn 0.707733 0.382683 0.593858
vn 0.461940 0.382683 0.800103
vn 0.160430 0.382683 0.909844
vn -0.160430 0.382683 0.909844
vn -0.461940 0.382683 0.800103
vn -0.707733 0.382683 0.593858
vn -0.868163 0.382683 0.315985
vn -0.923880 0.382683 0.000000
vn -0.868163 0.382683 -0.315985
vn -0.707733 0.382683 -0.593858
vn -0.461940 0.382683 -0.800103
vn -0.160430 0.382683 -0.909844
vn 0.160430 0.382683 -0.909844
vn 0.461940 0.382683 -0.800103
vn 0.707733 0.382683 -0.593858
vn 0.868163 0.382683 -0.315985
vn 1.000000 0.000000 0.000000
vn 0.939693 0.000000 0.342020
vn 0.766044 0.000000 0.642788
vn 0.500000 0.000000 0.866025
vn 0.173648 0.000000 0.984808
vn -0.173648 0.000000 0.984808
vn -0.500000 0.000000 0.866025
vn -0.766044 0.000000 0.642788
vn -0.939693 0.000000 0.342020
vn -1.000000 0.000000 0.000000
vn -0.939693 0.000000 -0.342020
vn -0.766044 0.000000 -0.642788
vn -0.500000 0.000000 -0.866025
vn -0.173648 0.000000 -0.984808
vn 0.173648 0.000000 -0.984808
vn 0.500000 0.000000 -0.866025
vn 0.766044 0.000000 -0.642788
vn 0.939693 0.000000 -0.342020
vn 0.923880 -0.382683 0.000000
vn 0.868163 -0.382683 0.315985
vn 0.707733 -0.382683 0.593858
vn 0.461940 -0.382683 0.800103
vn 0.160430 -0.382683 0.909844
vn -0.160430 -0.382683 0.909844
vn -0.461940 -0.382683 0.800103
vn -0.707733 -0.382683 0.593858
vn -0.868163 -0.382683 0.315985
vn -0.923880 -0.382683 0.000000
vn -0.868163 -0.382683 -0.315985
vn -0.707733 -0.382683 -0.593858
vn -0.461940 -0.382683 -0.800103
vn -0.160430 -0.382683 -0.909844
vn 0.160430 -0.382683 -0.909844
vn 0.461940 -0.382683 -0.800103
vn 0.707733 -0.382683 -0.593858
vn 0.868163 -0.382683 -0.315985
vn 0.707107 -0.707107 0.000000
vn 0.664463 -0.707107 0.241845
vn 0.541675 -0.707107 0.454519
vn 0.353553 -0.707107 0.612372
vn 0.122788 -0.707107 0.696364
vn -0.122788 -0.707107 0.696364
vn -0.353553 -0.707107 0.612372
vn -0.541675 -0.707107 0.454519
vn -0.664463 -0.707107 0.241845
vn -0.707107 -0.707107 0.000000
vn -0.664463 -0.707107 -0.241845
vn -0.541675 -0.707107 -0.454519
vn -0.353553 -0.707107 -0.612372
vn -0.122788 -0.707107 -0.696364
vn 0.122788 -0.707107 -0.696364
vn 0.353553 -0.707107 -0.612372
vn 0.541675 -0.707107 -0.454519
vn 0.664463 -0.707107 -0.241845
vn 0.382683 -0.923880 0.000000
vn 0.359605 -0.923880 0.130885
vn 0.293153 -0.923880 0.245984
vn 0.191342 -0.923880 0.331414
vn 0.066452 -0.923880 0.376870
vn -0.066452 -0.923880 0.376870
vn -0.191342 -0.923880 0.331414
vn -0.293153 -0.923880 0.245984
vn -0.359605 -0.923880 0.130885
vn -0.382683 -0.923880 0.000000
vn -0.359605 -0.923880 -0.130885
vn -0.293153 -0.923880 -0.245984
vn -0.191342 -0.923880 -0.331414
vn -0.066452 -0.923880 -0.376870
vn 0.066452 -0.923880 -0.376870
vn 0.191342 -0.923880 -0.331414
vn 0.293153 -0.923880 -0.245984
vn 0.359605 -0.923880 -0.130885
vn 0.000000 -1.000000 0.000000
vn 0.000000 -1.000000 0.000000
vn 0.000000 -1.000000 0.000000
vn 0.000000 -1.000000 0.000000
vn 0.000000 -1.000000 0.000000
vn -0.000000 -1.000000 0.000000
vn -0.000000 -1.000000 0.000000
vn -0.000000 -1.000000 0.000000
vn -0.000000 -1.000000 0.000000
vn -0.000000 -1.000000 0.000000
vn -0.000000 -1.000000 -0.000000
vn -0.000000 -1.000000 -0.000000
vn -0.000000 -1.000000 -0.000000
vn -0.000000 -1.000000 -0.000000
vn 0.000000 -1.000000 -0.000000
vn 0.000000 -1.000000 -0.000000
vn 0.000000 -1.000000 -0.000000
vn 0.000000 -1.000000 -0.000000
vn 0.981780 0.190022 0.000000
vn 0.922571 0.190022 0.335788
vn 0.752087 0.190022 0.631076
vn 0.490890 0.190022 0.850246
vn 0.170484 0.190022 0.966864
vn -0.170484 0.190022 0.966864
vn -0.490890 0.190022 0.850246
vn -0.752087 0.190022 0.631076
vn -0.922571 0.190022 0.335788
vn -0.981780 0.190022 0.000000
vn -0.922571 0.190022 -0.335788
vn -0.752087 0.190022 -0.631076
vn -0.490890 0.190022 -0.850246
vn -0.170484 0.190022 -0.966864
vn 0.170484 0.190022 -0.966864
vn 0.490890 0.190022 -0.850246
vn 0.752087 0.190022 -0.631076
vn 0.922571 0.190022 -0.335788
vn 0.966864 0.190022 0.170484
vn 0.850246 0.190022 0.490890
vn 0.631076 0.190022 0.752087
vn 0.335788 0.190022 0.922571
vn 0.000000 0.190022 0.981780
vn -0.335788 0.190022 0.922571
vn -0.631076 0.190022 0.752087
vn -0.850246 0.190022 0.490890
vn -0.966864 0.190022 0.170484
vn -0.966864 0.190022 -0.170484
vn -0.850246 0.190022 -0.490890
vn -0.631076 0.190022 -0.752087
vn -0.335788 0.190022 -0.922571
vn -0.000000 0.190022 -0.981780
vn 0.335788 0.190022 -0.922571
vn 0.631076 0.190022 -0.752087
vn 0.850246 0.190022 -0.490890
vn 0.966864 0.190022 -0.170484
vn 0.000000 -1.000000 0.000000
vn 0.000000 -1.000000 0.000000
vn 0.000000 -1.000000 0.000000
vn 0.000000 -1.000000 0.000000
vn 0.000000 -1.000000 0.000000
vn 0.000000 -1.000000 0.000000
vn 0.000000 -1.000000 0.000000
vn 0.000000 -1.000000 0.000000
vn 0.000000 -1.000000 0.000000
vn 0.000000 -1.000000 0.000000
vn 0.000000 -1.000000 0.000000
vn 0.000000 -1.000000 0.000000
vn 0.000000 -1.000000 0.000000
vn 0.000000 -1.000000 0.000000
vn 0.000000 -1.000000 0.000000
vn 0.000000 -1.000000 0.000000
vn 0.000000 -1.000000 0.000000
vn 0.000000 -1.000000 0.000000
vn 0.000000 -1.000000 0.000000
vn 0.000000 1.000000 0.000000
vn 0.000000 1.000000 0.000000
vn 0.000000 1.000000 0.000000
vn 0.000000 1.000000 0.000000
vn 0.000000 1.000000 0.000000
vn -0.000000 1.000000 0.000000
vn -0.000000 1.000000 0.000000
vn -0.000000 1.000000 0.000000
vn -0.000000 1.000000 0.000000
vn -0.000000 1.000000 0.000000
vn -0.000000 1.000000 -0.000000
vn -0.000000 1.000000 -0.000000
vn -0.000000 1.000000 -0.000000
vn -0.000000 1.000000 -0.000000
vn 0.000000 1.000000 -0.000000
vn 0.000000 1.000000 -0.000000
vn 0.000000 1.000000 -0.000000
vn 0.000000 1.000000 -0.000000
vn 0.382683 0.923880 0.000000
vn 0.359605 0.923880 0.130885
vn 0.293153 0.923880 0.245984
vn 0.191342 0.923880 0.331414
vn 0.066452 0.923880 0.376870
vn -0.066452 0.923880 0.376870
vn -0.191342 0.923880 0.331414
vn -0.293153 0.923880 0.245984
vn -0.359605 0.923880 0.130885
vn -0.382683 0.923880 0.000000
vn -0.359605 0.923880 -0.130885
vn -0.293153 0.923880 -0.245984
vn -0.191342 0.923880 -0.331414
vn -0.066452 0.923880 -0.376870
vn 0.066452 0.923880 -0.376870
vn 0.191342 0.923880 -0.331414
vn 0.293153 0.923880 -0.245984
vn 0.359605 0.923880 -0.130885
vn 0.707107 0.707107 0.000000
vn 0.664463 0.707107 0.241845
vn 0.541675 0.707107 0.454519
vn 0.353553 0.707107 0.612372
vn 0.122788 0.707107 0.696364
vn -0.122788 0.707107 0.696364
vn -0.353553 0.707107 0.612372
vn -0.541675 0.707107 0.454519
vn -0.664463 0.707107 0.241845
vn -0.707107 0.707107 0.000000
vn -0.664463 0.707107 -0.241845
vn -0.541675 0.707107 -0.454519
vn -0.353553 0.707107 -0.612372
vn -0.122788 0.707107 -0.696364
vn 0.122788 0.707107 -0.696364
vn 0.353553 0.707107 -0.612372
vn 0.541675 0.707107 -0.454519
vn 0.664463 0.707107 -0.241845
vn 0.923880 0.382683 0.000000
vn 0.868163 0.382683 0.315985
vn 0.707733 0.382683 0.593858
vn 0.461940 0.382683 0.800103
vn 0.160430 0.382683 0.909844
vn -0.160430 0.382683 0.909844
vn -0.461940 0.382683 0.800103
vn -0.707733 0.382683 0.593858
vn -0.868163 0.382683 0.315985
vn -0.923880 0.382683 0.000000
vn -0.868163 0.382683 -0.315985
vn -0.707733 0.382683 -0.593858
vn -0.461940 0.382683 -0.800103
vn -0.160430 0.382683 -0.909844
vn 0.160430 0.382683 -0.909844
vn 0.461940 0.382683 -0.800103
vn 0.707733 0.382683 -0.593858
vn 0.868163 0.382683 -0.315985
vn 1.000000 0.000000 0.000000
vn 0.939693 0.000000 0.342020
vn 0.766044 0.000000 0.642788
vn 0.500000 0.000000 0.866025
vn 0.173648 0.000000 0.984808
vn -0.173648 0.000000 0.984808
vn -0.500000 0.000000 0.866025
vn -0.766044 0.000000 0.642788
vn -0.939693 0.000000 0.342020
vn -1.000000 0.000000 0.000000
vn -0.939693 0.000000 -0.342020
vn -0.766044 0.000000 -0.642788
vn -0.500000 0.000000 -0.866025
vn -0.173648 0.000000 -0.984808
vn 0.173648 0.000000 -0.984808
vn 0.500000 0.000000 -0.866025
vn 0.766044 0.000000 -0.642788
vn 0.939693 0.000000 -0.342020
vn 0.923880 -0.382683 0.000000
vn 0.868163 -0.382683 0.315985
vn 0.707733 -0.382683 0.593858
vn 0.461940 -0.382683 0.800103
vn 0.160430 -0.382683 0.909844
vn -0.160430 -0.382683 0.909844
vn -0.461940 -0.382683 0.800103
vn -0.707733 -0.382683 0.593858
vn -0.868163 -0.382683 0.315985
vn -0.923880 -0.382683 0.000000
vn -0.868163 -0.382683 -0.315985
vn -0.707733 -0.382683 -0.593858
vn -0.461940 -0.382683 -0.800103
vn -0.160430 -0.382683 -0.909844
vn 0.160430 -0.382683 -0.909844
vn 0.461940 -0.382683 -0.800103
vn 0.707733 -0.382683 -0.593858
vn 0.868163 -0.382683 -0.315985
vn 0.707107 -0.707107 0.000000
vn 0.664463 -0.707107 0.241845
vn 0.541675 -0.707107 0.454519
vn 0.353553 -0.707107 0.612372
vn 0.122788 -0.707107 0.696364
vn -0.122788 -0.707107 0.696364
vn -0.353553 -0.707107 0.612372
vn -0.541675 -0.707107 0.454519
vn -0.664463 -0.707107 0.241845
vn -0.707107 -0.707107 0.000000
vn -0.664463 -0.707107 -0.241845
vn -0.541675 -0.707107 -0.454519
vn -0.353553 -0.707107 -0.612372
vn -0.122788 -0.707107 -0.696364
vn 0.122788 -0.707107 -0.696364
vn 0.353553 -0.707107 -0.612372
vn 0.541675 -0.707107 -0.454519
vn 0.664463 -0.707107 -0.241845
vn 0.382683 -0.923880 0.000000
vn 0.359605 -0.923880 0.130885
vn 0.293153 -0.923880 0.245984
vn 0.191342 -0.923880 0.331414
vn 0.066452 -0.923880 0.376870
vn -0.066452 -0.923880 0.376870
vn -0.191342 -0.923880 0.331414
vn -0.293153 -0.923880 0.245984
vn -0.359605 -0.923880 0.130885
vn -0.382683 -0.923880 0.000000
vn -0.359605 -0.923880 -0.130885
vn -0.293153 -0.923880 -0.245984
vn -0.191342 -0.923880 -0.331414
vn -0.066452 -0.923880 -0.376870
vn 0.066452 -0.923880 -0.376870
vn 0.191342 -0.923880 -0.331414
vn 0.293153 -0.923880 -0.245984
vn 0.359605 -0.923880 -0.130885
vn 0.000000 -1.000000 0.000000
vn 0.000000 -1.000000 0.000000
vn 0.000000 -1.000000 0.000000
vn 0.000000 -1.000000 0.000000
vn 0.000000 -1.000000 0.000000
vn -0.000000 -1.000000 0.000000
vn -0.000000 -1.000000 0.000000
vn -0.000000 -1.000000 0.000000
vn -0.000000 -1.000000 0.000000
vn -0.000000 -1.000000 0.000000
vn -0.000000 -1.000000 -0.000000
vn -0.000000 -1.000000 -0.000000
vn -0.000000 -1.000000 -0.000000
vn -0.000000 -1.000000 -0.000000
vn 0.000000 -1.000000 -0.000000
vn 0.000000 -1.000000 -0.000000
vn 0.000000 -1.000000 -0.000000
vn 0.000000 -1.000000 -0.000000
vn 0.981780 0.190022 0.000000
vn 0.922571 0.190022 0.335788
vn 0.752087 0.190022 0.631076
vn 0.490890 0.190022 0.850246
vn 0.170484 0.190022 0.966864
vn -0.170484 0.190022 0.966864
vn -0.490890 0.190022 0.850246
vn -0.752087 0.190022 0.631076
vn -0.922571 0.190022 0.335788
vn -0.981780 0.190022 0.000000
vn -0.922571 0.190022 -0.335788
vn -0.752087 0.190022 -0.631076
vn -0.490890 0.190022 -0.850246
vn -0.170484 0.190022 -0.966864
vn 0.170484 0.190022 -0.966864
vn 0.490890 0.190022 -0.850246
vn 0.752087 0.190022 -0.631076
vn 0.922571 0.190022 -0.335788
vn 0.966864 0.190022 0.170484
vn 0.850246 0.190022 0.490890
vn 0.631076 0.190022 0.752087
vn 0.335788 0.190022 0.922571
vn 0.000000 0.190022 0.981780
vn -0.335788 0.190022 0.922571
vn -0.631076 0.190022 0.752087
vn -0.850246 0.190022 0.490890
vn -0.966864 0.190022 0.170484
vn -0.966864 0.190022 -0.170484
vn -0.850246 0.190022 -0.490890
vn -0.631076 0.190022 -0.752087
vn -0.335788 0.190022 -0.922571
vn -0.000000 0.190022 -0.981780
vn 0.335788 0.190022 -0.922571
vn 0.631076 0.190022 -0.752087
vn 0.850246 0.190022 -0.490890
vn 0.966864 0.190022 -0.170484
vn 0.000000 -1.000000 0.000000
vn 0.000000 -1.000000 0.000000
vn 0.000000 -1.000000 0.000000
vn 0.000000 -1.000000 0.000000
vn 0.000000 -1.000000 0.000000
vn 0.000000 -1.000000 0.000000
vn 0.000000 -1.000000 0.000000
vn 0.000000 -1.000000 0.000000
vn 0.000000 -1.000000 0.000000
vn 0.000000 -1.000000 0.000000
vn 0.000000 -1.000000 0.000000
vn 0.000000 -1.000000 0.000000
vn 0.000000 -1.000000 0.000000
vn 0.000000 -1.000000 0.000000
vn 0.000000 -1.000000 0.000000
vn 0.000000 -1.000000 0.000000
vn 0.000000 -1.000000 0.000000
vn 0.000000 -1.000000 0.000000
vn 0.000000 -1.000000 0.000000
vn 0.000000 1.000000 0.000000
vn 0.000000 1.000000 0.000000
vn 0.000000 1.000000 0.000000
vn 0.000000 1.000000 0.000000
vn 0.000000 1.000000 0.000000
vn -0.000000 1.000000 0.000000
vn -0.000000 1.000000 0.000000
vn -0.000000 1.000000 0.000000
vn -0.000000 1.000000 0.000000
vn -0.000000 1.000000 0.000000
vn -0.000000 1.000000 -0.000000
vn -0.000000 1.000000 -0.000000
vn -0.000000 1.000000 -0.000000
vn -0.000000 1.000000 -0.000000
vn 0.000000 1.000000 -0.000000
vn 0.000000 1.000000 -0.000000
vn 0.000000 1.000000 -0.000000
vn 0.000000 1.000000 -0.000000
vn 0.382683 0.923880 0.000000
vn 0.359605 0.923880 0.130885
vn 0.293153 0.923880 0.245984
vn 0.191342 0.923880 0.331414
vn 0.066452 0.923880 0.376870
vn -0.066452 0.923880 0.376870
vn -0.191342 0.923880 0.331414
vn -0.293153 0.923880 0.245984
vn -0.359605 0.923880 0.130885
vn -0.382683 0.923880 0.000000
vn -0.359605 0.923880 -0.130885
vn -0.293153 0.923880 -0.245984
vn -0.191342 0.923880 -0.331414
vn -0.066452 0.923880 -0.376870
vn 0.066452 0.923880 -0.376870
vn 0.191342 0.923880 -0.331414
vn 0.293153 0.923880 -0.245984
vn 0.359605 0.923880 -0.130885
vn 0.707107 0.707107 0.000000
vn 0.664463 0.707107 0.241845
vn 0.541675 0.707107 0.454519
vn 0.353553 0.707107 0.612372
vn 0.122788 0.707107 0.696364
vn -0.122788 0.707107 0.696364
vn -0.353553 0.707107 0.612372
vn -0.541675 0.707107 0.454519
vn -0.664463 0.707107 0.241845
vn -0.707107 0.707107 0.000000
vn -0.664463 0.707107 -0.241845
vn -0.541675 0.707107 -0.454519
vn -0.353553 0.707107 -0.612372
vn -0.122788 0.707107 -0.696364
vn 0.122788 0.707107 -0.696364
vn 0.353553 0.707107 -0.612372
vn 0.541675 0.707107 -0.454519
vn 0.664463 0.707107 -0.241845
vn 0.923880 0.382683 0.000000
vn 0.868163 0.382683 0.315985
vn 0.707733 0.382683 0.593858
vn 0.461940 0.382683 0.800103
vn 0.160430 0.382683 0.909844
vn -0.160430 0.382683 0.909844
vn -0.461940 0.382683 0.800103
vn -0.707733 0.382683 0.593858
vn -0.868163 0.382683 0.315985
vn -0.923880 0.382683 0.000000
vn -0.868163 0.382683 -0.315985
vn -0.707733 0.382683 -0.593858
vn -0.461940 0.382683 -0.800103
vn -0.160430 0.382683 -0.909844
vn 0.160430 0.382683 -0.909844
vn 0.461940 0.382683 -0.800103
vn 0.707733 0.382683 -0.593858
vn 0.868163 0.382683 -0.315985
vn 1.000000 0.000000 0.000000
vn 0.939693 0.000000 0.342020
vn 0.766044 0.000000 0.642788
vn 0.500000 0.000000 0.866025
vn 0.173648 0.000000 0.984808
vn -0.173648 0.000000 0.984808
vn -0.500000 0.000000 0.866025
vn -0.766044 0.000000 0.642788
vn -0.939693 0.000000 0.342020
vn -1.000000 0.000000 0.000000
vn -0.939693 0.000000 -0.342020
vn -0.766044 0.000000 -0.642788
vn -0.500000 0.000000 -0.866025
vn -0.173648 0.000000 -0.984808
vn 0.173648 0.000000 -0.984808
vn 0.500000 0.000000 -0.866025
vn 0.766044 0.000000 -0.642788
vn 0.939693 0.000000 -0.342020
vn 0.923880 -0.382683 0.000000
vn 0.868163 -0.382683 0.315985
vn 0.707733 -0.382683 0.593858
vn 0.461940 -0.382683 0.800103
vn 0.160430 -0.382683 0.909844
vn -0.160430 -0.382683 0.909844
vn -0.461940 -0.382683 0.800103
vn -0.707733 -0.382683 0.593858
vn -0.868163 -0.382683 0.315985
vn -0.923880 -0.382683 0.000000
vn -0.868163 -0.382683 -0.315985
vn -0.707733 -0.382683 -0.593858
vn -0.461940 -0.382683 -0.800103
vn -0.160430 -0.382683 -0.909844
vn 0.160430 -0.382683 -0.909844
vn 0.461940 -0.382683 -0.800103
vn 0.707733 -0.382683 -0.593858
vn 0.868163 -0.382683 -0.315985
vn 0.707107 -0.707107 0.000000
vn 0.664463 -0.707107 0.241845
vn 0.541675 -0.707107 0.454519
vn 0.353553 -0.707107 0.612372
vn 0.122788 -0.707107 0.696364
vn -0.122788 -0.707107 0.696364
vn -0.353553 -0.707107 0.612372
vn -0.541675 -0.707107 0.454519
vn -0.664463 -0.707107 0.241845
vn -0.707107 -0.707107 0.000000
vn -0.664463 -0.707107 -0.241845
vn -0.541675 -0.707107 -0.454519
vn -0.353553 -0.707107 -0.612372
vn -0.122788 -0.707107 -0.696364
vn 0.122788 -0.707107 -0.696364
vn 0.353553 -0.707107 -0.612372
vn 0.541675 -0.707107 -0.454519
vn 0.664463 -0.707107 -0.241845
vn 0.382683 -0.923880 0.000000
vn 0.359605 -0.923880 0.130885
vn 0.293153 -0.923880 0.245984
vn 0.191342 -0.923880 0.331414
vn 0.066452 -0.923880 0.376870
vn -0.066452 -0.923880 0.376870
vn -0.191342 -0.923880 0.331414
vn -0.293153 -0.923880 0.245984
vn -0.359605 -0.923880 0.130885
vn -0.382683 -0.923880 0.000000
vn -0.359605 -0.923880 -0.130885
vn -0.293153 -0.923880 -0.245984
vn -0.191342 -0.923880 -0.331414
vn -0.066452 -0.923880 -0.376870
vn 0.066452 -0.923880 -0.376870
vn 0.191342 -0.923880 -0.331414
vn 0.293153 -0.923880 -0.245984
vn 0.359605 -0.923880 -0.130885
vn 0.000000 -1.000000 0.000000
vn 0.000000 -1.000000 0.000000
vn 0.000000 -1.000000 0.000000
vn 0.000000 -1.000000 0.000000
vn 0.000000 -1.000000 0.000000
vn -0.000000 -1.000000 0.000000
vn -0.000000 -1.000000 0.000000
vn -0.000000 -1.000000 0.000000
vn -0.000000 -1.000000 0.000000
vn -0.000000 -1.000000 0.000000
vn -0.000000 -1.000000 -0.000000
vn -0.000000 -1.000000 -0.000000
vn -0.000000 -1.000000 -0.000000
vn -0.000000 -1.000000 -0.000000
vn 0.000000 -1.000000 -0.000000
vn 0.000000 -1.000000 -0.000000
vn 0.000000 -1.000000 -0.000000
vn 0.000000 -1.000000 -0.000000
vn 0.981780 0.190022 0.000000
vn 0.922571 0.190022 0.335788
vn 0.752087 0.190022 0.631076
vn 0.490890 0.190022 0.850246
vn 0.170484 0.190022 0.966864
vn -0.170484 0.190022 0.966864
vn -0.490890 0.190022 0.850246
vn -0.752087 0.190022 0.631076
vn -0.922571 0.190022 0.335788
vn -0.981780 0.190022 0.000000
vn -0.922571 0.190022 -0.335788
vn -0.752087 0.190022 -0.631076
vn -0.490890 0.190022 -0.850246
vn -0.170484 0.190022 -0.966864
vn 0.170484 0.190022 -0.966864
vn 0.490890 0.190022 -0.850246
vn 0.752087 0.190022 -0.631076
vn 0.922571 0.190022 -0.335788
vn 0.966864 0.190022 0.170484
vn 0.850246 0.190022 0.490890
vn 0.631076 0.190022 0.752087
vn 0.335788 0.190022 0.922571
vn 0.000000 0.190022 0.981780
vn -0.335788 0.190022 0.922571
vn -0.631076 0.190022 0.752087
vn -0.850246 0.190022 0.490890
vn -0.966864 0.190022 0.170484
vn -0.966864 0.190022 -0.170484
vn -0.850246 0.190022 -0.490890
vn -0.631076 0.190022 -0.752087
vn -0.335788 0.190022 -0.922571
vn -0.000000 0.190022 -0.981780
vn 0.335788 0.190022 -0.922571
vn 0.631076 0.190022 -0.752087
vn 0.850246 0.190022 -0.490890
vn 0.966864 0.190022 -0.170484
vn 0.000000 -1.000000 0.000000
vn 0.000000 -1.000000 0.000000
vn 0.000000 -1.000000 0.000000
vn 0.000000 -1.000000 0.000000
vn 0.000000 -1.000000 0.000000
vn 0.000000 -1.000000 0.000000
vn 0.000000 -1.000000 0.000000
vn 0.000000 -1.000000 0.000000
vn 0.000000 -1.000000 0.000000
vn 0.000000 -1.000000 0.000000
vn 0.000000 -1.000000 0.000000
vn 0.000000 -1.000000 0.000000
vn 0.000000 -1.000000 0.000000
vn 0.000000 -1.000000 0.000000
vn 0.000000 -1.000000 0.000000
vn 0.000000 -1.000000 0.000000
vn 0.000000 -1.000000 0.000000
vn 0.000000 -1.000000 0.000000
vn 0.000000 -1.000000 0.000000
vn 0.000000 1.000000 0.000000
vn 0.000000 1.000000 0.000000
vn 0.000000 1.000000 0.000000
vn 0.000000 1.000000 0.000000
vn 0.000000 1.000000 0.000000
vn -0.000000 1.000000 0.000000
vn -0.000000 1.000000 0.000000
vn -0.000000 1.000000 0.000000
vn -0.000000 1.000000 0.000000
vn -0.000000 1.000000 0.000000
vn -0.000000 1.000000 -0.000000
vn -0.000000 1.000000 -0.000000
vn -0.000000 1.000000 -0.000000
vn -0.000000 1.000000 -0.000000
vn 0.000000 1.000000 -0.000000
vn 0.000000 1.000000 -0.000000
vn 0.000000 1.000000 -0.000000
vn 0.000000 1.000000 -0.000000
vn 0.382683 0.923880 0.000000
vn 0.359605 0.923880 0.130885
vn 0.293153 0.923880 0.245984
vn 0.191342 0.923880 0.331414
vn 0.066452 0.923880 0.376870
vn -0.066452 0.923880 0.376870
vn -0.191342 0.923880 0.331414
vn -0.293153 0.923880 0.245984
vn -0.359605 0.923880 0.130885
vn -0.382683 0.923880 0.000000
vn -0.359605 0.923880 -0.130885
vn -0.293153 0.923880 -0.245984
vn -0.191342 0.923880 -0.331414
vn -0.066452 0.923880 -0.376870
vn 0.066452 0.923880 -0.376870
vn 0.191342 0.923880 -0.331414
vn 0.293153 0.923880 -0.245984
vn 0.359605 0.923880 -0.130885
vn 0.707107 0.707107 0.000000
vn 0.664463 0.707107 0.241845
vn 0.541675 0.707107 0.454519
vn 0.353553 0.707107 0.612372
vn 0.122788 0.707107 0.696364
vn -0.122788 0.707107 0.696364
vn -0.353553 0.707107 0.612372
vn -0.541675 0.707107 0.454519
vn -0.664463 0.707107 0.241845
vn -0.707107 0.707107 0.000000
vn -0.664463 0.707107 -0.241845
vn -0.541675 0.707107 -0.454519
vn -0.353553 0.707107 -0.612372
vn -0.122788 0.707107 -0.696364
vn 0.122788 0.707107 -0.696364
vn 0.353553 0.707107 -0.612372
vn 0.541675 0.707107 -0.454519
vn 0.664463 0.707107 -0.241845
vn 0.923880 0.382683 0.000000
vn 0.868163 0.382683 0.315985
vn 0.707733 0.382683 0.593858
vn 0.461940 0.382683 0.800103
vn 0.160430 0.382683 0.909844
vn -0.160430 0.382683 0.909844
vn -0.461940 0.382683 0.800103
vn -0.707733 0.382683 0.593858
vn -0.868163 0.382683 0.315985
vn -0.923880 0.382683 0.000000
vn -0.868163 0.382683 -0.315985
vn -0.707733 0.382683 -0.593858
vn -0.461940 0.382683 -0.800103
vn -0.160430 0.382683 -0.909844
vn 0.160430 0.382683 -0.909844
vn 0.461940 0.382683 -0.800103
vn 0.707733 0.382683 -0.593858
vn 0.868163 0.382683 -0.315985
vn 1.000000 0.000000 0.000000
vn 0.939693 0.000000 0.342020
vn 0.766044 0.000000 0.642788
vn 0.500000 0.000000 0.866025
vn 0.173648 0.000000 0.984808
vn -0.173648 0.000000 0.984808
vn -0.500000 0.000000 0.866025
vn -0.766044 0.000000 0.642788
vn -0.939693 0.000000 0.342020
vn -1.000000 0.000000 0.000000
vn -0.939693 0.000000 -0.342020
vn -0.766044 0.000000 -0.642788
vn -0.500000 0.000000 -0.866025
vn -0.173648 0.000000 -0.984808
vn 0.173648 0.000000 -0.984808
vn 0.500000 0.000000 -0.866025
vn 0.766044 0.000000 -0.642788
vn 0.939693 0.000000 -0.342020
vn 0.923880 -0.382683 0.000000
vn 0.868163 -0.382683 0.315985
vn 0.707733 -0.382683 0.593858
vn 0.461940 -0.382683 0.800103
vn 0.160430 -0.382683 0.909844
vn -0.160430 -0.382683 0.909844
vn -0.461940 -0.382683 0.800103
vn -0.707733 -0.382683 0.593858
vn -0.868163 -0.382683 0.315985
vn -0.923880 -0.382683 0.000000
vn -0.868163 -0.382683 -0.315985
vn -0.707733 -0.382683 -0.593858
vn -0.461940 -0.382683 -0.800103
vn -0.160430 -0.382683 -0.909844
vn 0.160430 -0.382683 -0.909844
vn 0.461940 -0.382683 -0.800103
vn 0.707733 -0.382683 -0.593858
vn 0.868163 -0.382683 -0.315985
vn 0.707107 -0.707107 0.000000
vn 0.664463 -0.707107 0.241845
vn 0.541675 -0.707107 0.454519
vn 0.353553 -0.707107 0.612372
vn 0.122788 -0.707107 0.696364
vn -0.122788 -0.707107 0.696364
vn -0.353553 -0.707107 0.612372
vn -0.541675 -0.707107 0.454519
vn -0.664463 -0.707107 0.241845
vn -0.707107 -0.707107 0.000000
vn -0.664463 -0.707107 -0.241845
vn -0.541675 -0.707107 -0.454519
vn -0.353553 -0.707107 -0.612372
vn -0.122788 -0.707107 -0.696364
vn 0.122788 -0.707107 -0.696364
vn 0.353553 -0.707107 -0.612372
vn 0.541675 -0.707107 -0.454519
vn 0.664463 -0.707107 -0.241845
vn 0.382683 -0.923880 0.000000
vn 0.359605 -0.923880 0.130885
vn 0.293153 -0.923880 0.245984
vn 0.191342 -0.923880 0.331414
vn 0.066452 -0.923880 0.376870
vn -0.066452 -0.923880 0.376870
vn -0.191342 -0.923880 0.331414
vn -0.293153 -0.923880 0.245984
vn -0.359605 -0.923880 0.130885
vn -0.382683 -0.923880 0.000000
vn -0.359605 -0.923880 -0.130885
vn -0.293153 -0.923880 -0.245984
vn -0.191342 -0.923880 -0.331414
vn -0.066452 -0.923880 -0.376870
vn 0.066452 -0.923880 -0.376870
vn 0.191342 -0.923880 -0.331414
vn 0.293153 -0.923880 -0.245984
vn 0.359605 -0.923880 -0.130885
vn 0.000000 -1.000000 0.000000
vn 0.000000 -1.000000 0.000000
vn 0.000000 -1.000000 0.000000
vn 0.000000 -1.000000 0.000000
vn 0.000000 -1.000000 0.000000
vn -0.000000 -1.000000 0.000000
vn -0.000000 -1.000000 0.000000
vn -0.000000 -1.000000 0.000000
vn -0.000000 -1.000000 0.000000
vn -0.000000 -1.000000 0.000000
vn -0.000000 -1.000000 -0.000000
vn -0.000000 -1.000000 -0.000000
vn -0.000000 -1.000000 -0.000000
vn -0.000000 -1.000000 -0.000000
vn 0.000000 -1.000000 -0.000000
vn 0.000000 -1.000000 -0.000000
vn 0.000000 -1.000000 -0.000000
vn 0.000000 -1.000000 -0.000000
vn 0.978791 0.204863 0.000000
vn 0.945439 0.204863 0.253330
vn 0.847658 0.204863 0.489395
vn 0.692109 0.204863 0.692109
vn 0.489395 0.204863 0.847658
vn 0.253330 0.204863 0.945439
vn 0.000000 0.204863 0.978791
vn -0.253330 0.204863 0.945439
vn -0.489395 0.204863 0.847658
vn -0.692109 0.204863 0.692109
vn -0.847658 0.204863 0.489395
vn -0.945439 0.204863 0.253330
vn -0.978791 0.204863 0.000000
vn -0.945439 0.204863 -0.253330
vn -0.847658 0.204863 -0.489395
vn -0.692109 0.204863 -0.692109
vn -0.489395 0.204863 -0.847658
vn -0.253330 0.204863 -0.945439
vn -0.000000 0.204863 -0.978791
vn 0.253330 0.204863 -0.945439
vn 0.489395 0.204863 -0.847658
vn 0.692109 0.204863 -0.692109
vn 0.847658 0.204863 -0.489395
vn 0.945439 0.204863 -0.253330
vn 0.970417 0.204863 0.127758
vn 0.904285 0.204863 0.374567
vn 0.776527 0.204863 0.595850
vn 0.595850 0.204863 0.776527
vn 0.374567 0.204863 0.904285
vn 0.127758 0.204863 0.970417
vn -0.127758 0.204863 0.970417
vn -0.374567 0.204863 0.904285
vn -0.595850 0.204863 0.776527
vn -0.776527 0.204863 0.595850
vn -0.904285 0.204863 0.374567
vn -0.970417 0.204863 0.127758
vn -0.970417 0.204863 -0.127758
vn -0.904285 0.204863 -0.374567
vn -0.776527 0.204863 -0.595850
vn -0.595850 0.204863 -0.776527
vn -0.374567 0.204863 -0.904285
vn -0.127758 0.204863 -0.970417
vn 0.127758 0.204863 -0.970417
vn 0.374567 0.204863 -0.904285
vn 0.595850 0.204863 -0.776527
vn 0.776527 0.204863 -0.595850
vn 0.904285 0.204863 -0.374567
vn 0.970417 0.204863 -0.127758
vn 0.000000 -1.000000 0.000000
vn 0.000000 -1.000000 0.000000
vn 0.000000 -1.000000 0.000000
vn 0.000000 -1.000000 0.000000
vn 0.000000 -1.000000 0.000000
vn 0.000000 -1.000000 0.000000
vn 0.000000 -1.000000 0.000000
vn 0.000000 -1.000000 0.000000
vn 0.000000 -1.000000 0.000000
vn 0.000000 -1.000000 0.000000
vn 0.000000 -1.000000 0.000000
vn 0.000000 -1.000000 0.000000
vn 0.000000 -1.000000 0.000000
vn 0.000000 -1.000000 0.000000
vn 0.000000 -1.000000 0.000000
vn 0.000000 -1.000000 0.000000
vn 0.000000 -1.000000 0.000000
vn 0.000000 -1.000000 0.000000
vn 0.000000 -1.000000 0.000000
vn 0.000000 -1.000000 0.000000
vn 0.000000 -1.000000 0.000000
vn 0.000000 -1.000000 0.000000
vn 0.000000 -1.000000 0.000000
vn 0.000000 -1.000000 0.000000
vn 0.000000 -1.000000 0.000000
vn 0.000000 1.000000 0.000000
vn 0.000000 1.000000 0.000000
vn 0.000000 1.000000 0.000000
vn 0.000000 1.000000 0.000000
vn 0.000000 1.000000 0.000000
vn 0.000000 1.000000 0.000000
vn 0.000000 1.000000 0.000000
vn -0.000000 1.000000 0.000000
vn -0.000000 1.000000 0.000000
vn -0.000000 1.000000 0.000000
vn -0.000000 1.000000 0.000000
vn -0.000000 1.000000 0.000000
vn -0.000000 1.000000 0.000000
vn -0.000000 1.000000 -0.000000
vn -0.000000 1.000000 -0.000000
vn -0.000000 1.000000 -0.000000
vn -0.000000 1.000000 -0.000000
vn -0.000000 1.000000 -0.000000
vn -0.000000 1.000000 -0.000000
vn 0.000000 1.000000 -0.000000
vn 0.000000 1.000000 -0.000000
vn 0.000000 1.000000 -0.000000
vn 0.000000 1.000000 -0.000000
vn 0.000000 1.000000 -0.000000
vn 0.309017 0.951057 0.000000
vn 0.298487 0.951057 0.079979
vn 0.267617 0.951057 0.154508
vn 0.218508 0.951057 0.218508
vn 0.154508 0.951057 0.267617
vn 0.079979 0.951057 0.298487
vn 0.000000 0.951057 0.309017
vn -0.079979 0.951057 0.298487
vn -0.154508 0.951057 0.267617
vn -0.218508 0.951057 0.218508
vn -0.267617 0.951057 0.154508
vn -0.298487 0.951057 0.079979
vn -0.309017 0.951057 0.000000
vn -0.298487 0.951057 -0.079979
vn -0.267617 0.951057 -0.154508
vn -0.218508 0.951057 -0.218508
vn -0.154508 0.951057 -0.267617
vn -0.079979 0.951057 -0.298487
vn -0.000000 0.951057 -0.309017
vn 0.079979 0.951057 -0.298487
vn 0.154508 0.951057 -0.267617
vn 0.218508 0.951057 -0.218508
vn 0.267617 0.951057 -0.154508
vn 0.298487 0.951057 -0.079979
vn 0.587785 0.809017 0.000000
vn 0.567757 0.809017 0.152130
vn 0.509037 0.809017 0.293893
vn 0.415627 0.809017 0.415627
vn 0.293893 0.809017 0.509037
vn 0.152130 0.809017 0.567757
vn 0.000000 0.809017 0.587785
vn -0.152130 0.809017 0.567757
vn -0.293893 0.809017 0.509037
vn -0.415627 0.809017 0.415627
vn -0.509037 0.809017 0.293893
vn -0.567757 0.809017 0.152130
vn -0.587785 0.809017 0.000000
vn -0.567757 0.809017 -0.152130
vn -0.509037 0.809017 -0.293893
vn -0.415627 0.809017 -0.415627
vn -0.293893 0.809017 -0.509037
vn -0.152130 0.809017 -0.567757
vn -0.000000 0.809017 -0.587785
vn 0.152130 0.809017 -0.567757
vn 0.293893 0.809017 -0.509037
vn 0.415627 0.809017 -0.415627
vn 0.509037 0.809017 -0.293893
vn 0.567757 0.809017 -0.152130
vn 0.809017 0.587785 0.000000
vn 0.781450 0.587785 0.209389
vn 0.700629 0.587785 0.404508
vn 0.572061 0.587785 0.572061
vn 0.404508 0.587785 0.700629
vn 0.209389 0.587785 0.781450
vn 0.000000 0.587785 0.809017
vn -0.209389 0.587785 0.781450
vn -0.404508 0.587785 0.700629
vn -0.572061 0.587785 0.572061
vn -0.700629 0.587785 0.404508
vn -0.781450 0.587785 0.209389
vn -0.809017 0.587785 0.000000
vn -0.781450 0.587785 -0.209389
vn -0.700629 0.587785 -0.404508
vn -0.572061 0.587785 -0.572061
vn -0.404508 0.587785 -0.700629
vn -0.209389 0.587785 -0.781450
vn -0.000000 0.587785 -0.809017
vn 0.209389 0.587785 -0.781450
vn 0.404508 0.587785 -0.700629
vn 0.572061 0.587785 -0.572061
vn 0.700629 0.587785 -0.404508
vn 0.781450 0.587785 -0.209389
vn 0.951057 0.309017 0.000000
vn 0.918650 0.309017 0.246152
vn 0.823639 0.309017 0.475528
vn 0.672499 0.309017 0.672499
vn 0.475528 0.309017 0.823639
vn 0.246152 0.309017 0.918650
vn 0.000000 0.309017 0.951057
vn -0.246152 0.309017 0.918650
vn -0.475528 0.309017 0.823639
vn -0.672499 0.309017 0.672499
vn -0.823639 0.309017 0.475528
vn -0.918650 0.309017 0.246152
vn -0.951057 0.309017 0.000000
vn -0.918650 0.309017 -0.246152
vn -0.823639 0.309017 -0.475528
vn -0.672499 0.309017 -0.672499
vn -0.475528 0.309017 -0.823639
vn -0.246152 0.309017 -0.918650
vn -0.000000 0.309017 -0.951057
vn 0.246152 0.309017 -0.918650
vn 0.475528 0.309017 -0.823639
vn 0.672499 0.309017 -0.672499
vn 0.823639 0.309017 -0.475528
vn 0.918650 0.309017 -0.246152
vn 1.000000 0.000000 0.000000
vn 0.965926 0.000000 0.258819
vn 0.866025 0.000000 0.500000
vn 0.707107 0.000000 0.707107
vn 0.500000 0.000000 0.866025
vn 0.258819 0.000000 0.965926
vn 0.000000 0.000000 1.000000
vn -0.258819 0.000000 0.965926
vn -0.500000 0.000000 0.866025
vn -0.707107 0.000000 0.707107
vn -0.866025 0.000000 0.500000
vn -0.965926 0.000000 0.258819
vn -1.000000 0.000000 0.000000
vn -0.965926 0.000000 -0.258819
vn -0.866025 0.000000 -0.500000
vn -0.707107 0.000000 -0.707107
vn -0.500000 0.000000 -0.866025
vn -0.258819 0.000000 -0.965926
vn -0.000000 0.000000 -1.000000
vn 0.258819 0.000000 -0.965926
vn 0.500000 0.000000 -0.866025
vn 0.707107 0.000000 -0.707107
vn 0.866025 0.000000 -0.500000
vn 0.965926 0.000000 -0.258819
vn 0.951057 -0.309017 0.000000
vn 0.918650 -0.309017 0.246152
vn 0.823639 -0.309017 0.475528
vn 0.672499 -0.309017 0.672499
vn 0.475528 -0.309017 0.823639
vn 0.246152 -0.309017 0.918650
vn 0.000000 -0.309017 0.951057
vn -0.246152 -0.309017 0.918650
vn -0.475528 -0.309017 0.823639
vn -0.672499 -0.309017 0.672499
vn -0.823639 -0.309017 0.475528
vn -0.918650 -0.309017 0.246152
vn -0.951057 -0.309017 0.000000
vn -0.918650 -0.309017 -0.246152
vn -0.823639 -0.309017 -0.475528
vn -0.672499 -0.309017 -0.672499
vn -0.475528 -0.309017 -0.823639
vn -0.246152 -0.309017 -0.918650
vn -0.000000 -0.309017 -0.951057
vn 0.246152 -0.309017 -0.918650
vn 0.475528 -0.309017 -0.823639
vn 0.672499 -0.309017 -0.672499
vn 0.823639 -0.309017 -0.475528
vn 0.918650 -0.309017 -0.246152
vn 0.809017 -0.587785 0.000000
vn 0.781450 -0.587785 0.209389
vn 0.700629 -0.587785 0.404508
vn 0.572061 -0.587785 0.572061
vn 0.404508 -0.587785 0.700629
vn 0.209389 -0.587785 0.781450
vn 0.000000 -0.587785 0.809017
vn -0.209389 -0.587785 0.781450
vn -0.404508 -0.587785 0.700629
vn -0.572061 -0.587785 0.572061
vn -0.700629 -0.587785 0.404508
vn -0.781450 -0.587785 0.209389
vn -0.809017 -0.587785 0.000000
vn -0.781450 -0.587785 -0.209389
vn -0.700629 -0.587785 -0.404508
vn -0.572061 -0.587785 -0.572061
vn -0.404508 -0.587785 -0.700629
vn -0.209389 -0.587785 -0.781450
vn -0.000000 -0.587785 -0.809017
vn 0.209389 -0.587785 -0.781450
vn 0.404508 -0.587785 -0.700629
vn 0.572061 -0.587785 -0.572061
vn 0.700629 -0.587785 -0.404508
vn 0.781450 -0.587785 -0.209389
vn 0.587785 -0.809017 0.000000
vn 0.567757 -0.809017 0.152130
vn 0.509037 -0.809017 0.293893
vn 0.415627 -0.809017 0.415627
vn 0.293893 -0.809017 0.509037
vn 0.152130 -0.809017 0.567757
vn 0.000000 -0.809017 0.587785
vn -0.152130 -0.809017 0.567757
vn -0.293893 -0.809017 0.509037
vn -0.415627 -0.809017 0.415627
vn -0.509037 -0.809017 0.293893
vn -0.567757 -0.809017 0.152130
vn -0.587785 -0.809017 0.000000
vn -0.567757 -0.809017 -0.152130
vn -0.509037 -0.809017 -0.293893
vn -0.415627 -0.809017 -0.415627
vn -0.293893 -0.809017 -0.509037
vn -0.152130 -0.809017 -0.567757
vn -0.000000 -0.809017 -0.587785
vn 0.152130 -0.809017 -0.567757
vn 0.293893 -0.809017 -0.509037
vn 0.415627 -0.809017 -0.415627
vn 0.509037 -0.809017 -0.293893
vn 0.567757 -0.809017 -0.152130
vn 0.309017 -0.951057 0.000000
vn 0.298487 -0.951057 0.079979
vn 0.267617 -0.951057 0.154508
vn 0.218508 -0.951057 0.218508
vn 0.154508 -0.951057 0.267617
vn 0.079979 -0.951057 0.298487
vn 0.000000 -0.951057 0.309017
vn -0.079979 -0.951057 0.298487
vn -0.154508 -0.951057 0.267617
vn -0.218508 -0.951057 0.218508
vn -0.267617 -0.951057 0.154508
vn -0.298487 -0.951057 0.079979
vn -0.309017 -0.951057 0.000000
vn -0.298487 -0.951057 -0.079979
vn -0.267617 -0.951057 -0.154508
vn -0.218508 -0.951057 -0.218508
vn -0.154508 -0.951057 -0.267617
vn -0.079979 -0.951057 -0.298487
vn -0.000000 -0.951057 -0.309017
vn 0.079979 -0.951057 -0.298487
vn 0.154508 -0.951057 -0.267617
vn 0.218508 -0.951057 -0.218508
vn 0.267617 -0.951057 -0.154508
vn 0.298487 -0.951057 -0.079979
vn 0.000000 -1.000000 0.000000
vn 0.000000 -1.000000 0.000000
vn 0.000000 -1.000000 0.000000
vn 0.000000 -1.000000 0.000000
vn 0.000000 -1.000000 0.000000
vn 0.000000 -1.000000 0.000000
vn 0.000000 -1.000000 0.000000
vn -0.000000 -1.000000 0.000000
vn -0.000000 -1.000000 0.000000
vn -0.000000 -1.000000 0.000000
vn -0.000000 -1.000000 0.000000
vn -0.000000 -1.000000 0.000000
vn -0.000000 -1.000000 0.000000
vn -0.000000 -1.000000 -0.000000
vn -0.000000 -1.000000 -0.000000
vn -0.000000 -1.000000 -0.000000
vn -0.000000 -1.000000 -0.000000
vn -0.000000 -1.000000 -0.000000
vn -0.000000 -1.000000 -0.000000
vn 0.000000 -1.000000 -0.000000
vn 0.000000 -1.000000 -0.000000
vn 0.000000 -1.000000 -0.000000
vn 0.000000 -1.000000 -0.000000
vn 0.000000 -1.000000 -0.000000
f 1//1 2//2 74//74 73//73
f 2//2 3//3 75//75 74//74
f 3//3 4//4 76//76 75//75
f 4//4 5//5 77//77 76//76
f 5//5 6//6 78//78 77//77
f 6//6 7//7 79//79 78//78
f 7//7 8//8 80//80 79//79
f 8//8 9//9 81//81 80//80
f 9//9 10//10 82//82 81//81
f 10//10 11//11 83//83 82//82
f 11//11 12//12 84//84 83//83
f 12//12 13//13 85//85 84//84
f 13//13 14//14 86//86 85//85
f 14//14 15//15 87//87 86//86
f 15//15 16//16 88//88 87//87
f 16//16 17//17 89//89 88//88
f 17//17 18//18 90//90 89//89
f 18//18 19//19 91//91 90//90
f 19//19 20//20 92//92 91//91
f 20//20 21//21 93//93 92//92
f 21//21 22//22 94//94 93//93
f 22//22 23//23 95//95 94//94
f 23//23 24//24 96//96 95//95
f 24//24 25//25 97//97 96//96
f 25//25 26//26 98//98 97//97
f 26//26 27//27 99//99 98//98
f 27//27 28//28 100//100 99//99
f 28//28 29//29 101//101 100//100
f 29//29 30//30 102//102 101//101
f 30//30 31//31 103//103 102//102
f 31//31 32//32 104//104 103//103
f 32//32 33//33 105//105 104//104
f 33//33 34//34 106//106 105//105
f 34//34 35//35 107//107 106//106
f 35//35 36//36 108//108 107//107
f 36//36 37//37 109//109 108//108
f 37//37 38//38 110//110 109//109
f 38//38 39//39 111//111 110//110
f 39//39 40//40 112//112 111//111
f 40//40 41//41 113//113 112//112
f 41//41 42//42 114//114 113//113
f 42//42 43//43 115//115 114//114
f 43//43 44//44 116//116 115//115
f 44//44 45//45 117//117 116//116
f 45//45 46//46 118//118 117//117
f 46//46 47//47 119//119 118//118
f 47//47 48//48 120//120 119//119
f 48//48 49//49 121//121 120//120
f 49//49 50//50 122//122 121//121
f 50//50 51//51 123//123 122//122
f 51//51 52//52 124//124 123//123
f 52//52 53//53 125//125 124//124
f 53//53 54//54 126//126 125//125
f 54//54 55//55 127//127 126//126
f 55//55 56//56 128//128 127//127
f 56//56 57//57 129//129 128//128
f 57//57 58//58 130//130 129//129
f 58//58 59//59 131//131 130//130
f 59//59 60//60 132//132 131//131
f 60//60 61//61 133//133 132//132
f 61//61 62//62 134//134 133//133
f 62//62 63//63 135//135 134//134
f 63//63 64//64 136//136 135//135
f 64//64 65//65 137//137 136//136
f 65//65 66//66 138//138 137//137
f 66//66 67//67 139//139 138//138
f 67//67 68//68 140//140 139//139
f 68//68 69//69 141//141 140//140
f 69//69 70//70 142//142 141//141
f 70//70 71//71 143//143 142//142
f 71//71 72//72 144//144 143//143
f 72//72 1//1 73//73 144//144
f 73//73 74//74 146//146 145//145
f 74//74 75//75 147//147 146//146
f 75//75 76//76 148//148 147//147
f 76//76 77//77 149//149 148//148
f 77//77 78//78 150//150 149//149
f 78//78 79//79 151//151 150//150
f 79//79 80//80 152//152 151//151
f 80//80 81//81 153//153 152//152
f 81//81 82//82 154//154 153//153
f 82//82 83//83 155//155 154//154
f 83//83 84//84 156//156 155//155
f 84//84 85//85 157//157 156//156
f 85//85 86//86 158//158 157//157
f 86//86 87//87 159//159 158//158
f 87//87 88//88 160//160 159//159
f 88//88 89//89 161//161 160//160
f 89//89 90//90 162//162 161//161
f 90//90 91//91 163//163 162//162
f 91//91 92//92 164//164 163//163
f 92//92 93//93 165//165 164//164
f 93//93 94//94 166//166 165//165
f 94//94 95//95 167//167 166//166
f 95//95 96//96 168//168 167//167
f 96//96 97//97 169//169 168//168
f 97//97 98//98 170//170 169//169
f 98//98 99//99 171//171 170//170
f 99//99 100//100 172//172 171//171
f 100//100 101//101 173//173 172//172
f 101//101 102//102 174//174 173//173
f 102//102 103//103 175//175 174//174
f 103//103 104//104 176//176 175//175
f 104//104 105//105 177//177 176//176
f 105//105 106//106 178//178 177//177
f 106//106 107//107 179//179 178//178
f 107//107 108//108 180//180 179//179
f 108//108 109//109 181//181 180//180
f 109//109 110//110 182//182 181//181
f 110//110 111//111 183//183 182//182
f 111//111 112//112 184//184 183//183
f 112//112 113//113 185//185 184//184
f 113//113 114//114 186//186 185//185
f 114//114 115//115 187//187 186//186
f 115//115 116//116 188//188 187//187
f 116//116 117//117 189//189 188//188
f 117//117 118//118 190//190 189//189
f 118//118 119//119 191//191 190//190
f 119//119 120//120 192//192 191//191
f 120//120 121//121 193//193 192//192
f 121//121 122//122 194//194 193//193
f 122//122 123//123 195//195 194//194
f 123//123 124//124 196//196 195//195
f 124//124 125//125 197//197 196//196
f 125//125 126//126 198//198 197//197
f 126//126 127//127 199//199 198//198
f 127//127 128//128 200//200 199//199
f 128//128 129//129 201//201 200//200
f 129//129 130//130 202//202 201//201
f 130//130 131//131 203//203 202//202
f 131//131 132//132 204//204 203//203
f 132//132 133//133 205//205 204//204
f 133//133 134//134 206//206 205//205
f 134//134 135//135 207//207 206//206
f 135//135 136//136 208//208 207//207
f 136//136 137//137 209//209 208//208
f 137//137 138//138 210//210 209//209
f 138//138 139//139 211//211 210//210
f 139//139 140//140 212//212 211//211
f 140//140 141//141 213//213 212//212
f 141//141 142//142 214//214 213//213
f 142//142 143//143 215//215 214//214
f 143//143 144//144 216//216 215//215
f 144//144 73//73 145//145 216//216
f 145//145 146//146 218//218 217//217
f 146//146 147//147 219//219 218//218
f 147//147 148//148 220//220 219//219
f 148//148 149//149 221//221 220//220
f 149//149 150//150 222//222 221//221
f 150//150 151//151 223//223 222//222
f 151//151 152//152 224//224 223//223
f 152//152 153//153 225//225 224//224
f 153//153 154//154 226//226 225//225
f 154//154 155//155 227//227 226//226
f 155//155 156//156 228//228 227//227
f 156//156 157//157 229//229 228//228
f 157//157 158//158 230//230 229//229
f 158//158 159//159 231//231 230//230
f 159//159 160//160 232//232 231//231
f 160//160 161//161 233//233 232//232
f 161//161 162//162 234//234 233//233
f 162//162 163//163 235//235 234//234
f 163//163 164//164 236//236 235//235
f 164//164 165//165 237//237 236//236
f 165//165 166//166 238//238 237//237
f 166//166 167//167 239//239 238//238
f 167//167 168//168 240//240 239//239
f 168//168 169//169 241//241 240//240
f 169//169 170//170 242//242 241//241
f 170//170 171//171 243//243 242//242
f 171//171 172//172 244//244 243//243
f 172//172 173//173 245//245 244//244
f 173//173 174//174 246//246 245//245
f 174//174 175//175 247//247 246//246
f 175//175 176//176 248//248 247//247
f 176//176 177//177 249//249 248//248
f 177//177 178//178 250//250 249//249
f 178//178 179//179 251//251 250//250
f 179//179 180//180 252//252 251//251
f 180//180 181//181 253//253 252//252
f 181//181 182//182 254//254 253//253
f 182//182 183//183 255//255 254//254
f 183//183 184//184 256//256 255//255
f 184//184 185//185 257//257 256//256
f 185//185 186//186 258//258 257//257
f 186//186 187//187 259//259 258//258
f 187//187 188//188 260//260 259//259
f 188//188 189//189 261//261 260//260
f 189//189 190//190 262//262 261//261
f 190//190 191//191 263//263 262//262
f 191//191 192//192 264//264 263//263
f 192//192 193//193 265//265 264//264
f 193//193 194//194 266//266 265//265
f 194//194 195//195 267//267 266//266
f 195//195 196//196 268//268 267//267
f 196//196 197//197 269//269 268//268
f 197//197 198//198 270//270 269//269
f 198//198 199//199 271//271 270//270
f 199//199 200//200 272//272 271//271
f 200//200 201//201 273//273 272//272
f 201//201 202//202 274//274 273//273
f 202//202 203//203 275//275 274//274
f 203//203 204//204 276//276 275//275
f 204//204 205//205 277//277 276//276
f 205//205 206//206 278//278 277//277
f 206//206 207//207 279//279 278//278
f 207//207 208//208 280//280 279//279
f 208//208 209//209 281//281 280//280
f 209//209 210//210 282//282 281//281
f 210//210 211//211 283//283 282//282
f 211//211 212//212 284//284 283//283
f 212//212 213//213 285//285 284//284
f 213//213 214//214 286//286 285//285
f 214//214 215//215 287//287 286//286
f 215//215 216//216 288//288 287//287
f 216//216 145//145 217//217 288//288
f 217//217 218//218 290//290 289//289
f 218//218 219//219 291//291 290//290
f 219//219 220//220 292//292 291//291
f 220//220 221//221 293//293 292//292
f 221//221 222//222 294//294 293//293
f 222//222 223//223 295//295 294//294
f 223//223 224//224 296//296 295//295
f 224//224 225//225 297//297 296//296
f 225//225 226//226 298//298 297//297
f 226//226 227//227 299//299 298//298
f 227//227 228//228 300//300 299//299
f 228//228 229//229 301//301 300//300
f 229//229 230//230 302//302 301//301
f 230//230 231//231 303//303 302//302
f 231//231 232//232 304//304 303//303
f 232//232 233//233 305//305 304//304
f 233//233 234//234 306//306 305//305
f 234//234 235//235 307//307 306//306
f 235//235 236//236 308//308 307//307
f 236//236 237//237 309//309 308//308
f 237//237 238//238 310//310 309//309
f 238//238 239//239 311//311 310//310
f 239//239 240//240 312//312 311//311
f 240//240 241//241 313//313 312//312
f 241//241 242//242 314//314 313//313
f 242//242 243//243 315//315 314//314
f 243//243 244//244 316//316 315//315
f 244//244 245//245 317//317 316//316
f 245//245 246//246 318//318 317//317
f 246//246 247//247 319//319 318//318
f 247//247 248//248 320//320 319//319
f 248//248 249//249 321//321 320//320
f 249//249 250//250 322//322 321//321
f 250//250 251//251 323//323 322//322
f 251//251 252//252 324//324 323//323
f 252//252 253//253 325//325 324//324
f 253//253 254//254 326//326 325//325
f 254//254 255//255 327//327 326//326
f 255//255 256//256 328//328 327//327
f 256//256 257//257 329//329 328//328
f 257//257 258//258 330//330 329//329
f 258//258 259//259 331//331 330//330
f 259//259 260//260 332//332 331//331
f 260//260 261//261 333//333 332//332
f 261//261 262//262 334//334 333//333
f 262//262 263//263 335//335 334//334
f 263//263 264//264 336//336 335//335
f 264//264 265//265 337//337 336//336
f 265//265 266//266 338//338 337//337
f 266//266 267//267 339//339 338//338
f 267//267 268//268 340//340 339//339
f 268//268 269//269 341//341 340//340
f 269//269 270//270 342//342 341//341
f 270//270 271//271 343//343 342//342
f 271//271 272//272 344//344 343//343
f 272//272 273//273 345//345 344//344
f 273//273 274//274 346//346 345//345
f 274//274 275//275 347//347 346//346
f 275//275 276//276 348//348 347//347
f 276//276 277//277 349//349 348//348
f 277//277 278//278 350//350 349//349
f 278//278 279//279 351//351 350//350
f 279//279 280//280 352//352 351//351
f 280//280 281//281 353//353 352//352
f 281//281 282//282 354//354 353//353
f 282//282 283//283 355//355 354//354
f 283//283 284//284 356//356 355//355
f 284//284 285//285 357//357 356//356
f 285//285 286//286 358//358 357//357
f 286//286 287//287 359//359 358//358
f 287//287 288//288 360//360 359//359
f 288//288 217//217 289//289 360//360
f 289//289 290//290 362//362 361//361
f 290//290 291//291 363//363 362//362
f 291//291 292//292 364//364 363//363
f 292//292 293//293 365//365 364//364
f 293//293 294//294 366//366 365//365
f 294//294 295//295 367//367 366//366
f 295//295 296//296 368//368 367//367
f 296//296 297//297 369//369 368//368
f 297//297 298//298 370//370 369//369
f 298//298 299//299 371//371 370//370
f 299//299 300//300 372//372 371//371
f 300//300 301//301 373//373 372//372
f 301//301 302//302 374//374 373//373
f 302//302 303//303 375//375 374//374
f 303//303 304//304 376//376 375//375
f 304//304 305//305 377//377 376//376
f 305//305 306//306 378//378 377//377
f 306//306 307//307 379//379 378//378
f 307//307 308//308 380//380 379//379
f 308//308 309//309 381//381 380//380
f 309//309 310//310 382//382 381//381
f 310//310 311//311 383//383 382//382
f 311//311 312//312 384//384 383//383
f 312//312 313//313 385//385 384//384
f 313//313 314//314 386//386 385//385
f 314//314 315//315 387//387 386//386
f 315//315 316//316 388//388 387//387
f 316//316 317//317 389//389 388//388
f 317//317 318//318 390//390 389//389
f 318//318 319//319 391//391 390//390
f 319//319 320//320 392//392 391//391
f 320//320 321//321 393//393 392//392
f 321//321 322//322 394//394 393//393
f 322//322 323//323 395//395 394//394
f 323//323 324//324 396//396 395//395
f 324//324 325//325 397//397 396//396
f 325//325 326//326 398//398 397//397
f 326//326 327//327 399//399 398//398
f 327//327 328//328 400//400 399//399
f 328//328 329//329 401//401 400//400
f 329//329 330//330 402//402 401//401
f 330//330 331//331 403//403 402//402
f 331//331 332//332 404//404 403//403
f 332//332 333//333 405//405 404//404
f 333//333 334//334 406//406 405//405
f 334//334 335//335 407//407 406//406
f 335//335 336//336 408//408 407//407
f 336//336 337//337 409//409 408//408
f 337//337 338//338 410//410 409//409
f 338//338 339//339 411//411 410//410
f 339//339 340//340 412//412 411//411
f 340//340 341//341 413//413 412//412
f 341//341 342//342 414//414 413//413
f 342//342 343//343 415//415 414//414
f 343//343 344//344 416//416 415//415
f 344//344 345//345 417//417 416//416
f 345//345 346//346 418//418 417//417
f 346//346 347//347 419//419 418//418
f 347//347 348//348 420//420 419//419
f 348//348 349//349 421//421 420//420
f 349//349 350//350 422//422 421//421
f 350//350 351//351 423//423 422//422
f 351//351 352//352 424//424 423//423
f 352//352 353//353 425//425 424//424
f 353//353 354//354 426//426 425//425
f 354//354 355//355 427//427 426//426
f 355//355 356//356 428//428 427//427
f 356//356 357//357 429//429 428//428
f 357//357 358//358 430//430 429//429
f 358//358 359//359 431//431 430//430
f 359//359 360//360 432//432 431//431
f 360//360 289//289 361//361 432//432
f 361//361 362//362 434//434 433//433
f 362//362 363//363 435//435 434//434
f 363//363 364//364 436//436 435//435
f 364//364 365//365 437//437 436//436
f 365//365 366//366 438//438 437//437
f 366//366 367//367 439//439 438//438
f 367//367 368//368 440//440 439//439
f 368//368 369//369 441//441 440//440
f 369//369 370//370 442//442 441//441
f 370//370 371//371 443//443 442//442
f 371//371 372//372 444//444 443//443
f 372//372 373//373 445//445 444//444
f 373//373 374//374 446//446 445//445
f 374//374 375//375 447//447 446//446
f 375//375 376//376 448//448 447//447
f 376//376 377//377 449//449 448//448
f 377//377 378//378 450//450 449//449
f 378//378 379//379 451//451 450//450
f 379//379 380//380 452//452 451//451
f 380//380 381//381 453//453 452//452
f 381//381 382//382 454//454 453//453
f 382//382 383//383 455//455 454//454
f 383//383 384//384 456//456 455//455
f 384//384 385//385 457//457 456//456
f 385//385 386//386 458//458 457//457
f 386//386 387//387 459//459 458//458
f 387//387 388//388 460//460 459//459
f 388//388 389//389 461//461 460//460
f 389//389 390//390 462//462 461//461
f 390//390 391//391 463//463 462//462
f 391//391 392//392 464//464 463//463
f 392//392 393//393 465//465 464//464
f 393//393 394//394 466//466 465//465
f 394//394 395//395 467//467 466//466
f 395//395 396//396 468//468 467//467
f 396//396 397//397 469//469 468//468
f 397//397 398//398 470//470 469//469
f 398//398 399//399 471//471 470//470
f 399//399 400//400 472//472 471//471
f 400//400 401//401 473//473 472//472
f 401//401 402//402 474//474 473//473
f 402//402 403//403 475//475 474//474
f 403//403 404//404 476//476 475//475
f 404//404 405//405 477//477 476//476
f 405//405 406//406 478//478 477//477
f 406//406 407//407 479//479 478//478
f 407//407 408//408 480//480 479//479
f 408//408 409//409 481//481 480//480
f 409//409 410//410 482//482 481//481
f 410//410 411//411 483//483 482//482
f 411//411 412//412 484//484 483//483
f 412//412 413//413 485//485 484//484
f 413//413 414//414 486//486 485//485
f 414//414 415//415 487//487 486//486
f 415//415 416//416 488//488 487//487
f 416//416 417//417 489//489 488//488
f 417//417 418//418 490//490 489//489
f 418//418 419//419 491//491 490//490
f 419//419 420//420 492//492 491//491
f 420//420 421//421 493//493 492//492
f 421//421 422//422 494//494 493//493
f 422//422 423//423 495//495 494//494
f 423//423 424//424 496//496 495//495
f 424//424 425//425 497//497 496//496
f 425//425 426//426 498//498 497//497
f 426//426 427//427 499//499 498//498
f 427//427 428//428 500//500 499//499
f 428//428 429//429 501//501 500//500
f 429//429 430//430 502//502 501//501
f 430//430 431//431 503//503 502//502
f 431//431 432//432 504//504 503//503
f 432//432 361//361 433//433 504//504
f 433//433 434//434 506//506 505//505
f 434//434 435//435 507//507 506//506
f 435//435 436//436 508//508 507//507
f 436//436 437//437 509//509 508//508
f 437//437 438//438 510//510 509//509
f 438//438 439//439 511//511 510//510
f 439//439 440//440 512//512 511//511
f 440//440 441//441 513//513 512//512
f 441//441 442//442 514//514 513//513
f 442//442 443//443 515//515 514//514
f 443//443 444//444 516//516 515//515
f 444//444 445//445 517//517 516//516
f 445//445 446//446 518//518 517//517
f 446//446 447//447 519//519 518//518
f 447//447 448//448 520//520 519//519
f 448//448 449//449 521//521 520//520
f 449//449 450//450 522//522 521//521
f 450//450 451//451 523//523 522//522
f 451//451 452//452 524//524 523//523
f 452//452 453//453 525//525 524//524
f 453//453 454//454 526//526 525//525
f 454//454 455//455 527//527 526//526
f 455//455 456//456 528//528 527//527
f 456//456 457//457 529//529 528//528
f 457//457 458//458 530//530 529//529
f 458//458 459//459 531//531 530//530
f 459//459 460//460 532//532 531//531
f 460//460 461//461 533//533 532//532
f 461//461 462//462 534//534 533//533
f 462//462 463//463 535//535 534//534
f 463//463 464//464 536//536 535//535
f 464//464 465//465 537//537 536//536
f 465//465 466//466 538//538 537//537
f 466//466 467//467 539//539 538//538
f 467//467 468//468 540//540 539//539
f 468//468 469//469 541//541 540//540
f 469//469 470//470 542//542 541//541
f 470//470 471//471 543//543 542//542
f 471//471 472//472 544//544 543//543
f 472//472 473//473 545//545 544//544
f 473//473 474//474 546//546 545//545
f 474//474 475//475 547//547 546//546
f 475//475 476//476 548//548 547//547
f 476//476 477//477 549//549 548//548
f 477//477 478//478 550//550 549//549
f 478//478 479//479 551//551 550//550
f 479//479 480//480 552//552 551//551
f 480//480 481//481 553//553 552//552
f 481//481 482//482 554//554 553//553
f 482//482 483//483 555//555 554//554
f 483//483 484//484 556//556 555//555
f 484//484 485//485 557//557 556//556
f 485//485 486//486 558//558 557//557
f 486//486 487//487 559//559 558//558
f 487//487 488//488 560//560 559//559
f 488//488 489//489 561//561 560//560
f 489//489 490//490 562//562 561//561
f 490//490 491//491 563//563 562//562
f 491//491 492//492 564//564 563//563
f 492//492 493//493 565//565 564//564
f 493//493 494//494 566//566 565//565
f 494//494 495//495 567//567 566//566
f 495//495 496//496 568//568 567//567
f 496//496 497//497 569//569 568//568
f 497//497 498//498 570//570 569//569
f 498//498 499//499 571//571 570//570
f 499//499 500//500 572//572 571//571
f 500//500 501//501 573//573 572//572
f 501//501 502//502 574//574 573//573
f 502//502 503//503 575//575 574//574
f 503//503 504//504 576//576 575//575
f 504//504 433//433 505//505 576//576
f 505//505 506//506 578//578 577//577
f 506//506 507//507 579//579 578//578
f 507//507 508//508 580//580 579//579
f 508//508 509//509 581//581 580//580
f 509//509 510//510 582//582 581//581
f 510//510 511//511 583//583 582//582
f 511//511 512//512 584//584 583//583
f 512//512 513//513 585//585 584//584
f 513//513 514//514 586//586 585//585
f 514//514 515//515 587//587 586//586
f 515//515 516//516 588//588 587//587
f 516//516 517//517 589//589 588//588
f 517//517 518//518 590//590 589//589
f 518//518 519//519 591//591 590//590
f 519//519 520//520 592//592 591//591
f 520//520 521//521 593//593 592//592
f 521//521 522//522 594//594 593//593
f 522//522 523//523 595//595 594//594
f 523//523 524//524 596//596 595//595
f 524//524 525//525 597//597 596//596
f 525//525 526//526 598//598 597//597
f 526//526 527//527 599//599 598//598
f 527//527 528//528 600//600 599//599
f 528//528 529//529 601//601 600//600
f 529//529 530//530 602//602 601//601
f 530//530 531//531 603//603 602//602
f 531//531 532//532 604//604 603//603
f 532//532 533//533 605//605 604//604
f 533//533 534//534 606//606 605//605
f 534//534 535//535 607//607 606//606
f 535//535 536//536 608//608 607//607
f 536//536 537//537 609//609 608//608
f 537//537 538//538 610//610 609//609
f 538//538 539//539 611//611 610//610
f 539//539 540//540 612//612 611//611
f 540//540 541//541 613//613 612//612
f 541//541 542//542 614//614 613//613
f 542//542 543//543 615//615 614//614
f 543//543 544//544 616//616 615//615
f 544//544 545//545 617//617 616//616
f 545//545 546//546 618//618 617//617
f 546//546 547//547 619//619 618//618
f 547//547 548//548 620//620 619//619
f 548//548 549//549 621//621 620//620
f 549//549 550//550 622//622 621//621
f 550//550 551//551 623//623 622//622
f 551//551 552//552 624//624 623//623
f 552//552 553//553 625//625 624//624
f 553//553 554//554 626//626 625//625
f 554//554 555//555 627//627 626//626
f 555//555 556//556 628//628 627//627
f 556//556 557//557 629//629 628//628
f 557//557 558//558 630//630 629//629
f 558//558 559//559 631//631 630//630
f 559//559 560//560 632//632 631//631
f 560//560 561//561 633//633 632//632
f 561//561 562//562 634//634 633//633
f 562//562 563//563 635//635 634//634
f 563//563 564//564 636//636 635//635
f 564//564 565//565 637//637 636//636
f 565//565 566//566 638//638 637//637
f 566//566 567//567 639//639 638//638
f 567//567 568//568 640//640 639//639
f 568//568 569//569 641//641 640//640
f 569//569 570//570 642//642 641//641
f 570//570 571//571 643//643 642//642
f 571//571 572//572 644//644 643//643
f 572//572 573//573 645//645 644//644
f 573//573 574//574 646//646 645//645
f 574//574 575//575 647//647 646//646
f 575//575 576//576 648//648 647//647
f 576//576 505//505 577//577 648//648
f 577//577 578//578 650//650 649//649
f 578//578 579//579 651//651 650//650
f 579//579 580//580 652//652 651//651
f 580//580 581//581 653//653 652//652
f 581//581 582//582 654//654 653//653
f 582//582 583//583 655//655 654//654
f 583//583 584//584 656//656 655//655
f 584//584 585//585 657//657 656//656
f 585//585 586//586 658//658 657//657
f 586//586 587//587 659//659 658//658
f 587//587 588//588 660//660 659//659
f 588//588 589//589 661//661 660//660
f 589//589 590//590 662//662 661//661
f 590//590 591//591 663//663 662//662
f 591//591 592//592 664//664 663//663
f 592//592 593//593 665//665 664//664
f 593//593 594//594 666//666 665//665
f 594//594 595//595 667//667 666//666
f 595//595 596//596 668//668 667//667
f 596//596 597//597 669//669 668//668
f 597//597 598//598 670//670 669//669
f 598//598 599//599 671//671 670//670
f 599//599 600//600 672//672 671//671
f 600//600 601//601 673//673 672//672
f 601//601 602//602 674//674 673//673
f 602//602 603//603 675//675 674//674
f 603//603 604//604 676//676 675//675
f 604//604 605//605 677//677 676//676
f 605//605 606//606 678//678 677//677
f 606//606 607//607 679//679 678//678
f 607//607 608//608 680//680 679//679
f 608//608 609//609 681//681 680//680
f 609//609 610//610 682//682 681//681
f 610//610 611//611 683//683 682//682
f 611//611 612//612 684//684 683//683
f 612//612 613//613 685//685 684//684
f 613//613 614//614 686//686 685//685
f 614//614 615//615 687//687 686//686
f 615//615 616//616 688//688 687//687
f 616//616 617//617 689//689 688//688
f 617//617 618//618 690//690 689//689
f 618//618 619//619 691//691 690//690
f 619//619 620//620 692//692 691//691
f 620//620 621//621 693//693 692//692
f 621//621 622//622 694//694 693//693
f 622//622 623//623 695//695 694//694
f 623//623 624//624 696//696 695//695
f 624//624 625//625 697//697 696//696
f 625//625 626//626 698//698 697//697
f 626//626 627//627 699//699 698//698
f 627//627 628//628 700//700 699//699
f 628//628 629//629 701//701 700//700
f 629//629 630//630 702//702 701//701
f 630//630 631//631 703//703 702//702
f 631//631 632//632 704//704 703//703
f 632//632 633//633 705//705 704//704
f 633//633 634//634 706//706 705//705
f 634//634 635//635 707//707 706//706
f 635//635 636//636 708//708 707//707
f 636//636 637//637 709//709 708//708
f 637//637 638//638 710//710 709//709
f 638//638 639//639 711//711 710//710
f 639//639 640//640 712//712 711//711
f 640//640 641//641 713//713 712//712
f 641//641 642//642 714//714 713//713
f 642//642 643//643 715//715 714//714
f 643//643 644//644 716//716 715//715
f 644//644 645//645 717//717 716//716
f 645//645 646//646 718//718 717//717
f 646//646 647//647 719//719 718//718
f 647//647 648//648 720//720 719//719
f 648//648 577//577 649//649 720//720
f 649//649 650//650 722//722 721//721
f 650//650 651//651 723//723 722//722
f 651//651 652//652 724//724 723//723
f 652//652 653//653 725//725 724//724
f 653//653 654//654 726//726 725//725
f 654//654 655//655 727//727 726//726
f 655//655 656//656 728//728 727//727
f 656//656 657//657 729//729 728//728
f 657//657 658//658 730//730 729//729
f 658//658 659//659 731//731 730//730
f 659//659 660//660 732//732 731//731
f 660//660 661//661 733//733 732//732
f 661//661 662//662 734//734 733//733
f 662//662 663//663 735//735 734//734
f 663//663 664//664 736//736 735//735
f 664//664 665//665 737//737 736//736
f 665//665 666//666 738//738 737//737
f 666//666 667//667 739//739 738//738
f 667//667 668//668 740//740 739//739
f 668//668 669//669 741//741 740//740
f 669//669 670//670 742//742 741//741
f 670//670 671//671 743//743 742//742
f 671//671 672//672 744//744 743//743
f 672//672 673//673 745//745 744//744
f 673//673 674//674 746//746 745//745
f 674//674 675//675 747//747 746//746
f 675//675 676//676 748//748 747//747
f 676//676 677//677 749//749 748//748
f 677//677 678//678 750//750 749//749
f 678//678 679//679 751//751 750//750
f 679//679 680//680 752//752 751//751
f 680//680 681//681 753//753 752//752
f 681//681 682//682 754//754 753//753
f 682//682 683//683 755//755 754//754
f 683//683 684//684 756//756 755//755
f 684//684 685//685 757//757 756//756
f 685//685 686//686 758//758 757//757
f 686//686 687//687 759//759 758//758
f 687//687 688//688 760//760 759//759
f 688//688 689//689 761//761 760//760
f 689//689 690//690 762//762 761//761
f 690//690 691//691 763//763 762//762
f 691//691 692//692 764//764 763//763
f 692//692 693//693 765//765 764//764
f 693//693 694//694 766//766 765//765
f 694//694 695//695 767//767 766//766
f 695//695 696//696 768//768 767//767
f 696//696 697//697 769//769 768//768
f 697//697 698//698 770//770 769//769
f 698//698 699//699 771//771 770//770
f 699//699 700//700 772//772 771//771
f 700//700 701//701 773//773 772//772
f 701//701 702//702 774//774 773//773
f 702//702 703//703 775//775 774//774
f 703//703 704//704 776//776 775//775
f 704//704 705//705 777//777 776//776
f 705//705 706//706 778//778 777//777
f 706//706 707//707 779//779 778//778
f 707//707 708//708 780//780 779//779
f 708//708 709//709 781//781 780//780
f 709//709 710//710 782//782 781//781
f 710//710 711//711 783//783 782//782
f 711//711 712//712 784//784 783//783
f 712//712 713//713 785//785 784//784
f 713//713 714//714 786//786 785//785
f 714//714 715//715 787//787 786//786
f 715//715 716//716 788//788 787//787
f 716//716 717//717 789//789 788//788
f 717//717 718//718 790//790 789//789
f 718//718 719//719 791//791 790//790
f 719//719 720//720 792//792 791//791
f 720//720 649//649 721//721 792//792
f 721//721 722//722 794//794 793//793
f 722//722 723//723 795//795 794//794
f 723//723 724//724 796//796 795//795
f 724//724 725//725 797//797 796//796
f 725//725 726//726 798//798 797//797
f 726//726 727//727 799//799 798//798
f 727//727 728//728 800//800 799//799
f 728//728 729//729 801//801 800//800
f 729//729 730//730 802//802 801//801
f 730//730 731//731 803//803 802//802
f 731//731 732//732 804//804 803//803
f 732//732 733//733 805//805 804//804
f 733//733 734//734 806//806 805//805
f 734//734 735//735 807//807 806//806
f 735//735 736//736 808//808 807//807
f 736//736 737//737 809//809 808//808
f 737//737 738//738 810//810 809//809
f 738//738 739//739 811//811 810//810
f 739//739 740//740 812//812 811//811
f 740//740 741//741 813//813 812//812
f 741//741 742//742 814//814 813//813
f 742//742 743//743 815//815 814//814
f 743//743 744//744 816//816 815//815
f 744//744 745//745 817//817 816//816
f 745//745 746//746 818//818 817//817
f 746//746 747//747 819//819 818//818
f 747//747 748//748 820//820 819//819
f 748//748 749//749 821//821 820//820
f 749//749 750//750 822//822 821//821
f 750//750 751//751 823//823 822//822
f 751//751 752//752 824//824 823//823
f 752//752 753//753 825//825 824//824
f 753//753 754//754 826//826 825//825
f 754//754 755//755 827//827 826//826
f 755//755 756//756 828//828 827//827
f 756//756 757//757 829//829 828//828
f 757//757 758//758 830//830 829//829
f 758//758 759//759 831//831 830//830
f 759//759 760//760 832//832 831//831
f 760//760 761//761 833//833 832//832
f 761//761 762//762 834//834 833//833
f 762//762 763//763 835//835 834//834
f 763//763 764//764 836//836 835//835
f 764//764 765//765 837//837 836//836
f 765//765 766//766 838//838 837//837
f 766//766 767//767 839//839 838//838
f 767//767 768//768 840//840 839//839
f 768//768 769//769 841//841 840//840
f 769//769 770//770 842//842 841//841
f 770//770 771//771 843//843 842//842
f 771//771 772//772 844//844 843//843
f 772//772 773//773 845//845 844//844
f 773//773 774//774 846//846 845//845
f 774//774 775//775 847//847 846//846
f 775//775 776//776 848//848 847//847
f 776//776 777//777 849//849 848//848
f 777//777 778//778 850//850 849//849
f 778//778 779//779 851//851 850//850
f 779//779 780//780 852//852 851//851
f 780//780 781//781 853//853 852//852
f 781//781 782//782 854//854 853//853
f 782//782 783//783 855//855 854//854
f 783//783 784//784 856//856 855//855
f 784//784 785//785 857//857 856//856
f 785//785 786//786 858//858 857//857
f 786//786 787//787 859//859 858//858
f 787//787 788//788 860//860 859//859
f 788//788 789//789 861//861 860//860
f 789//789 790//790 862//862 861//861
f 790//790 791//791 863//863 862//862
f 791//791 792//792 864//864 863//863
f 792//792 721//721 793//793 864//864
f 793//793 794//794 866//866 865//865
f 794//794 795//795 867//867 866//866
f 795//795 796//796 868//868 867//867
f 796//796 797//797 869//869 868//868
f 797//797 798//798 870//870 869//869
f 798//798 799//799 871//871 870//870
f 799//799 800//800 872//872 871//871
f 800//800 801//801 873//873 872//872
f 801//801 802//802 874//874 873//873
f 802//802 803//803 875//875 874//874
f 803//803 804//804 876//876 875//875
f 804//804 805//805 877//877 876//876
f 805//805 806//806 878//878 877//877
f 806//806 807//807 879//879 878//878
f 807//807 808//808 880//880 879//879
f 808//808 809//809 881//881 880//880
f 809//809 810//810 882//882 881//881
f 810//810 811//811 883//883 882//882
f 811//811 812//812 884//884 883//883
f 812//812 813//813 885//885 884//884
f 813//813 814//814 886//886 885//885
f 814//814 815//815 887//887 886//886
f 815//815 816//816 888//888 887//887
f 816//816 817//817 889//889 888//888
f 817//817 818//818 890//890 889//889
f 818//818 819//819 891//891 890//890
f 819//819 820//820 892//892 891//891
f 820//820 821//821 893//893 892//892
f 821//821 822//822 894//894 893//893
f 822//822 823//823 895//895 894//894
f 823//823 824//824 896//896 895//895
f 824//824 825//825 897//897 896//896
f 825//825 826//826 898//898 897//897
f 826//826 827//827 899//899 898//898
f 827//827 828//828 900//900 899//899
f 828//828 829//829 901//901 900//900
f 829//829 830//830 902//902 901//901
f 830//830 831//831 903//903 902//902
f 831//831 832//832 904//904 903//903
f 832//832 833//833 905//905 904//904
f 833//833 834//834 906//906 905//905
f 834//834 835//835 907//907 906//906
f 835//835 836//836 908//908 907//907
f 836//836 837//837 909//909 908//908
f 837//837 838//838 910//910 909//909
f 838//838 839//839 911//911 910//910
f 839//839 840//840 912//912 911//911
f 840//840 841//841 913//913 912//912
f 841//841 842//842 914//914 913//913
f 842//842 843//843 915//915 914//914
f 843//843 844//844 916//916 915//915
f 844//844 845//845 917//917 916//916
f 845//845 846//846 918//918 917//917
f 846//846 847//847 919//919 918//918
f 847//847 848//848 920//920 919//919
f 848//848 849//849 921//921 920//920
f 849//849 850//850 922//922 921//921
f 850//850 851//851 923//923 922//922
f 851//851 852//852 924//924 923//923
f 852//852 853//853 925//925 924//924
f 853//853 854//854 926//926 925//925
f 854//854 855//855 927//927 926//926
f 855//855 856//856 928//928 927//927
f 856//856 857//857 929//929 928//928
f 857//857 858//858 930//930 929//929
f 858//858 859//859 931//931 930//930
f 859//859 860//860 932//932 931//931
f 860//860 861//861 933//933 932//932
f 861//861 862//862 934//934 933//933
f 862//862 863//863 935//935 934//934
f 863//863 864//864 936//936 935//935
f 864//864 793//793 865//865 936//936
f 865//865 866//866 938//938 937//937
f 866//866 867//867 939//939 938//938
f 867//867 868//868 940//940 939//939
f 868//868 869//869 941//941 940//940
f 869//869 870//870 942//942 941//941
f 870//870 871//871 943//943 942//942
f 871//871 872//872 944//944 943//943
f 872//872 873//873 945//945 944//944
f 873//873 874//874 946//946 945//945
f 874//874 875//875 947//947 946//946
f 875//875 876//876 948//948 947//947
f 876//876 877//877 949//949 948//948
f 877//877 878//878 950//950 949//949
f 878//878 879//879 951//951 950//950
f 879//879 880//880 952//952 951//951
f 880//880 881//881 953//953 952//952
f 881//881 882//882 954//954 953//953
f 882//882 883//883 955//955 954//954
f 883//883 884//884 956//956 955//955
f 884//884 885//885 957//957 956//956
f 885//885 886//886 958//958 957//957
f 886//886 887//887 959//959 958//958
f 887//887 888//888 960//960 959//959
f 888//888 889//889 961//961 960//960
f 889//889 890//890 962//962 961//961
f 890//890 891//891 963//963 962//962
f 891//891 892//892 964//964 963//963
f 892//892 893//893 965//965 964//964
f 893//893 894//894 966//966 965//965
f 894//894 895//895 967//967 966//966
f 895//895 896//896 968//968 967//967
f 896//896 897//897 969//969 968//968
f 897//897 898//898 970//970 969//969
f 898//898 899//899 971//971 970//970
f 899//899 900//900 972//972 971//971
f 900//900 901//901 973//973 972//972
f 901//901 902//902 974//974 973//973
f 902//902 903//903 975//975 974//974
f 903//903 904//904 976//976 975//975
f 904//904 905//905 977//977 976//976
f 905//905 906//906 978//978 977//977
f 906//906 907//907 979//979 978//978
f 907//907 908//908 980//980 979//979
f 908//908 909//909 981//981 980//980
f 909//909 910//910 982//982 981//981
f 910//910 911//911 983//983 982//982
f 911//911 912//912 984//984 983//983
f 912//912 913//913 985//985 984//984
f 913//913 914//914 986//986 985//985
f 914//914 915//915 987//987 986//986
f 915//915 916//916 988//988 987//987
f 916//916 917//917 989//989 988//988
f 917//917 918//918 990//990 989//989
f 918//918 919//919 991//991 990//990
f 919//919 920//920 992//992 991//991
f 920//920 921//921 993//993 992//992
f 921//921 922//922 994//994 993//993
f 922//922 923//923 995//995 994//994
f 923//923 924//924 996//996 995//995
f 924//924 925//925 997//997 996//996
f 925//925 926//926 998//998 997//997
f 926//926 927//927 999//999 998//998
f 927//927 928//928 1000//1000 999//999
f 928//928 929//929 1001//1001 1000//1000
f 929//929 930//930 1002//1002 1001//1001
f 930//930 931//931 1003//1003 1002//1002
f 931//931 932//932 1004//1004 1003//1003
f 932//932 933//933 1005//1005 1004//1004
f 933//933 934//934 1006//1006 1005//1005
f 934//934 935//935 1007//1007 1006//1006
f 935//935 936//936 1008//1008 1007//1007
f 936//936 865//865 937//937 1008//1008
f 1009//1009 1011//1011 1010//1010
f 1009//1009 1012//1012 1011//1011
f 1009//1009 1013//1013 1012//1012
f 1009//1009 1014//1014 1013//1013
f 1009//1009 1015//1015 1014//1014
f 1009//1009 1016//1016 1015//1015
f 1009//1009 1017//1017 1016//1016
f 1009//1009 1018//1018 1017//1017
f 1009//1009 1019//1019 1018//1018
f 1009//1009 1020//1020 1019//1019
f 1009//1009 1021//1021 1020//1020
f 1009//1009 1022//1022 1021//1021
f 1009//1009 1023//1023 1022//1022
f 1009//1009 1024//1024 1023//1023
f 1009//1009 1025//1025 1024//1024
f 1009//1009 1026//1026 1025//1025
f 1009//1009 1027//1027 1026//1026
f 1009//1009 1028//1028 1027//1027
f 1009//1009 1029//1029 1028//1028
f 1009//1009 1030//1030 1029//1029
f 1009//1009 1031//1031 1030//1030
f 1009//1009 1032//1032 1031//1031
f 1009//1009 1033//1033 1032//1032
f 1009//1009 1034//1034 1033//1033
f 1009//1009 1035//1035 1034//1034
f 1009//1009 1036//1036 1035//1035
f 1009//1009 1037//1037 1036//1036
f 1009//1009 1038//1038 1037//1037
f 1009//1009 1039//1039 1038//1038
f 1009//1009 1040//1040 1039//1039
f 1009//1009 1041//1041 1040//1040
f 1009//1009 1042//1042 1041//1041
f 1009//1009 1043//1043 1042//1042
f 1009//1009 1044//1044 1043//1043
f 1009//1009 1045//1045 1044//1044
f 1009//1009 1046//1046 1045//1045
f 1009//1009 1047//1047 1046//1046
f 1009//1009 1048//1048 1047//1047
f 1009//1009 1049//1049 1048//1048
f 1009//1009 1050//1050 1049//1049
f 1009//1009 1051//1051 1050//1050
f 1009//1009 1052//1052 1051//1051
f 1009//1009 1053//1053 1052//1052
f 1009//1009 1054//1054 1053//1053
f 1009//1009 1055//1055 1054//1054
f 1009//1009 1056//1056 1055//1055
f 1009//1009 1057//1057 1056//1056
f 1009//1009 1058//1058 1057//1057
f 1009//1009 1059//1059 1058//1058
f 1009//1009 1060//1060 1059//1059
f 1009//1009 1061//1061 1060//1060
f 1009//1009 1062//1062 1061//1061
f 1009//1009 1063//1063 1062//1062
f 1009//1009 1064//1064 1063//1063
f 1009//1009 1065//1065 1064//1064
f 1009//1009 1066//1066 1065//1065
f 1009//1009 1067//1067 1066//1066
f 1009//1009 1068//1068 1067//1067
f 1009//1009 1069//1069 1068//1068
f 1009//1009 1070//1070 1069//1069
f 1009//1009 1071//1071 1070//1070
f 1009//1009 1072//1072 1071//1071
f 1009//1009 1073//1073 1072//1072
f 1009//1009 1074//1074 1073//1073
f 1009//1009 1075//1075 1074//1074
f 1009//1009 1076//1076 1075//1075
f 1009//1009 1077//1077 1076//1076
f 1009//1009 1078//1078 1077//1077
f 1009//1009 1079//1079 1078//1078
f 1009//1009 1080//1080 1079//1079
f 1009//1009 1081//1081 1080//1080
f 1009//1009 1010//1010 1081//1081
f 1082//1082 1083//1083 1084//1084
f 1082//1082 1084//1084 1085//1085
f 1082//1082 1085//1085 1086//1086
f 1082//1082 1086//1086 1087//1087
f 1082//1082 1087//1087 1088//1088
f 1082//1082 1088//1088 1089//1089
f 1082//1082 1089//1089 1090//1090
f 1082//1082 1090//1090 1091//1091
f 1082//1082 1091//1091 1092//1092
f 1082//1082 1092//1092 1093//1093
f 1082//1082 1093//1093 1094//1094
f 1082//1082 1094//1094 1095//1095
f 1082//1082 1095//1095 1096//1096
f 1082//1082 1096//1096 1097//1097
f 1082//1082 1097//1097 1098//1098
f 1082//1082 1098//1098 1099//1099
f 1082//1082 1099//1099 1100//1100
f 1082//1082 1100//1100 1101//1101
f 1082//1082 1101//1101 1102//1102
f 1082//1082 1102//1102 1103//1103
f 1082//1082 1103//1103 1104//1104
f 1082//1082 1104//1104 1105//1105
f 1082//1082 1105//1105 1106//1106
f 1082//1082 1106//1106 1107//1107
f 1082//1082 1107//1107 1108//1108
f 1082//1082 1108//1108 1109//1109
f 1082//1082 1109//1109 1110//1110
f 1082//1082 1110//1110 1111//1111
f 1082//1082 1111//1111 1112//1112
f 1082//1082 1112//1112 1113//1113
f 1082//1082 1113//1113 1114//1114
f 1082//1082 1114//1114 1115//1115
f 1082//1082 1115//1115 1116//1116
f 1082//1082 1116//1116 1117//1117
f 1082//1082 1117//1117 1118//1118
f 1082//1082 1118//1118 1119//1119
f 1082//1082 1119//1119 1120//1120
f 1082//1082 1120//1120 1121//1121
f 1082//1082 1121//1121 1122//1122
f 1082//1082 1122//1122 1123//1123
f 1082//1082 1123//1123 1124//1124
f 1082//1082 1124//1124 1125//1125
f 1082//1082 1125//1125 1126//1126
f 1082//1082 1126//1126 1127//1127
f 1082//1082 1127//1127 1128//1128
f 1082//1082 1128//1128 1129//1129
f 1082//1082 1129//1129 1130//1130
f 1082//1082 1130//1130 1131//1131
f 1082//1082 1131//1131 1132//1132
f 1082//1082 1132//1132 1133//1133
f 1082//1082 1133//1133 1134//1134
f 1082//1082 1134//1134 1135//1135
f 1082//1082 1135//1135 1136//1136
f 1082//1082 1136//1136 1137//1137
f 1082//1082 1137//1137 1138//1138
f 1082//1082 1138//1138 1139//1139
f 1082//1082 1139//1139 1140//1140
f 1082//1082 1140//1140 1141//1141
f 1082//1082 1141//1141 1142//1142
f 1082//1082 1142//1142 1143//1143
f 1082//1082 1143//1143 1144//1144
f 1082//1082 1144//1144 1145//1145
f 1082//1082 1145//1145 1146//1146
f 1082//1082 1146//1146 1147//1147
f 1082//1082 1147//1147 1148//1148
f 1082//1082 1148//1148 1149//1149
f 1082//1082 1149//1149 1150//1150
f 1082//1082 1150//1150 1151//1151
f 1082//1082 1151//1151 1152//1152
f 1082//1082 1152//1152 1153//1153
f 1082//1082 1153//1153 1154//1154
f 1082//1082 1154//1154 1083//1083
f 1155//1155 1156//1156 1173//1173
f 1156//1156 1157//1157 1174//1174
f 1157//1157 1158//1158 1175//1175
f 1158//1158 1159//1159 1176//1176
f 1159//1159 1160//1160 1177//1177
f 1160//1160 1161//1161 1178//1178
f 1161//1161 1162//1162 1179//1179
f 1162//1162 1163//1163 1180//1180
f 1163//1163 1164//1164 1181//1181
f 1164//1164 1165//1165 1182//1182
f 1165//1165 1166//1166 1183//1183
f 1166//1166 1167//1167 1184//1184
f 1167//1167 1168//1168 1185//1185
f 1168//1168 1169//1169 1186//1186
f 1169//1169 1170//1170 1187//1187
f 1170//1170 1171//1171 1188//1188
f 1171//1171 1172//1172 1189//1189
f 1172//1172 1155//1155 1190//1190
f 1191//1191 1193//1193 1192//1192
f 1191//1191 1194//1194 1193//1193
f 1191//1191 1195//1195 1194//1194
f 1191//1191 1196//1196 1195//1195
f 1191//1191 1197//1197 1196//1196
f 1191//1191 1198//1198 1197//1197
f 1191//1191 1199//1199 1198//1198
f 1191//1191 1200//1200 1199//1199
f 1191//1191 1201//1201 1200//1200
f 1191//1191 1202//1202 1201//1201
f 1191//1191 1203//1203 1202//1202
f 1191//1191 1204//1204 1203//1203
f 1191//1191 1205//1205 1204//1204
f 1191//1191 1206//1206 1205//1205
f 1191//1191 1207//1207 1206//1206
f 1191//1191 1208//1208 1207//1207
f 1191//1191 1209//1209 1208//1208
f 1191//1191 1192//1192 1209//1209
f 1210//1210 1229//1229 1228//1228
f 1211//1211 1230//1230 1229//1229
f 1212//1212 1231//1231 1230//1230
f 1213//1213 1232//1232 1231//1231
f 1214//1214 1233//1233 1232//1232
f 1215//1215 1234//1234 1233//1233
f 1216//1216 1235//1235 1234//1234
f 1217//1217 1236//1236 1235//1235
f 1218//1218 1237//1237 1236//1236
f 1219//1219 1238//1238 1237//1237
f 1220//1220 1239//1239 1238//1238
f 1221//1221 1240//1240 1239//1239
f 1222//1222 1241//1241 1240//1240
f 1223//1223 1242//1242 1241//1241
f 1224//1224 1243//1243 1242//1242
f 1225//1225 1244//1244 1243//1243
f 1226//1226 1245//1245 1244//1244
f 1227//1227 1228//1228 1245//1245
f 1228//1228 1229//1229 1247//1247 1246//1246
f 1229//1229 1230//1230 1248//1248 1247//1247
f 1230//1230 1231//1231 1249//1249 1248//1248
f 1231//1231 1232//1232 1250//1250 1249//1249
f 1232//1232 1233//1233 1251//1251 1250//1250
f 1233//1233 1234//1234 1252//1252 1251//1251
f 1234//1234 1235//1235 1253//1253 1252//1252
f 1235//1235 1236//1236 1254//1254 1253//1253
f 1236//1236 1237//1237 1255//1255 1254//1254
f 1237//1237 1238//1238 1256//1256 1255//1255
f 1238//1238 1239//1239 1257//1257 1256//1256
f 1239//1239 1240//1240 1258//1258 1257//1257
f 1240//1240 1241//1241 1259//1259 1258//1258
f 1241//1241 1242//1242 1260//1260 1259//1259
f 1242//1242 1243//1243 1261//1261 1260//1260
f 1243//1243 1244//1244 1262//1262 1261//1261
f 1244//1244 1245//1245 1263//1263 1262//1262
f 1245//1245 1228//1228 1246//1246 1263//1263
f 1246//1246 1247//1247 1265//1265 1264//1264
f 1247//1247 1248//1248 1266//1266 1265//1265
f 1248//1248 1249//1249 1267//1267 1266//1266
f 1249//1249 1250//1250 1268//1268 1267//1267
f 1250//1250 1251//1251 1269//1269 1268//1268
f 1251//1251 1252//1252 1270//1270 1269//1269
f 1252//1252 1253//1253 1271//1271 1270//1270
f 1253//1253 1254//1254 1272//1272 1271//1271
f 1254//1254 1255//1255 1273//1273 1272//1272
f 1255//1255 1256//1256 1274//1274 1273//1273
f 1256//1256 1257//1257 1275//1275 1274//1274
f 1257//1257 1258//1258 1276//1276 1275//1275
f 1258//1258 1259//1259 1277//1277 1276//1276
f 1259//1259 1260//1260 1278//1278 1277//1277
f 1260//1260 1261//1261 1279//1279 1278//1278
f 1261//1261 1262//1262 1280//1280 1279//1279
f 1262//1262 1263//1263 1281//1281 1280//1280
f 1263//1263 1246//1246 1264//1264 1281//1281
f 1264//1264 1265//1265 1283//1283 1282//1282
f 1265//1265 1266//1266 1284//1284 1283//1283
f 1266//1266 1267//1267 1285//1285 1284//1284
f 1267//1267 1268//1268 1286//1286 1285//1285
f 1268//1268 1269//1269 1287//1287 1286//1286
f 1269//1269 1270//1270 1288//1288 1287//1287
f 1270//1270 1271//1271 1289//1289 1288//1288
f 1271//1271 1272//1272 1290//1290 1289//1289
f 1272//1272 1273//1273 1291//1291 1290//1290
f 1273//1273 1274//1274 1292//1292 1291//1291
f 1274//1274 1275//1275 1293//1293 1292//1292
f 1275//1275 1276//1276 1294//1294 1293//1293
f 1276//1276 1277//1277 1295//1295 1294//1294
f 1277//1277 1278//1278 1296//1296 1295//1295
f 1278//1278 1279//1279 1297//1297 1296//1296
f 1279//1279 1280//1280 1298//1298 1297//1297
f 1280//1280 1281//1281 1299//1299 1298//1298
f 1281//1281 1264//1264 1282//1282 1299//1299
f 1282//1282 1283//1283 1301//1301 1300//1300
f 1283//1283 1284//1284 1302//1302 1301//1301
f 1284//1284 1285//1285 1303//1303 1302//1302
f 1285//1285 1286//1286 1304//1304 1303//1303
f 1286//1286 1287//1287 1305//1305 1304//1304
f 1287//1287 1288//1288 1306//1306 1305//1305
f 1288//1288 1289//1289 1307//1307 1306//1306
f 1289//1289 1290//1290 1308//1308 1307//1307
f 1290//1290 1291//1291 1309//1309 1308//1308
f 1291//1291 1292//1292 1310//1310 1309//1309
f 1292//1292 1293//1293 1311//1311 1310//1310
f 1293//1293 1294//1294 1312//1312 1311//1311
f 1294//1294 1295//1295 1313//1313 1312//1312
f 1295//1295 1296//1296 1314//1314 1313//1313
f 1296//1296 1297//1297 1315//1315 1314//1314
f 1297//1297 1298//1298 1316//1316 1315//1315
f 1298//1298 1299//1299 1317//1317 1316//1316
f 1299//1299 1282//1282 1300//1300 1317//1317
f 1300//1300 1301//1301 1319//1319 1318//1318
f 1301//1301 1302//1302 1320//1320 1319//1319
f 1302//1302 1303//1303 1321//1321 1320//1320
f 1303//1303 1304//1304 1322//1322 1321//1321
f 1304//1304 1305//1305 1323//1323 1322//1322
f 1305//1305 1306//1306 1324//1324 1323//1323
f 1306//1306 1307//1307 1325//1325 1324//1324
f 1307//1307 1308//1308 1326//1326 1325//1325
f 1308//1308 1309//1309 1327//1327 1326//1326
f 1309//1309 1310//1310 1328//1328 1327//1327
f 1310//1310 1311//1311 1329//1329 1328//1328
f 1311//1311 1312//1312 1330//1330 1329//1329
f 1312//1312 1313//1313 1331//1331 1330//1330
f 1313//1313 1314//1314 1332//1332 1331//1331
f 1314//1314 1315//1315 1333//1333 1332//1332
f 1315//1315 1316//1316 1334//1334 1333//1333
f 1316//1316 1317//1317 1335//1335 1334//1334
f 1317//1317 1300//1300 1318//1318 1335//1335
f 1318//1318 1319//1319 1337//1337 1336//1336
f 1319//1319 1320//1320 1338//1338 1337//1337
f 1320//1320 1321//1321 1339//1339 1338//1338
f 1321//1321 1322//1322 1340//1340 1339//1339
f 1322//1322 1323//1323 1341//1341 1340//1340
f 1323//1323 1324//1324 1342//1342 1341//1341
f 1324//1324 1325//1325 1343//1343 1342//1342
f 1325//1325 1326//1326 1344//1344 1343//1343
f 1326//1326 1327//1327 1345//1345 1344//1344
f 1327//1327 1328//1328 1346//1346 1345//1345
f 1328//1328 1329//1329 1347//1347 1346//1346
f 1329//1329 1330//1330 1348//1348 1347//1347
f 1330//1330 1331//1331 1349//1349 1348//1348
f 1331//1331 1332//1332 1350//1350 1349//1349
f 1332//1332 1333//1333 1351//1351 1350//1350
f 1333//1333 1334//1334 1352//1352 1351//1351
f 1334//1334 1335//1335 1353//1353 1352//1352
f 1335//1335 1318//1318 1336//1336 1353//1353
f 1336//1336 1337//1337 1354//1354
f 1337//1337 1338//1338 1355//1355
f 1338//1338 1339//1339 1356//1356
f 1339//1339 1340//1340 1357//1357
f 1340//1340 1341//1341 1358//1358
f 1341//1341 1342//1342 1359//1359
f 1342//1342 1343//1343 1360//1360
f 1343//1343 1344//1344 1361//1361
f 1344//1344 1345//1345 1362//1362
f 1345//1345 1346//1346 1363//1363
f 1346//1346 1347//1347 1364//1364
f 1347//1347 1348//1348 1365//1365
f 1348//1348 1349//1349 1366//1366
f 1349//1349 1350//1350 1367//1367
f 1350//1350 1351//1351 1368//1368
f 1351//1351 1352//1352 1369//1369
f 1352//1352 1353//1353 1370//1370
f 1353//1353 1336//1336 1371//1371
f 1372//1372 1373//1373 1390//1390
f 1373//1373 1374//1374 1391//1391
f 1374//1374 1375//1375 1392//1392
f 1375//1375 1376//1376 1393//1393
f 1376//1376 1377//1377 1394//1394
f 1377//1377 1378//1378 1395//1395
f 1378//1378 1379//1379 1396//1396
f 1379//1379 1380//1380 1397//1397
f 1380//1380 1381//1381 1398//1398
f 1381//1381 1382//1382 1399//1399
f 1382//1382 1383//1383 1400//1400
f 1383//1383 1384//1384 1401//1401
f 1384//1384 1385//1385 1402//1402
f 1385//1385 1386//1386 1403//1403
f 1386//1386 1387//1387 1404//1404
f 1387//1387 1388//1388 1405//1405
f 1388//1388 1389//1389 1406//1406
f 1389//1389 1372//1372 1407//1407
f 1408//1408 1410//1410 1409//1409
f 1408//1408 1411//1411 1410//1410
f 1408//1408 1412//1412 1411//1411
f 1408//1408 1413//1413 1412//1412
f 1408//1408 1414//1414 1413//1413
f 1408//1408 1415//1415 1414//1414
f 1408//1408 1416//1416 1415//1415
f 1408//1408 1417//1417 1416//1416
f 1408//1408 1418//1418 1417//1417
f 1408//1408 1419//1419 1418//1418
f 1408//1408 1420//1420 1419//1419
f 1408//1408 1421//1421 1420//1420
f 1408//1408 1422//1422 1421//1421
f 1408//1408 1423//1423 1422//1422
f 1408//1408 1424//1424 1423//1423
f 1408//1408 1425//1425 1424//1424
f 1408//1408 1426//1426 1425//1425
f 1408//1408 1409//1409 1426//1426
f 1427//1427 1446//1446 1445//1445
f 1428//1428 1447//1447 1446//1446
f 1429//1429 1448//1448 1447//1447
f 1430//1430 1449//1449 1448//1448
f 1431//1431 1450//1450 1449//1449
f 1432//1432 1451//1451 1450//1450
f 1433//1433 1452//1452 1451//1451
f 1434//1434 1453//1453 1452//1452
f 1435//1435 1454//1454 1453//1453
f 1436//1436 1455//1455 1454//1454
f 1437//1437 1456//1456 1455//1455
f 1438//1438 1457//1457 1456//1456
f 1439//1439 1458//1458 1457//1457
f 1440//1440 1459//1459 1458//1458
f 1441//1441 1460//1460 1459//1459
f 1442//1442 1461//1461 1460//1460
f 1443//1443 1462//1462 1461//1461
f 1444//1444 1445//1445 1462//1462
f 1445//1445 1446//1446 1464//1464 1463//1463
f 1446//1446 1447//1447 1465//1465 1464//1464
f 1447//1447 1448//1448 1466//1466 1465//1465
f 1448//1448 1449//1449 1467//1467 1466//1466
f 1449//1449 1450//1450 1468//1468 1467//1467
f 1450//1450 1451//1451 1469//1469 1468//1468
f 1451//1451 1452//1452 1470//1470 1469//1469
f 1452//1452 1453//1453 1471//1471 1470//1470
f 1453//1453 1454//1454 1472//1472 1471//1471
f 1454//1454 1455//1455 1473//1473 1472//1472
f 1455//1455 1456//1456 1474//1474 1473//1473
f 1456//1456 1457//1457 1475//1475 1474//1474
f 1457//1457 1458//1458 1476//1476 1475//1475
f 1458//1458 1459//1459 1477//1477 1476//1476
f 1459//1459 1460//1460 1478//1478 1477//1477
f 1460//1460 1461//1461 1479//1479 1478//1478
f 1461//1461 1462//1462 1480//1480 1479//1479
f 1462//1462 1445//1445 1463//1463 1480//1480
f 1463//1463 1464//1464 1482//1482 1481//1481
f 1464//1464 1465//1465 1483//1483 1482//1482
f 1465//1465 1466//1466 1484//1484 1483//1483
f 1466//1466 1467//1467 1485//1485 1484//1484
f 1467//1467 1468//1468 1486//1486 1485//1485
f 1468//1468 1469//1469 1487//1487 1486//1486
f 1469//1469 1470//1470 1488//1488 1487//1487
f 1470//1470 1471//1471 1489//1489 1488//1488
f 1471//1471 1472//1472 1490//1490 1489//1489
f 1472//1472 1473//1473 1491//1491 1490//1490
f 1473//1473 1474//1474 1492//1492 1491//1491
f 1474//1474 1475//1475 1493//1493 1492//1492
f 1475//1475 1476//1476 1494//1494 1493//1493
f 1476//1476 1477//1477 1495//1495 1494//1494
f 1477//1477 1478//1478 1496//1496 1495//1495
f 1478//1478 1479//1479 1497//1497 1496//1496
f 1479//1479 1480//1480 1498//1498 1497//1497
f 1480//1480 1463//1463 1481//1481 1498//1498
f 1481//1481 1482//1482 1500//1500 1499//1499
f 1482//1482 1483//1483 1501//1501 1500//1500
f 1483//1483 1484//1484 1502//1502 1501//1501
f 1484//1484 1485//1485 1503//1503 1502//1502
f 1485//1485 1486//1486 1504//1504 1503//1503
f 1486//1486 1487//1487 1505//1505 1504//1504
f 1487//1487 1488//1488 1506//1506 1505//1505
f 1488//1488 1489//1489 1507//1507 1506//1506
f 1489//1489 1490//1490 1508//1508 1507//1507
f 1490//1490 1491//1491 1509//1509 1508//1508
f 1491//1491 1492//1492 1510//1510 1509//1509
f 1492//1492 1493//1493 1511//1511 1510//1510
f 1493//1493 1494//1494 1512//1512 1511//1511
f 1494//1494 1495//1495 1513//1513 1512//1512
f 1495//1495 1496//1496 1514//1514 1513//1513
f 1496//1496 1497//1497 1515//1515 1514//1514
f 1497//1497 1498//1498 1516//1516 1515//1515
f 1498//1498 1481//1481 1499//1499 1516//1516
f 1499//1499 1500//1500 1518//1518 1517//1517
f 1500//1500 1501//1501 1519//1519 1518//1518
f 1501//1501 1502//1502 1520//1520 1519//1519
f 1502//1502 1503//1503 1521//1521 1520//1520
f 1503//1503 1504//1504 1522//1522 1521//1521
f 1504//1504 1505//1505 1523//1523 1522//1522
f 1505//1505 1506//1506 1524//1524 1523//1523
f 1506//1506 1507//1507 1525//1525 1524//1524
f 1507//1507 1508//1508 1526//1526 1525//1525
f 1508//1508 1509//1509 1527//1527 1526//1526
f 1509//1509 1510//1510 1528//1528 1527//1527
f 1510//1510 1511//1511 1529//1529 1528//1528
f 1511//1511 1512//1512 1530//1530 1529//1529
f 1512//1512 1513//1513 1531//1531 1530//1530
f 1513//1513 1514//1514 1532//1532 1531//1531
f 1514//1514 1515//1515 1533//1533 1532//1532
f 1515//1515 1516//1516 1534//1534 1533//1533
f 1516//1516 1499//1499 1517//1517 1534//1534
f 1517//1517 1518//1518 1536//1536 1535//1535
f 1518//1518 1519//1519 1537//1537 1536//1536
f 1519//1519 1520//1520 1538//1538 1537//1537
f 1520//1520 1521//1521 1539//1539 1538//1538
f 1521//1521 1522//1522 1540//1540 1539//1539
f 1522//1522 1523//1523 1541//1541 1540//1540
f 1523//1523 1524//1524 1542//1542 1541//1541
f 1524//1524 1525//1525 1543//1543 1542//1542
f 1525//1525 1526//1526 1544//1544 1543//1543
f 1526//1526 1527//1527 1545//1545 1544//1544
f 1527//1527 1528//1528 1546//1546 1545//1545
f 1528//1528 1529//1529 1547//1547 1546//1546
f 1529//1529 1530//1530 1548//1548 1547//1547
f 1530//1530 1531//1531 1549//1549 1548//1548
f 1531//1531 1532//1532 1550//1550 1549//1549
f 1532//1532 1533//1533 1551//1551 1550//1550
f 1533//1533 1534//1534 1552//1552 1551//1551
f 1534//1534 1517//1517 1535//1535 1552//1552
f 1535//1535 1536//1536 1554//1554 1553//1553
f 1536//1536 1537//1537 1555//1555 1554//1554
f 1537//1537 1538//1538 1556//1556 1555//1555
f 1538//1538 1539//1539 1557//1557 1556//1556
f 1539//1539 1540//1540 1558//1558 1557//1557
f 1540//1540 1541//1541 1559//1559 1558//1558
f 1541//1541 1542//1542 1560//1560 1559//1559
f 1542//1542 1543//1543 1561//1561 1560//1560
f 1543//1543 1544//1544 1562//1562 1561//1561
f 1544//1544 1545//1545 1563//1563 1562//1562
f 1545//1545 1546//1546 1564//1564 1563//1563
f 1546//1546 1547//1547 1565//1565 1564//1564
f 1547//1547 1548//1548 1566//1566 1565//1565
f 1548//1548 1549//1549 1567//1567 1566//1566
f 1549//1549 1550//1550 1568//1568 1567//1567
f 1550//1550 1551//1551 1569//1569 1568//1568
f 1551//1551 1552//1552 1570//1570 1569//1569
f 1552//1552 1535//1535 1553//1553 1570//1570
f 1553//1553 1554//1554 1571//1571
f 1554//1554 1555//1555 1572//1572
f 1555//1555 1556//1556 1573//1573
f 1556//1556 1557//1557 1574//1574
f 1557//1557 1558//1558 1575//1575
f 1558//1558 1559//1559 1576//1576
f 1559//1559 1560//1560 1577//1577
f 1560//1560 1561//1561 1578//1578
f 1561//1561 1562//1562 1579//1579
f 1562//1562 1563//1563 1580//1580
f 1563//1563 1564//1564 1581//1581
f 1564//1564 1565//1565 1582//1582
f 1565//1565 1566//1566 1583//1583
f 1566//1566 1567//1567 1584//1584
f 1567//1567 1568//1568 1585//1585
f 1568//1568 1569//1569 1586//1586
f 1569//1569 1570//1570 1587//1587
f 1570//1570 1553//1553 1588//1588
f 1589//1589 1590//1590 1607//1607
f 1590//1590 1591//1591 1608//1608
f 1591//1591 1592//1592 1609//1609
f 1592//1592 1593//1593 1610//1610
f 1593//1593 1594//1594 1611//1611
f 1594//1594 1595//1595 1612//1612
f 1595//1595 1596//1596 1613//1613
f 1596//1596 1597//1597 1614//1614
f 1597//1597 1598//1598 1615//1615
f 1598//1598 1599//1599 1616//1616
f 1599//1599 1600//1600 1617//1617
f 1600//1600 1601//1601 1618//1618
f 1601//1601 1602//1602 1619//1619
f 1602//1602 1603//1603 1620//1620
f 1603//1603 1604//1604 1621//1621
f 1604//1604 1605//1605 1622//1622
f 1605//1605 1606//1606 1623//1623
f 1606//1606 1589//1589 1624//1624
f 1625//1625 1627//1627 1626//1626
f 1625//1625 1628//1628 1627//1627
f 1625//1625 1629//1629 1628//1628
f 1625//1625 1630//1630 1629//1629
f 1625//1625 1631//1631 1630//1630
f 1625//1625 1632//1632 1631//1631
f 1625//1625 1633//1633 1632//1632
f 1625//1625 1634//1634 1633//1633
f 1625//1625 1635//1635 1634//1634
f 1625//1625 1636//1636 1635//1635
f 1625//1625 1637//1637 1636//1636
f 1625//1625 1638//1638 1637//1637
f 1625//1625 1639//1639 1638//1638
f 1625//1625 1640//1640 1639//1639
f 1625//1625 1641//1641 1640//1640
f 1625//1625 1642//1642 1641//1641
f 1625//1625 1643//1643 1642//1642
f 1625//1625 1626//1626 1643//1643
f 1644//1644 1663//1663 1662//1662
f 1645//1645 1664//1664 1663//1663
f 1646//1646 1665//1665 1664//1664
f 1647//1647 1666//1666 1665//1665
f 1648//1648 1667//1667 1666//1666
f 1649//1649 1668//1668 1667//1667
f 1650//1650 1669//1669 1668//1668
f 1651//1651 1670//1670 1669//1669
f 1652//1652 1671//1671 1670//1670
f 1653//1653 1672//1672 1671//1671
f 1654//1654 1673//1673 1672//1672
f 1655//1655 1674//1674 1673//1673
f 1656//1656 1675//1675 1674//1674
f 1657//1657 1676//1676 1675//1675
f 1658//1658 1677//1677 1676//1676
f 1659//1659 1678//1678 1677//1677
f 1660//1660 1679//1679 1678//1678
f 1661//1661 1662//1662 1679//1679
f 1662//1662 1663//1663 1681//1681 1680//1680
f 1663//1663 1664//1664 1682//1682 1681//1681
f 1664//1664 1665//1665 1683//1683 1682//1682
f 1665//1665 1666//1666 1684//1684 1683//1683
f 1666//1666 1667//1667 1685//1685 1684//1684
f 1667//1667 1668//1668 1686//1686 1685//1685
f 1668//1668 1669//1669 1687//1687 1686//1686
f 1669//1669 1670//1670 1688//1688 1687//1687
f 1670//1670 1671//1671 1689//1689 1688//1688
f 1671//1671 1672//1672 1690//1690 1689//1689
f 1672//1672 1673//1673 1691//1691 1690//1690
f 1673//1673 1674//1674 1692//1692 1691//1691
f 1674//1674 1675//1675 1693//1693 1692//1692
f 1675//1675 1676//1676 1694//1694 1693//1693
f 1676//1676 1677//1677 1695//1695 1694//1694
f 1677//1677 1678//1678 1696//1696 1695//1695
f 1678//1678 1679//1679 1697//1697 1696//1696
f 1679//1679 1662//1662 1680//1680 1697//1697
f 1680//1680 1681//1681 1699//1699 1698//1698
f 1681//1681 1682//1682 1700//1700 1699//1699
f 1682//1682 1683//1683 1701//1701 1700//1700
f 1683//1683 1684//1684 1702//1702 1701//1701
f 1684//1684 1685//1685 1703//1703 1702//1702
f 1685//1685 1686//1686 1704//1704 1703//1703
f 1686//1686 1687//1687 1705//1705 1704//1704
f 1687//1687 1688//1688 1706//1706 1705//1705
f 1688//1688 1689//1689 1707//1707 1706//1706
f 1689//1689 1690//1690 1708//1708 1707//1707
f 1690//1690 1691//1691 1709//1709 1708//1708
f 1691//1691 1692//1692 1710//1710 1709//1709
f 1692//1692 1693//1693 1711//1711 1710//1710
f 1693//1693 1694//1694 1712//1712 1711//1711
f 1694//1694 1695//1695 1713//1713 1712//1712
f 1695//1695 1696//1696 1714//1714 1713//1713
f 1696//1696 1697//1697 1715//1715 1714//1714
f 1697//1697 1680//1680 1698//1698 1715//1715
f 1698//1698 1699//1699 1717//1717 1716//1716
f 1699//1699 1700//1700 1718//1718 1717//1717
f 1700//1700 1701//1701 1719//1719 1718//1718
f 1701//1701 1702//1702 1720//1720 1719//1719
f 1702//1702 1703//1703 1721//1721 1720//1720
f 1703//1703 1704//1704 1722//1722 1721//1721
f 1704//1704 1705//1705 1723//1723 1722//1722
f 1705//1705 1706//1706 1724//1724 1723//1723
f 1706//1706 1707//1707 1725//1725 1724//1724
f 1707//1707 1708//1708 1726//1726 1725//1725
f 1708//1708 1709//1709 1727//1727 1726//1726
f 1709//1709 1710//1710 1728//1728 1727//1727
f 1710//1710 1711//1711 1729//1729 1728//1728
f 1711//1711 1712//1712 1730//1730 1729//1729
f 1712//1712 1713//1713 1731//1731 1730//1730
f 1713//1713 1714//1714 1732//1732 1731//1731
f 1714//1714 1715//1715 1733//1733 1732//1732
f 1715//1715 1698//1698 1716//1716 1733//1733
f 1716//1716 1717//1717 1735//1735 1734//1734
f 1717//1717 1718//1718 1736//1736 1735//1735
f 1718//1718 1719//1719 1737//1737 1736//1736
f 1719//1719 1720//1720 1738//1738 1737//1737
f 1720//1720 1721//1721 1739//1739 1738//1738
f 1721//1721 1722//1722 1740//1740 1739//1739
f 1722//1722 1723//1723 1741//1741 1740//1740
f 1723//1723 1724//1724 1742//1742 1741//1741
f 1724//1724 1725//1725 1743//1743 1742//1742
f 1725//1725 1726//1726 1744//1744 1743//1743
f 1726//1726 1727//1727 1745//1745 1744//1744
f 1727//1727 1728//1728 1746//1746 1745//1745
f 1728//1728 1729//1729 1747//1747 1746//1746
f 1729//1729 1730//1730 1748//1748 1747//1747
f 1730//1730 1731//1731 1749//1749 1748//1748
f 1731//1731 1732//1732 1750//1750 1749//1749
f 1732//1732 1733//1733 1751//1751 1750//1750
f 1733//1733 1716//1716 1734//1734 1751//1751
f 1734//1734 1735//1735 1753//1753 1752//1752
f 1735//1735 1736//1736 1754//1754 1753//1753
f 1736//1736 1737//1737 1755//1755 1754//1754
f 1737//1737 1738//1738 1756//1756 1755//1755
f 1738//1738 1739//1739 1757//1757 1756//1756
f 1739//1739 1740//1740 1758//1758 1757//1757
f 1740//1740 1741//1741 1759//1759 1758//1758
f 1741//1741 1742//1742 1760//1760 1759//1759
f 1742//1742 1743//1743 1761//1761 1760//1760
f 1743//1743 1744//1744 1762//1762 1761//1761
f 1744//1744 1745//1745 1763//1763 1762//1762
f 1745//1745 1746//1746 1764//1764 1763//1763
f 1746//1746 1747//1747 1765//1765 1764//1764
f 1747//1747 1748//1748 1766//1766 1765//1765
f 1748//1748 1749//1749 1767//1767 1766//1766
f 1749//1749 1750//1750 1768//1768 1767//1767
f 1750//1750 1751//1751 1769//1769 1768//1768
f 1751//1751 1734//1734 1752//1752 1769//1769
f 1752//1752 1753//1753 1771//1771 1770//1770
f 1753//1753 1754//1754 1772//1772 1771//1771
f 1754//1754 1755//1755 1773//1773 1772//1772
f 1755//1755 1756//1756 1774//1774 1773//1773
f 1756//1756 1757//1757 1775//1775 1774//1774
f 1757//1757 1758//1758 1776//1776 1775//1775
f 1758//1758 1759//1759 1777//1777 1776//1776
f 1759//1759 1760//1760 1778//1778 1777//1777
f 1760//1760 1761//1761 1779//1779 1778//1778
f 1761//1761 1762//1762 1780//1780 1779//1779
f 1762//1762 1763//1763 1781//1781 1780//1780
f 1763//1763 1764//1764 1782//1782 1781//1781
f 1764//1764 1765//1765 1783//1783 1782//1782
f 1765//1765 1766//1766 1784//1784 1783//1783
f 1766//1766 1767//1767 1785//1785 1784//1784
f 1767//1767 1768//1768 1786//1786 1785//1785
f 1768//1768 1769//1769 1787//1787 1786//1786
f 1769//1769 1752//1752 1770//1770 1787//1787
f 1770//1770 1771//1771 1788//1788
f 1771//1771 1772//1772 1789//1789
f 1772//1772 1773//1773 1790//1790
f 1773//1773 1774//1774 1791//1791
f 1774//1774 1775//1775 1792//1792
f 1775//1775 1776//1776 1793//1793
f 1776//1776 1777//1777 1794//1794
f 1777//1777 1778//1778 1795//1795
f 1778//1778 1779//1779 1796//1796
f 1779//1779 1780//1780 1797//1797
f 1780//1780 1781//1781 1798//1798
f 1781//1781 1782//1782 1799//1799
f 1782//1782 1783//1783 1800//1800
f 1783//1783 1784//1784 1801//1801
f 1784//1784 1785//1785 1802//1802
f 1785//1785 1786//1786 1803//1803
f 1786//1786 1787//1787 1804//1804
f 1787//1787 1770//1770 1805//1805
f 1806//1806 1807//1807 1824//1824
f 1807//1807 1808//1808 1825//1825
f 1808//1808 1809//1809 1826//1826
f 1809//1809 1810//1810 1827//1827
f 1810//1810 1811//1811 1828//1828
f 1811//1811 1812//1812 1829//1829
f 1812//1812 1813//1813 1830//1830
f 1813//1813 1814//1814 1831//1831
f 1814//1814 1815//1815 1832//1832
f 1815//1815 1816//1816 1833//1833
f 1816//1816 1817//1817 1834//1834
f 1817//1817 1818//1818 1835//1835
f 1818//1818 1819//1819 1836//1836
f 1819//1819 1820//1820 1837//1837
f 1820//1820 1821//1821 1838//1838
f 1821//1821 1822//1822 1839//1839
f 1822//1822 1823//1823 1840//1840
f 1823//1823 1806//1806 1841//1841
f 1842//1842 1844//1844 1843//1843
f 1842//1842 1845//1845 1844//1844
f 1842//1842 1846//1846 1845//1845
f 1842//1842 1847//1847 1846//1846
f 1842//1842 1848//1848 1847//1847
f 1842//1842 1849//1849 1848//1848
f 1842//1842 1850//1850 1849//1849
f 1842//1842 1851//1851 1850//1850
f 1842//1842 1852//1852 1851//1851
f 1842//1842 1853//1853 1852//1852
f 1842//1842 1854//1854 1853//1853
f 1842//1842 1855//1855 1854//1854
f 1842//1842 1856//1856 1855//1855
f 1842//1842 1857//1857 1856//1856
f 1842//1842 1858//1858 1857//1857
f 1842//1842 1859//1859 1858//1858
f 1842//1842 1860//1860 1859//1859
f 1842//1842 1843//1843 1860//1860
f 1861//1861 1880//1880 1879//1879
f 1862//1862 1881//1881 1880//1880
f 1863//1863 1882//1882 1881//1881
f 1864//1864 1883//1883 1882//1882
f 1865//1865 1884//1884 1883//1883
f 1866//1866 1885//1885 1884//1884
f 1867//1867 1886//1886 1885//1885
f 1868//1868 1887//1887 1886//1886
f 1869//1869 1888//1888 1887//1887
f 1870//1870 1889//1889 1888//1888
f 1871//1871 1890//1890 1889//1889
f 1872//1872 1891//1891 1890//1890
f 1873//1873 1892//1892 1891//1891
f 1874//1874 1893//1893 1892//1892
f 1875//1875 1894//1894 1893//1893
f 1876//1876 1895//1895 1894//1894
f 1877//1877 1896//1896 1895//1895
f 1878//1878 1879//1879 1896//1896
f 1879//1879 1880//1880 1898//1898 1897//1897
f 1880//1880 1881//1881 1899//1899 1898//1898
f 1881//1881 1882//1882 1900//1900 1899//1899
f 1882//1882 1883//1883 1901//1901 1900//1900
f 1883//1883 1884//1884 1902//1902 1901//1901
f 1884//1884 1885//1885 1903//1903 1902//1902
f 1885//1885 1886//1886 1904//1904 1903//1903
f 1886//1886 1887//1887 1905//1905 1904//1904
f 1887//1887 1888//1888 1906//1906 1905//1905
f 1888//1888 1889//1889 1907//1907 1906//1906
f 1889//1889 1890//1890 1908//1908 1907//1907
f 1890//1890 1891//1891 1909//1909 1908//1908
f 1891//1891 1892//1892 1910//1910 1909//1909
f 1892//1892 1893//1893 1911//1911 1910//1910
f 1893//1893 1894//1894 1912//1912 1911//1911
f 1894//1894 1895//1895 1913//1913 1912//1912
f 1895//1895 1896//1896 1914//1914 1913//1913
f 1896//1896 1879//1879 1897//1897 1914//1914
f 1897//1897 1898//1898 1916//1916 1915//1915
f 1898//1898 1899//1899 1917//1917 1916//1916
f 1899//1899 1900//1900 1918//1918 1917//1917
f 1900//1900 1901//1901 1919//1919 1918//1918
f 1901//1901 1902//1902 1920//1920 1919//1919
f 1902//1902 1903//1903 1921//1921 1920//1920
f 1903//1903 1904//1904 1922//1922 1921//1921
f 1904//1904 1905//1905 1923//1923 1922//1922
f 1905//1905 1906//1906 1924//1924 1923//1923
f 1906//1906 1907//1907 1925//1925 1924//1924
f 1907//1907 1908//1908 1926//1926 1925//1925
f 1908//1908 1909//1909 1927//1927 1926//1926
f 1909//1909 1910//1910 1928//1928 1927//1927
f 1910//1910 1911//1911 1929//1929 1928//1928
f 1911//1911 1912//1912 1930//1930 1929//1929
f 1912//1912 1913//1913 1931//1931 1930//1930
f 1913//1913 1914//1914 1932//1932 1931//1931
f 1914//1914 1897//1897 1915//1915 1932//1932
f 1915//1915 1916//1916 1934//1934 1933//1933
f 1916//1916 1917//1917 1935//1935 1934//1934
f 1917//1917 1918//1918 1936//1936 1935//1935
f 1918//1918 1919//1919 1937//1937 1936//1936
f 1919//1919 1920//1920 1938//1938 1937//1937
f 1920//1920 1921//1921 1939//1939 1938//1938
f 1921//1921 1922//1922 1940//1940 1939//1939
f 1922//1922 1923//1923 1941//1941 1940//1940
f 1923//1923 1924//1924 1942//1942 1941//1941
f 1924//1924 1925//1925 1943//1943 1942//1942
f 1925//1925 1926//1926 1944//1944 1943//1943
f 1926//1926 1927//1927 1945//1945 1944//1944
f 1927//1927 1928//1928 1946//1946 1945//1945
f 1928//1928 1929//1929 1947//1947 1946//1946
f 1929//1929 1930//1930 1948//1948 1947//1947
f 1930//1930 1931//1931 1949//1949 1948//1948
f 1931//1931 1932//1932 1950//1950 1949//1949
f 1932//1932 1915//1915 1933//1933 1950//1950
f 1933//1933 1934//1934 1952//1952 1951//1951
f 1934//1934 1935//1935 1953//1953 1952//1952
f 1935//1935 1936//1936 1954//1954 1953//1953
f 1936//1936 1937//1937 1955//1955 1954//1954
f 1937//1937 1938//1938 1956//1956 1955//1955
f 1938//1938 1939//1939 1957//1957 1956//1956
f 1939//1939 1940//1940 1958//1958 1957//1957
f 1940//1940 1941//1941 1959//1959 1958//1958
f 1941//1941 1942//1942 1960//1960 1959//1959
f 1942//1942 1943//1943 1961//1961 1960//1960
f 1943//1943 1944//1944 1962//1962 1961//1961
f 1944//1944 1945//1945 1963//1963 1962//1962
f 1945//1945 1946//1946 1964//1964 1963//1963
f 1946//1946 1947//1947 1965//1965 1964//1964
f 1947//1947 1948//1948 1966//1966 1965//1965
f 1948//1948 1949//1949 1967//1967 1966//1966
f 1949//1949 1950//1950 1968//1968 1967//1967
f 1950//1950 1933//1933 1951//1951 1968//1968
f 1951//1951 1952//1952 1970//1970 1969//1969
f 1952//1952 1953//1953 1971//1971 1970//1970
f 1953//1953 1954//1954 1972//1972 1971//1971
f 1954//1954 1955//1955 1973//1973 1972//1972
f 1955//1955 1956//1956 1974//1974 1973//1973
f 1956//1956 1957//1957 1975//1975 1974//1974
f 1957//1957 1958//1958 1976//1976 1975//1975
f 1958//1958 1959//1959 1977//1977 1976//1976
f 1959//1959 1960//1960 1978//1978 1977//1977
f 1960//1960 1961//1961 1979//1979 1978//1978
f 1961//1961 1962//1962 1980//1980 1979//1979
f 1962//1962 1963//1963 1981//1981 1980//1980
f 1963//1963 1964//1964 1982//1982 1981//1981
f 1964//1964 1965//1965 1983//1983 1982//1982
f 1965//1965 1966//1966 1984//1984 1983//1983
f 1966//1966 1967//1967 1985//1985 1984//1984
f 1967//1967 1968//1968 1986//1986 1985//1985
f 1968//1968 1951//1951 1969//1969 1986//1986
f 1969//1969 1970//1970 1988//1988 1987//1987
f 1970//1970 1971//1971 1989//1989 1988//1988
f 1971//1971 1972//1972 1990//1990 1989//1989
f 1972//1972 1973//1973 1991//1991 1990//1990
f 1973//1973 1974//1974 1992//1992 1991//1991
f 1974//1974 1975//1975 1993//1993 1992//1992
f 1975//1975 1976//1976 1994//1994 1993//1993
f 1976//1976 1977//1977 1995//1995 1994//1994
f 1977//1977 1978//1978 1996//1996 1995//1995
f 1978//1978 1979//1979 1997//1997 1996//1996
f 1979//1979 1980//1980 1998//1998 1997//1997
f 1980//1980 1981//1981 1999//1999 1998//1998
f 1981//1981 1982//1982 2000//2000 1999//1999
f 1982//1982 1983//1983 2001//2001 2000//2000
f 1983//1983 1984//1984 2002//2002 2001//2001
f 1984//1984 1985//1985 2003//2003 2002//2002
f 1985//1985 1986//1986 2004//2004 2003//2003
f 1986//1986 1969//1969 1987//1987 2004//2004
f 1987//1987 1988//1988 2005//2005
f 1988//1988 1989//1989 2006//2006
f 1989//1989 1990//1990 2007//2007
f 1990//1990 1991//1991 2008//2008
f 1991//1991 1992//1992 2009//2009
f 1992//1992 1993//1993 2010//2010
f 1993//1993 1994//1994 2011//2011
f 1994//1994 1995//1995 2012//2012
f 1995//1995 1996//1996 2013//2013
f 1996//1996 1997//1997 2014//2014
f 1997//1997 1998//1998 2015//2015
f 1998//1998 1999//1999 2016//2016
f 1999//1999 2000//2000 2017//2017
f 2000//2000 2001//2001 2018//2018
f 2001//2001 2002//2002 2019//2019
f 2002//2002 2003//2003 2020//2020
f 2003//2003 2004//2004 2021//2021
f 2004//2004 1987//1987 2022//2022
f 2023//2023 2024//2024 2041//2041
f 2024//2024 2025//2025 2042//2042
f 2025//2025 2026//2026 2043//2043
f 2026//2026 2027//2027 2044//2044
f 2027//2027 2028//2028 2045//2045
f 2028//2028 2029//2029 2046//2046
f 2029//2029 2030//2030 2047//2047
f 2030//2030 2031//2031 2048//2048
f 2031//2031 2032//2032 2049//2049
f 2032//2032 2033//2033 2050//2050
f 2033//2033 2034//2034 2051//2051
f 2034//2034 2035//2035 2052//2052
f 2035//2035 2036//2036 2053//2053
f 2036//2036 2037//2037 2054//2054
f 2037//2037 2038//2038 2055//2055
f 2038//2038 2039//2039 2056//2056
f 2039//2039 2040//2040 2057//2057
f 2040//2040 2023//2023 2058//2058
f 2059//2059 2061//2061 2060//2060
f 2059//2059 2062//2062 2061//2061
f 2059//2059 2063//2063 2062//2062
f 2059//2059 2064//2064 2063//2063
f 2059//2059 2065//2065 2064//2064
f 2059//2059 2066//2066 2065//2065
f 2059//2059 2067//2067 2066//2066
f 2059//2059 2068//2068 2067//2067
f 2059//2059 2069//2069 2068//2068
f 2059//2059 2070//2070 2069//2069
f 2059//2059 2071//2071 2070//2070
f 2059//2059 2072//2072 2071//2071
f 2059//2059 2073//2073 2072//2072
f 2059//2059 2074//2074 2073//2073
f 2059//2059 2075//2075 2074//2074
f 2059//2059 2076//2076 2075//2075
f 2059//2059 2077//2077 2076//2076
f 2059//2059 2060//2060 2077//2077
f 2078//2078 2097//2097 2096//2096
f 2079//2079 2098//2098 2097//2097
f 2080//2080 2099//2099 2098//2098
f 2081//2081 2100//2100 2099//2099
f 2082//2082 2101//2101 2100//2100
f 2083//2083 2102//2102 2101//2101
f 2084//2084 2103//2103 2102//2102
f 2085//2085 2104//2104 2103//2103
f 2086//2086 2105//2105 2104//2104
f 2087//2087 2106//2106 2105//2105
f 2088//2088 2107//2107 2106//2106
f 2089//2089 2108//2108 2107//2107
f 2090//2090 2109//2109 2108//2108
f 2091//2091 2110//2110 2109//2109
f 2092//2092 2111//2111 2110//2110
f 2093//2093 2112//2112 2111//2111
f 2094//2094 2113//2113 2112//2112
f 2095//2095 2096//2096 2113//2113
f 2096//2096 2097//2097 2115//2115 2114//2114
f 2097//2097 2098//2098 2116//2116 2115//2115
f 2098//2098 2099//2099 2117//2117 2116//2116
f 2099//2099 2100//2100 2118//2118 2117//2117
f 2100//2100 2101//2101 2119//2119 2118//2118
f 2101//2101 2102//2102 2120//2120 2119//2119
f 2102//2102 2103//2103 2121//2121 2120//2120
f 2103//2103 2104//2104 2122//2122 2121//2121
f 2104//2104 2105//2105 2123//2123 2122//2122
f 2105//2105 2106//2106 2124//2124 2123//2123
f 2106//2106 2107//2107 2125//2125 2124//2124
f 2107//2107 2108//2108 2126//2126 2125//2125
f 2108//2108 2109//2109 2127//2127 2126//2126
f 2109//2109 2110//2110 2128//2128 2127//2127
f 2110//2110 2111//2111 2129//2129 2128//2128
f 2111//2111 2112//2112 2130//2130 2129//2129
f 2112//2112 2113//2113 2131//2131 2130//2130
f 2113//2113 2096//2096 2114//2114 2131//2131
f 2114//2114 2115//2115 2133//2133 2132//2132
f 2115//2115 2116//2116 2134//2134 2133//2133
f 2116//2116 2117//2117 2135//2135 2134//2134
f 2117//2117 2118//2118 2136//2136 2135//2135
f 2118//2118 2119//2119 2137//2137 2136//2136
f 2119//2119 2120//2120 2138//2138 2137//2137
f 2120//2120 2121//2121 2139//2139 2138//2138
f 2121//2121 2122//2122 2140//2140 2139//2139
f 2122//2122 2123//2123 2141//2141 2140//2140
f 2123//2123 2124//2124 2142//2142 2141//2141
f 2124//2124 2125//2125 2143//2143 2142//2142
f 2125//2125 2126//2126 2144//2144 2143//2143
f 2126//2126 2127//2127 2145//2145 2144//2144
f 2127//2127 2128//2128 2146//2146 2145//2145
f 2128//2128 2129//2129 2147//2147 2146//2146
f 2129//2129 2130//2130 2148//2148 2147//2147
f 2130//2130 2131//2131 2149//2149 2148//2148
f 2131//2131 2114//2114 2132//2132 2149//2149
f 2132//2132 2133//2133 2151//2151 2150//2150
f 2133//2133 2134//2134 2152//2152 2151//2151
f 2134//2134 2135//2135 2153//2153 2152//2152
f 2135//2135 2136//2136 2154//2154 2153//2153
f 2136//2136 2137//2137 2155//2155 2154//2154
f 2137//2137 2138//2138 2156//2156 2155//2155
f 2138//2138 2139//2139 2157//2157 2156//2156
f 2139//2139 2140//2140 2158//2158 2157//2157
f 2140//2140 2141//2141 2159//2159 2158//2158
f 2141//2141 2142//2142 2160//2160 2159//2159
f 2142//2142 2143//2143 2161//2161 2160//2160
f 2143//2143 2144//2144 2162//2162 2161//2161
f 2144//2144 2145//2145 2163//2163 2162//2162
f 2145//2145 2146//2146 2164//2164 2163//2163
f 2146//2146 2147//2147 2165//2165 2164//2164
f 2147//2147 2148//2148 2166//2166 2165//2165
f 2148//2148 2149//2149 2167//2167 2166//2166
f 2149//2149 2132//2132 2150//2150 2167//2167
f 2150//2150 2151//2151 2169//2169 2168//2168
f 2151//2151 2152//2152 2170//2170 2169//2169
f 2152//2152 2153//2153 2171//2171 2170//2170
f 2153//2153 2154//2154 2172//2172 2171//2171
f 2154//2154 2155//2155 2173//2173 2172//2172
f 2155//2155 2156//2156 2174//2174 2173//2173
f 2156//2156 2157//2157 2175//2175 2174//2174
f 2157//2157 2158//2158 2176//2176 2175//2175
f 2158//2158 2159//2159 2177//2177 2176//2176
f 2159//2159 2160//2160 2178//2178 2177//2177
f 2160//2160 2161//2161 2179//2179 2178//2178
f 2161//2161 2162//2162 2180//2180 2179//2179
f 2162//2162 2163//2163 2181//2181 2180//2180
f 2163//2163 2164//2164 2182//2182 2181//2181
f 2164//2164 2165//2165 2183//2183 2182//2182
f 2165//2165 2166//2166 2184//2184 2183//2183
f 2166//2166 2167//2167 2185//2185 2184//2184
f 2167//2167 2150//2150 2168//2168 2185//2185
f 2168//2168 2169//2169 2187//2187 2186//2186
f 2169//2169 2170//2170 2188//2188 2187//2187
f 2170//2170 2171//2171 2189//2189 2188//2188
f 2171//2171 2172//2172 2190//2190 2189//2189
f 2172//2172 2173//2173 2191//2191 2190//2190
f 2173//2173 2174//2174 2192//2192 2191//2191
f 2174//2174 2175//2175 2193//2193 2192//2192
f 2175//2175 2176//2176 2194//2194 2193//2193
f 2176//2176 2177//2177 2195//2195 2194//2194
f 2177//2177 2178//2178 2196//2196 2195//2195
f 2178//2178 2179//2179 2197//2197 2196//2196
f 2179//2179 2180//2180 2198//2198 2197//2197
f 2180//2180 2181//2181 2199//2199 2198//2198
f 2181//2181 2182//2182 2200//2200 2199//2199
f 2182//2182 2183//2183 2201//2201 2200//2200
f 2183//2183 2184//2184 2202//2202 2201//2201
f 2184//2184 2185//2185 2203//2203 2202//2202
f 2185//2185 2168//2168 2186//2186 2203//2203
f 2186//2186 2187//2187 2205//2205 2204//2204
f 2187//2187 2188//2188 2206//2206 2205//2205
f 2188//2188 2189//2189 2207//2207 2206//2206
f 2189//2189 2190//2190 2208//2208 2207//2207
f 2190//2190 2191//2191 2209//2209 2208//2208
f 2191//2191 2192//2192 2210//2210 2209//2209
f 2192//2192 2193//2193 2211//2211 2210//2210
f 2193//2193 2194//2194 2212//2212 2211//2211
f 2194//2194 2195//2195 2213//2213 2212//2212
f 2195//2195 2196//2196 2214//2214 2213//2213
f 2196//2196 2197//2197 2215//2215 2214//2214
f 2197//2197 2198//2198 2216//2216 2215//2215
f 2198//2198 2199//2199 2217//2217 2216//2216
f 2199//2199 2200//2200 2218//2218 2217//2217
f 2200//2200 2201//2201 2219//2219 2218//2218
f 2201//2201 2202//2202 2220//2220 2219//2219
f 2202//2202 2203//2203 2221//2221 2220//2220
f 2203//2203 2186//2186 2204//2204 2221//2221
f 2204//2204 2205//2205 2222//2222
f 2205//2205 2206//2206 2223//2223
f 2206//2206 2207//2207 2224//2224
f 2207//2207 2208//2208 2225//2225
f 2208//2208 2209//2209 2226//2226
f 2209//2209 2210//2210 2227//2227
f 2210//2210 2211//2211 2228//2228
f 2211//2211 2212//2212 2229//2229
f 2212//2212 2213//2213 2230//2230
f 2213//2213 2214//2214 2231//2231
f 2214//2214 2215//2215 2232//2232
f 2215//2215 2216//2216 2233//2233
f 2216//2216 2217//2217 2234//2234
f 2217//2217 2218//2218 2235//2235
f 2218//2218 2219//2219 2236//2236
f 2219//2219 2220//2220 2237//2237
f 2220//2220 2221//2221 2238//2238
f 2221//2221 2204//2204 2239//2239
f 2240//2240 2241//2241 2258//2258
f 2241//2241 2242//2242 2259//2259
f 2242//2242 2243//2243 2260//2260
f 2243//2243 2244//2244 2261//2261
f 2244//2244 2245//2245 2262//2262
f 2245//2245 2246//2246 2263//2263
f 2246//2246 2247//2247 2264//2264
f 2247//2247 2248//2248 2265//2265
f 2248//2248 2249//2249 2266//2266
f 2249//2249 2250//2250 2267//2267
f 2250//2250 2251//2251 2268//2268
f 2251//2251 2252//2252 2269//2269
f 2252//2252 2253//2253 2270//2270
f 2253//2253 2254//2254 2271//2271
f 2254//2254 2255//2255 2272//2272
f 2255//2255 2256//2256 2273//2273
f 2256//2256 2257//2257 2274//2274
f 2257//2257 2240//2240 2275//2275
f 2276//2276 2278//2278 2277//2277
f 2276//2276 2279//2279 2278//2278
f 2276//2276 2280//2280 2279//2279
f 2276//2276 2281//2281 2280//2280
f 2276//2276 2282//2282 2281//2281
f 2276//2276 2283//2283 2282//2282
f 2276//2276 2284//2284 2283//2283
f 2276//2276 2285//2285 2284//2284
f 2276//2276 2286//2286 2285//2285
f 2276//2276 2287//2287 2286//2286
f 2276//2276 2288//2288 2287//2287
f 2276//2276 2289//2289 2288//2288
f 2276//2276 2290//2290 2289//2289
f 2276//2276 2291//2291 2290//2290
f 2276//2276 2292//2292 2291//2291
f 2276//2276 2293//2293 2292//2292
f 2276//2276 2294//2294 2293//2293
f 2276//2276 2277//2277 2294//2294
f 2295//2295 2314//2314 2313//2313
f 2296//2296 2315//2315 2314//2314
f 2297//2297 2316//2316 2315//2315
f 2298//2298 2317//2317 2316//2316
f 2299//2299 2318//2318 2317//2317
f 2300//2300 2319//2319 2318//2318
f 2301//2301 2320//2320 2319//2319
f 2302//2302 2321//2321 2320//2320
f 2303//2303 2322//2322 2321//2321
f 2304//2304 2323//2323 2322//2322
f 2305//2305 2324//2324 2323//2323
f 2306//2306 2325//2325 2324//2324
f 2307//2307 2326//2326 2325//2325
f 2308//2308 2327//2327 2326//2326
f 2309//2309 2328//2328 2327//2327
f 2310//2310 2329//2329 2328//2328
f 2311//2311 2330//2330 2329//2329
f 2312//2312 2313//2313 2330//2330
f 2313//2313 2314//2314 2332//2332 2331//2331
f 2314//2314 2315//2315 2333//2333 2332//2332
f 2315//2315 2316//2316 2334//2334 2333//2333
f 2316//2316 2317//2317 2335//2335 2334//2334
f 2317//2317 2318//2318 2336//2336 2335//2335
f 2318//2318 2319//2319 2337//2337 2336//2336
f 2319//2319 2320//2320 2338//2338 2337//2337
f 2320//2320 2321//2321 2339//2339 2338//2338
f 2321//2321 2322//2322 2340//2340 2339//2339
f 2322//2322 2323//2323 2341//2341 2340//2340
f 2323//2323 2324//2324 2342//2342 2341//2341
f 2324//2324 2325//2325 2343//2343 2342//2342
f 2325//2325 2326//2326 2344//2344 2343//2343
f 2326//2326 2327//2327 2345//2345 2344//2344
f 2327//2327 2328//2328 2346//2346 2345//2345
f 2328//2328 2329//2329 2347//2347 2346//2346
f 2329//2329 2330//2330 2348//2348 2347//2347
f 2330//2330 2313//2313 2331//2331 2348//2348
f 2331//2331 2332//2332 2350//2350 2349//2349
f 2332//2332 2333//2333 2351//2351 2350//2350
f 2333//2333 2334//2334 2352//2352 2351//2351
f 2334//2334 2335//2335 2353//2353 2352//2352
f 2335//2335 2336//2336 2354//2354 2353//2353
f 2336//2336 2337//2337 2355//2355 2354//2354
f 2337//2337 2338//2338 2356//2356 2355//2355
f 2338//2338 2339//2339 2357//2357 2356//2356
f 2339//2339 2340//2340 2358//2358 2357//2357
f 2340//2340 2341//2341 2359//2359 2358//2358
f 2341//2341 2342//2342 2360//2360 2359//2359
f 2342//2342 2343//2343 2361//2361 2360//2360
f 2343//2343 2344//2344 2362//2362 2361//2361
f 2344//2344 2345//2345 2363//2363 2362//2362
f 2345//2345 2346//2346 2364//2364 2363//2363
f 2346//2346 2347//2347 2365//2365 2364//2364
f 2347//2347 2348//2348 2366//2366 2365//2365
f 2348//2348 2331//2331 2349//2349 2366//2366
f 2349//2349 2350//2350 2368//2368 2367//2367
f 2350//2350 2351//2351 2369//2369 2368//2368
f 2351//2351 2352//2352 2370//2370 2369//2369
f 2352//2352 2353//2353 2371//2371 2370//2370
f 2353//2353 2354//2354 2372//2372 2371//2371
f 2354//2354 2355//2355 2373//2373 2372//2372
f 2355//2355 2356//2356 2374//2374 2373//2373
f 2356//2356 2357//2357 2375//2375 2374//2374
f 2357//2357 2358//2358 2376//2376 2375//2375
f 2358//2358 2359//2359 2377//2377 2376//2376
f 2359//2359 2360//2360 2378//2378 2377//2377
f 2360//2360 2361//2361 2379//2379 2378//2378
f 2361//2361 2362//2362 2380//2380 2379//2379
f 2362//2362 2363//2363 2381//2381 2380//2380
f 2363//2363 2364//2364 2382//2382 2381//2381
f 2364//2364 2365//2365 2383//2383 2382//2382
f 2365//2365 2366//2366 2384//2384 2383//2383
f 2366//2366 2349//2349 2367//2367 2384//2384
f 2367//2367 2368//2368 2386//2386 2385//2385
f 2368//2368 2369//2369 2387//2387 2386//2386
f 2369//2369 2370//2370 2388//2388 2387//2387
f 2370//2370 2371//2371 2389//2389 2388//2388
f 2371//2371 2372//2372 2390//2390 2389//2389
f 2372//2372 2373//2373 2391//2391 2390//2390
f 2373//2373 2374//2374 2392//2392 2391//2391
f 2374//2374 2375//2375 2393//2393 2392//2392
f 2375//2375 2376//2376 2394//2394 2393//2393
f 2376//2376 2377//2377 2395//2395 2394//2394
f 2377//2377 2378//2378 2396//2396 2395//2395
f 2378//2378 2379//2379 2397//2397 2396//2396
f 2379//2379 2380//2380 2398//2398 2397//2397
f 2380//2380 2381//2381 2399//2399 2398//2398
f 2381//2381 2382//2382 2400//2400 2399//2399
f 2382//2382 2383//2383 2401//2401 2400//2400
f 2383//2383 2384//2384 2402//2402 2401//2401
f 2384//2384 2367//2367 2385//2385 2402//2402
f 2385//2385 2386//2386 2404//2404 2403//2403
f 2386//2386 2387//2387 2405//2405 2404//2404
f 2387//2387 2388//2388 2406//2406 2405//2405
f 2388//2388 2389//2389 2407//2407 2406//2406
f 2389//2389 2390//2390 2408//2408 2407//2407
f 2390//2390 2391//2391 2409//2409 2408//2408
f 2391//2391 2392//2392 2410//2410 2409//2409
f 2392//2392 2393//2393 2411//2411 2410//2410
f 2393//2393 2394//2394 2412//2412 2411//2411
f 2394//2394 2395//2395 2413//2413 2412//2412
f 2395//2395 2396//2396 2414//2414 2413//2413
f 2396//2396 2397//2397 2415//2415 2414//2414
f 2397//2397 2398//2398 2416//2416 2415//2415
f 2398//2398 2399//2399 2417//2417 2416//2416
f 2399//2399 2400//2400 2418//2418 2417//2417
f 2400//2400 2401//2401 2419//2419 2418//2418
f 2401//2401 2402//2402 2420//2420 2419//2419
f 2402//2402 2385//2385 2403//2403 2420//2420
f 2403//2403 2404//2404 2422//2422 2421//2421
f 2404//2404 2405//2405 2423//2423 2422//2422
f 2405//2405 2406//2406 2424//2424 2423//2423
f 2406//2406 2407//2407 2425//2425 2424//2424
f 2407//2407 2408//2408 2426//2426 2425//2425
f 2408//2408 2409//2409 2427//2427 2426//2426
f 2409//2409 2410//2410 2428//2428 2427//2427
f 2410//2410 2411//2411 2429//2429 2428//2428
f 2411//2411 2412//2412 2430//2430 2429//2429
f 2412//2412 2413//2413 2431//2431 2430//2430
f 2413//2413 2414//2414 2432//2432 2431//2431
f 2414//2414 2415//2415 2433//2433 2432//2432
f 2415//2415 2416//2416 2434//2434 2433//2433
f 2416//2416 2417//2417 2435//2435 2434//2434
f 2417//2417 2418//2418 2436//2436 2435//2435
f 2418//2418 2419//2419 2437//2437 2436//2436
f 2419//2419 2420//2420 2438//2438 2437//2437
f 2420//2420 2403//2403 2421//2421 2438//2438
f 2421//2421 2422//2422 2439//2439
f 2422//2422 2423//2423 2440//2440
f 2423//2423 2424//2424 2441//2441
f 2424//2424 2425//2425 2442//2442
f 2425//2425 2426//2426 2443//2443
f 2426//2426 2427//2427 2444//2444
f 2427//2427 2428//2428 2445//2445
f 2428//2428 2429//2429 2446//2446
f 2429//2429 2430//2430 2447//2447
f 2430//2430 2431//2431 2448//2448
f 2431//2431 2432//2432 2449//2449
f 2432//2432 2433//2433 2450//2450
f 2433//2433 2434//2434 2451//2451
f 2434//2434 2435//2435 2452//2452
f 2435//2435 2436//2436 2453//2453
f 2436//2436 2437//2437 2454//2454
f 2437//2437 2438//2438 2455//2455
f 2438//2438 2421//2421 2456//2456
f 2457//2457 2458//2458 2475//2475
f 2458//2458 2459//2459 2476//2476
f 2459//2459 2460//2460 2477//2477
f 2460//2460 2461//2461 2478//2478
f 2461//2461 2462//2462 2479//2479
f 2462//2462 2463//2463 2480//2480
f 2463//2463 2464//2464 2481//2481
f 2464//2464 2465//2465 2482//2482
f 2465//2465 2466//2466 2483//2483
f 2466//2466 2467//2467 2484//2484
f 2467//2467 2468//2468 2485//2485
f 2468//2468 2469//2469 2486//2486
f 2469//2469 2470//2470 2487//2487
f 2470//2470 2471//2471 2488//2488
f 2471//2471 2472//2472 2489//2489
f 2472//2472 2473//2473 2490//2490
f 2473//2473 2474//2474 2491//2491
f 2474//2474 2457//2457 2492//2492
f 2493//2493 2495//2495 2494//2494
f 2493//2493 2496//2496 2495//2495
f 2493//2493 2497//2497 2496//2496
f 2493//2493 2498//2498 2497//2497
f 2493//2493 2499//2499 2498//2498
f 2493//2493 2500//2500 2499//2499
f 2493//2493 2501//2501 2500//2500
f 2493//2493 2502//2502 2501//2501
f 2493//2493 2503//2503 2502//2502
f 2493//2493 2504//2504 2503//2503
f 2493//2493 2505//2505 2504//2504
f 2493//2493 2506//2506 2505//2505
f 2493//2493 2507//2507 2506//2506
f 2493//2493 2508//2508 2507//2507
f 2493//2493 2509//2509 2508//2508
f 2493//2493 2510//2510 2509//2509
f 2493//2493 2511//2511 2510//2510
f 2493//2493 2494//2494 2511//2511
f 2512//2512 2531//2531 2530//2530
f 2513//2513 2532//2532 2531//2531
f 2514//2514 2533//2533 2532//2532
f 2515//2515 2534//2534 2533//2533
f 2516//2516 2535//2535 2534//2534
f 2517//2517 2536//2536 2535//2535
f 2518//2518 2537//2537 2536//2536
f 2519//2519 2538//2538 2537//2537
f 2520//2520 2539//2539 2538//2538
f 2521//2521 2540//2540 2539//2539
f 2522//2522 2541//2541 2540//2540
f 2523//2523 2542//2542 2541//2541
f 2524//2524 2543//2543 2542//2542
f 2525//2525 2544//2544 2543//2543
f 2526//2526 2545//2545 2544//2544
f 2527//2527 2546//2546 2545//2545
f 2528//2528 2547//2547 2546//2546
f 2529//2529 2530//2530 2547//2547
f 2530//2530 2531//2531 2549//2549 2548//2548
f 2531//2531 2532//2532 2550//2550 2549//2549
f 2532//2532 2533//2533 2551//2551 2550//2550
f 2533//2533 2534//2534 2552//2552 2551//2551
f 2534//2534 2535//2535 2553//2553 2552//2552
f 2535//2535 2536//2536 2554//2554 2553//2553
f 2536//2536 2537//2537 2555//2555 2554//2554
f 2537//2537 2538//2538 2556//2556 2555//2555
f 2538//2538 2539//2539 2557//2557 2556//2556
f 2539//2539 2540//2540 2558//2558 2557//2557
f 2540//2540 2541//2541 2559//2559 2558//2558
f 2541//2541 2542//2542 2560//2560 2559//2559
f 2542//2542 2543//2543 2561//2561 2560//2560
f 2543//2543 2544//2544 2562//2562 2561//2561
f 2544//2544 2545//2545 2563//2563 2562//2562
f 2545//2545 2546//2546 2564//2564 2563//2563
f 2546//2546 2547//2547 2565//2565 2564//2564
f 2547//2547 2530//2530 2548//2548 2565//2565
f 2548//2548 2549//2549 2567//2567 2566//2566
f 2549//2549 2550//2550 2568//2568 2567//2567
f 2550//2550 2551//2551 2569//2569 2568//2568
f 2551//2551 2552//2552 2570//2570 2569//2569
f 2552//2552 2553//2553 2571//2571 2570//2570
f 2553//2553 2554//2554 2572//2572 2571//2571
f 2554//2554 2555//2555 2573//2573 2572//2572
f 2555//2555 2556//2556 2574//2574 2573//2573
f 2556//2556 2557//2557 2575//2575 2574//2574
f 2557//2557 2558//2558 2576//2576 2575//2575
f 2558//2558 2559//2559 2577//2577 2576//2576
f 2559//2559 2560//2560 2578//2578 2577//2577
f 2560//2560 2561//2561 2579//2579 2578//2578
f 2561//2561 2562//2562 2580//2580 2579//2579
f 2562//2562 2563//2563 2581//2581 2580//2580
f 2563//2563 2564//2564 2582//2582 2581//2581
f 2564//2564 2565//2565 2583//2583 2582//2582
f 2565//2565 2548//2548 2566//2566 2583//2583
f 2566//2566 2567//2567 2585//2585 2584//2584
f 2567//2567 2568//2568 2586//2586 2585//2585
f 2568//2568 2569//2569 2587//2587 2586//2586
f 2569//2569 2570//2570 2588//2588 2587//2587
f 2570//2570 2571//2571 2589//2589 2588//2588
f 2571//2571 2572//2572 2590//2590 2589//2589
f 2572//2572 2573//2573 2591//2591 2590//2590
f 2573//2573 2574//2574 2592//2592 2591//2591
f 2574//2574 2575//2575 2593//2593 2592//2592
f 2575//2575 2576//2576 2594//2594 2593//2593
f 2576//2576 2577//2577 2595//2595 2594//2594
f 2577//2577 2578//2578 2596//2596 2595//2595
f 2578//2578 2579//2579 2597//2597 2596//2596
f 2579//2579 2580//2580 2598//2598 2597//2597
f 2580//2580 2581//2581 2599//2599 2598//2598
f 2581//2581 2582//2582 2600//2600 2599//2599
f 2582//2582 2583//2583 2601//2601 2600//2600
f 2583//2583 2566//2566 2584//2584 2601//2601
f 2584//2584 2585//2585 2603//2603 2602//2602
f 2585//2585 2586//2586 2604//2604 2603//2603
f 2586//2586 2587//2587 2605//2605 2604//2604
f 2587//2587 2588//2588 2606//2606 2605//2605
f 2588//2588 2589//2589 2607//2607 2606//2606
f 2589//2589 2590//2590 2608//2608 2607//2607
f 2590//2590 2591//2591 2609//2609 2608//2608
f 2591//2591 2592//2592 2610//2610 2609//2609
f 2592//2592 2593//2593 2611//2611 2610//2610
f 2593//2593 2594//2594 2612//2612 2611//2611
f 2594//2594 2595//2595 2613//2613 2612//2612
f 2595//2595 2596//2596 2614//2614 2613//2613
f 2596//2596 2597//2597 2615//2615 2614//2614
f 2597//2597 2598//2598 2616//2616 2615//2615
f 2598//2598 2599//2599 2617//2617 2616//2616
f 2599//2599 2600//2600 2618//2618 2617//2617
f 2600//2600 2601//2601 2619//2619 2618//2618
f 2601//2601 2584//2584 2602//2602 2619//2619
f 2602//2602 2603//2603 2621//2621 2620//2620
f 2603//2603 2604//2604 2622//2622 2621//2621
f 2604//2604 2605//2605 2623//2623 2622//2622
f 2605//2605 2606//2606 2624//2624 2623//2623
f 2606//2606 2607//2607 2625//2625 2624//2624
f 2607//2607 2608//2608 2626//2626 2625//2625
f 2608//2608 2609//2609 2627//2627 2626//2626
f 2609//2609 2610//2610 2628//2628 2627//2627
f 2610//2610 2611//2611 2629//2629 2628//2628
f 2611//2611 2612//2612 2630//2630 2629//2629
f 2612//2612 2613//2613 2631//2631 2630//2630
f 2613//2613 2614//2614 2632//2632 2631//2631
f 2614//2614 2615//2615 2633//2633 2632//2632
f 2615//2615 2616//2616 2634//2634 2633//2633
f 2616//2616 2617//2617 2635//2635 2634//2634
f 2617//2617 2618//2618 2636//2636 2635//2635
f 2618//2618 2619//2619 2637//2637 2636//2636
f 2619//2619 2602//2602 2620//2620 2637//2637
f 2620//2620 2621//2621 2639//2639 2638//2638
f 2621//2621 2622//2622 2640//2640 2639//2639
f 2622//2622 2623//2623 2641//2641 2640//2640
f 2623//2623 2624//2624 2642//2642 2641//2641
f 2624//2624 2625//2625 2643//2643 2642//2642
f 2625//2625 2626//2626 2644//2644 2643//2643
f 2626//2626 2627//2627 2645//2645 2644//2644
f 2627//2627 2628//2628 2646//2646 2645//2645
f 2628//2628 2629//2629 2647//2647 2646//2646
f 2629//2629 2630//2630 2648//2648 2647//2647
f 2630//2630 2631//2631 2649//2649 2648//2648
f 2631//2631 2632//2632 2650//2650 2649//2649
f 2632//2632 2633//2633 2651//2651 2650//2650
f 2633//2633 2634//2634 2652//2652 2651//2651
f 2634//2634 2635//2635 2653//2653 2652//2652
f 2635//2635 2636//2636 2654//2654 2653//2653
f 2636//2636 2637//2637 2655//2655 2654//2654
f 2637//2637 2620//2620 2638//2638 2655//2655
f 2638//2638 2639//2639 2656//2656
f 2639//2639 2640//2640 2657//2657
f 2640//2640 2641//2641 2658//2658
f 2641//2641 2642//2642 2659//2659
f 2642//2642 2643//2643 2660//2660
f 2643//2643 2644//2644 2661//2661
f 2644//2644 2645//2645 2662//2662
f 2645//2645 2646//2646 2663//2663
f 2646//2646 2647//2647 2664//2664
f 2647//2647 2648//2648 2665//2665
f 2648//2648 2649//2649 2666//2666
f 2649//2649 2650//2650 2667//2667
f 2650//2650 2651//2651 2668//2668
f 2651//2651 2652//2652 2669//2669
f 2652//2652 2653//2653 2670//2670
f 2653//2653 2654//2654 2671//2671
f 2654//2654 2655//2655 2672//2672
f 2655//2655 2638//2638 2673//2673
f 2674//2674 2675//2675 2692//2692
f 2675//2675 2676//2676 2693//2693
f 2676//2676 2677//2677 2694//2694
f 2677//2677 2678//2678 2695//2695
f 2678//2678 2679//2679 2696//2696
f 2679//2679 2680//2680 2697//2697
f 2680//2680 2681//2681 2698//2698
f 2681//2681 2682//2682 2699//2699
f 2682//2682 2683//2683 2700//2700
f 2683//2683 2684//2684 2701//2701
f 2684//2684 2685//2685 2702//2702
f 2685//2685 2686//2686 2703//2703
f 2686//2686 2687//2687 2704//2704
f 2687//2687 2688//2688 2705//2705
f 2688//2688 2689//2689 2706//2706
f 2689//2689 2690//2690 2707//2707
f 2690//2690 2691//2691 2708//2708
f 2691//2691 2674//2674 2709//2709
f 2710//2710 2712//2712 2711//2711
f 2710//2710 2713//2713 2712//2712
f 2710//2710 2714//2714 2713//2713
f 2710//2710 2715//2715 2714//2714
f 2710//2710 2716//2716 2715//2715
f 2710//2710 2717//2717 2716//2716
f 2710//2710 2718//2718 2717//2717
f 2710//2710 2719//2719 2718//2718
f 2710//2710 2720//2720 2719//2719
f 2710//2710 2721//2721 2720//2720
f 2710//2710 2722//2722 2721//2721
f 2710//2710 2723//2723 2722//2722
f 2710//2710 2724//2724 2723//2723
f 2710//2710 2725//2725 2724//2724
f 2710//2710 2726//2726 2725//2725
f 2710//2710 2727//2727 2726//2726
f 2710//2710 2728//2728 2727//2727
f 2710//2710 2711//2711 2728//2728
f 2729//2729 2748//2748 2747//2747
f 2730//2730 2749//2749 2748//2748
f 2731//2731 2750//2750 2749//2749
f 2732//2732 2751//2751 2750//2750
f 2733//2733 2752//2752 2751//2751
f 2734//2734 2753//2753 2752//2752
f 2735//2735 2754//2754 2753//2753
f 2736//2736 2755//2755 2754//2754
f 2737//2737 2756//2756 2755//2755
f 2738//2738 2757//2757 2756//2756
f 2739//2739 2758//2758 2757//2757
f 2740//2740 2759//2759 2758//2758
f 2741//2741 2760//2760 2759//2759
f 2742//2742 2761//2761 2760//2760
f 2743//2743 2762//2762 2761//2761
f 2744//2744 2763//2763 2762//2762
f 2745//2745 2764//2764 2763//2763
f 2746//2746 2747//2747 2764//2764
f 2747//2747 2748//2748 2766//2766 2765//2765
f 2748//2748 2749//2749 2767//2767 2766//2766
f 2749//2749 2750//2750 2768//2768 2767//2767
f 2750//2750 2751//2751 2769//2769 2768//2768
f 2751//2751 2752//2752 2770//2770 2769//2769
f 2752//2752 2753//2753 2771//2771 2770//2770
f 2753//2753 2754//2754 2772//2772 2771//2771
f 2754//2754 2755//2755 2773//2773 2772//2772
f 2755//2755 2756//2756 2774//2774 2773//2773
f 2756//2756 2757//2757 2775//2775 2774//2774
f 2757//2757 2758//2758 2776//2776 2775//2775
f 2758//2758 2759//2759 2777//2777 2776//2776
f 2759//2759 2760//2760 2778//2778 2777//2777
f 2760//2760 2761//2761 2779//2779 2778//2778
f 2761//2761 2762//2762 2780//2780 2779//2779
f 2762//2762 2763//2763 2781//2781 2780//2780
f 2763//2763 2764//2764 2782//2782 2781//2781
f 2764//2764 2747//2747 2765//2765 2782//2782
f 2765//2765 2766//2766 2784//2784 2783//2783
f 2766//2766 2767//2767 2785//2785 2784//2784
f 2767//2767 2768//2768 2786//2786 2785//2785
f 2768//2768 2769//2769 2787//2787 2786//2786
f 2769//2769 2770//2770 2788//2788 2787//2787
f 2770//2770 2771//2771 2789//2789 2788//2788
f 2771//2771 2772//2772 2790//2790 2789//2789
f 2772//2772 2773//2773 2791//2791 2790//2790
f 2773//2773 2774//2774 2792//2792 2791//2791
f 2774//2774 2775//2775 2793//2793 2792//2792
f 2775//2775 2776//2776 2794//2794 2793//2793
f 2776//2776 2777//2777 2795//2795 2794//2794
f 2777//2777 2778//2778 2796//2796 2795//2795
f 2778//2778 2779//2779 2797//2797 2796//2796
f 2779//2779 2780//2780 2798//2798 2797//2797
f 2780//2780 2781//2781 2799//2799 2798//2798
f 2781//2781 2782//2782 2800//2800 2799//2799
f 2782//2782 2765//2765 2783//2783 2800//2800
f 2783//2783 2784//2784 2802//2802 2801//2801
f 2784//2784 2785//2785 2803//2803 2802//2802
f 2785//2785 2786//2786 2804//2804 2803//2803
f 2786//2786 2787//2787 2805//2805 2804//2804
f 2787//2787 2788//2788 2806//2806 2805//2805
f 2788//2788 2789//2789 2807//2807 2806//2806
f 2789//2789 2790//2790 2808//2808 2807//2807
f 2790//2790 2791//2791 2809//2809 2808//2808
f 2791//2791 2792//2792 2810//2810 2809//2809
f 2792//2792 2793//2793 2811//2811 2810//2810
f 2793//2793 2794//2794 2812//2812 2811//2811
f 2794//2794 2795//2795 2813//2813 2812//2812
f 2795//2795 2796//2796 2814//2814 2813//2813
f 2796//2796 2797//2797 2815//2815 2814//2814
f 2797//2797 2798//2798 2816//2816 2815//2815
f 2798//2798 2799//2799 2817//2817 2816//2816
f 2799//2799 2800//2800 2818//2818 2817//2817
f 2800//2800 2783//2783 2801//2801 2818//2818
f 2801//2801 2802//2802 2820//2820 2819//2819
f 2802//2802 2803//2803 2821//2821 2820//2820
f 2803//2803 2804//2804 2822//2822 2821//2821
f 2804//2804 2805//2805 2823//2823 2822//2822
f 2805//2805 2806//2806 2824//2824 2823//2823
f 2806//2806 2807//2807 2825//2825 2824//2824
f 2807//2807 2808//2808 2826//2826 2825//2825
f 2808//2808 2809//2809 2827//2827 2826//2826
f 2809//2809 2810//2810 2828//2828 2827//2827
f 2810//2810 2811//2811 2829//2829 2828//2828
f 2811//2811 2812//2812 2830//2830 2829//2829
f 2812//2812 2813//2813 2831//2831 2830//2830
f 2813//2813 2814//2814 2832//2832 2831//2831
f 2814//2814 2815//2815 2833//2833 2832//2832
f 2815//2815 2816//2816 2834//2834 2833//2833
f 2816//2816 2817//2817 2835//2835 2834//2834
f 2817//2817 2818//2818 2836//2836 2835//2835
f 2818//2818 2801//2801 2819//2819 2836//2836
f 2819//2819 2820//2820 2838//2838 2837//2837
f 2820//2820 2821//2821 2839//2839 2838//2838
f 2821//2821 2822//2822 2840//2840 2839//2839
f 2822//2822 2823//2823 2841//2841 2840//2840
f 2823//2823 2824//2824 2842//2842 2841//2841
f 2824//2824 2825//2825 2843//2843 2842//2842
f 2825//2825 2826//2826 2844//2844 2843//2843
f 2826//2826 2827//2827 2845//2845 2844//2844
f 2827//2827 2828//2828 2846//2846 2845//2845
f 2828//2828 2829//2829 2847//2847 2846//2846
f 2829//2829 2830//2830 2848//2848 2847//2847
f 2830//2830 2831//2831 2849//2849 2848//2848
f 2831//2831 2832//2832 2850//2850 2849//2849
f 2832//2832 2833//2833 2851//2851 2850//2850
f 2833//2833 2834//2834 2852//2852 2851//2851
f 2834//2834 2835//2835 2853//2853 2852//2852
f 2835//2835 2836//2836 2854//2854 2853//2853
f 2836//2836 2819//2819 2837//2837 2854//2854
f 2837//2837 2838//2838 2856//2856 2855//2855
f 2838//2838 2839//2839 2857//2857 2856//2856
f 2839//2839 2840//2840 2858//2858 2857//2857
f 2840//2840 2841//2841 2859//2859 2858//2858
f 2841//2841 2842//2842 2860//2860 2859//2859
f 2842//2842 2843//2843 2861//2861 2860//2860
f 2843//2843 2844//2844 2862//2862 2861//2861
f 2844//2844 2845//2845 2863//2863 2862//2862
f 2845//2845 2846//2846 2864//2864 2863//2863
f 2846//2846 2847//2847 2865//2865 2864//2864
f 2847//2847 2848//2848 2866//2866 2865//2865
f 2848//2848 2849//2849 2867//2867 2866//2866
f 2849//2849 2850//2850 2868//2868 2867//2867
f 2850//2850 2851//2851 2869//2869 2868//2868
f 2851//2851 2852//2852 2870//2870 2869//2869
f 2852//2852 2853//2853 2871//2871 2870//2870
f 2853//2853 2854//2854 2872//2872 2871//2871
f 2854//2854 2837//2837 2855//2855 2872//2872
f 2855//2855 2856//2856 2873//2873
f 2856//2856 2857//2857 2874//2874
f 2857//2857 2858//2858 2875//2875
f 2858//2858 2859//2859 2876//2876
f 2859//2859 2860//2860 2877//2877
f 2860//2860 2861//2861 2878//2878
f 2861//2861 2862//2862 2879//2879
f 2862//2862 2863//2863 2880//2880
f 2863//2863 2864//2864 2881//2881
f 2864//2864 2865//2865 2882//2882
f 2865//2865 2866//2866 2883//2883
f 2866//2866 2867//2867 2884//2884
f 2867//2867 2868//2868 2885//2885
f 2868//2868 2869//2869 2886//2886
f 2869//2869 2870//2870 2887//2887
f 2870//2870 2871//2871 2888//2888
f 2871//2871 2872//2872 2889//2889
f 2872//2872 2855//2855 2890//2890
f 2891//2891 2892//2892 2909//2909
f 2892//2892 2893//2893 2910//2910
f 2893//2893 2894//2894 2911//2911
f 2894//2894 2895//2895 2912//2912
f 2895//2895 2896//2896 2913//2913
f 2896//2896 2897//2897 2914//2914
f 2897//2897 2898//2898 2915//2915
f 2898//2898 2899//2899 2916//2916
f 2899//2899 2900//2900 2917//2917
f 2900//2900 2901//2901 2918//2918
f 2901//2901 2902//2902 2919//2919
f 2902//2902 2903//2903 2920//2920
f 2903//2903 2904//2904 2921//2921
f 2904//2904 2905//2905 2922//2922
f 2905//2905 2906//2906 2923//2923
f 2906//2906 2907//2907 2924//2924
f 2907//2907 2908//2908 2925//2925
f 2908//2908 2891//2891 2926//2926
f 2927//2927 2929//2929 2928//2928
f 2927//2927 2930//2930 2929//2929
f 2927//2927 2931//2931 2930//2930
f 2927//2927 2932//2932 2931//2931
f 2927//2927 2933//2933 2932//2932
f 2927//2927 2934//2934 2933//2933
f 2927//2927 2935//2935 2934//2934
f 2927//2927 2936//2936 2935//2935
f 2927//2927 2937//2937 2936//2936
f 2927//2927 2938//2938 2937//2937
f 2927//2927 2939//2939 2938//2938
f 2927//2927 2940//2940 2939//2939
f 2927//2927 2941//2941 2940//2940
f 2927//2927 2942//2942 2941//2941
f 2927//2927 2943//2943 2942//2942
f 2927//2927 2944//2944 2943//2943
f 2927//2927 2945//2945 2944//2944
f 2927//2927 2928//2928 2945//2945
f 2946//2946 2965//2965 2964//2964
f 2947//2947 2966//2966 2965//2965
f 2948//2948 2967//2967 2966//2966
f 2949//2949 2968//2968 2967//2967
f 2950//2950 2969//2969 2968//2968
f 2951//2951 2970//2970 2969//2969
f 2952//2952 2971//2971 2970//2970
f 2953//2953 2972//2972 2971//2971
f 2954//2954 2973//2973 2972//2972
f 2955//2955 2974//2974 2973//2973
f 2956//2956 2975//2975 2974//2974
f 2957//2957 2976//2976 2975//2975
f 2958//2958 2977//2977 2976//2976
f 2959//2959 2978//2978 2977//2977
f 2960//2960 2979//2979 2978//2978
f 2961//2961 2980//2980 2979//2979
f 2962//2962 2981//2981 2980//2980
f 2963//2963 2964//2964 2981//2981
f 2964//2964 2965//2965 2983//2983 2982//2982
f 2965//2965 2966//2966 2984//2984 2983//2983
f 2966//2966 2967//2967 2985//2985 2984//2984
f 2967//2967 2968//2968 2986//2986 2985//2985
f 2968//2968 2969//2969 2987//2987 2986//2986
f 2969//2969 2970//2970 2988//2988 2987//2987
f 2970//2970 2971//2971 2989//2989 2988//2988
f 2971//2971 2972//2972 2990//2990 2989//2989
f 2972//2972 2973//2973 2991//2991 2990//2990
f 2973//2973 2974//2974 2992//2992 2991//2991
f 2974//2974 2975//2975 2993//2993 2992//2992
f 2975//2975 2976//2976 2994//2994 2993//2993
f 2976//2976 2977//2977 2995//2995 2994//2994
f 2977//2977 2978//2978 2996//2996 2995//2995
f 2978//2978 2979//2979 2997//2997 2996//2996
f 2979//2979 2980//2980 2998//2998 2997//2997
f 2980//2980 2981//2981 2999//2999 2998//2998
f 2981//2981 2964//2964 2982//2982 2999//2999
f 2982//2982 2983//2983 3001//3001 3000//3000
f 2983//2983 2984//2984 3002//3002 3001//3001
f 2984//2984 2985//2985 3003//3003 3002//3002
f 2985//2985 2986//2986 3004//3004 3003//3003
f 2986//2986 2987//2987 3005//3005 3004//3004
f 2987//2987 2988//2988 3006//3006 3005//3005
f 2988//2988 2989//2989 3007//3007 3006//3006
f 2989//2989 2990//2990 3008//3008 3007//3007
f 2990//2990 2991//2991 3009//3009 3008//3008
f 2991//2991 2992//2992 3010//3010 3009//3009
f 2992//2992 2993//2993 3011//3011 3010//3010
f 2993//2993 2994//2994 3012//3012 3011//3011
f 2994//2994 2995//2995 3013//3013 3012//3012
f 2995//2995 2996//2996 3014//3014 3013//3013
f 2996//2996 2997//2997 3015//3015 3014//3014
f 2997//2997 2998//2998 3016//3016 3015//3015
f 2998//2998 2999//2999 3017//3017 3016//3016
f 2999//2999 2982//2982 3000//3000 3017//3017
f 3000//3000 3001//3001 3019//3019 3018//3018
f 3001//3001 3002//3002 3020//3020 3019//3019
f 3002//3002 3003//3003 3021//3021 3020//3020
f 3003//3003 3004//3004 3022//3022 3021//3021
f 3004//3004 3005//3005 3023//3023 3022//3022
f 3005//3005 3006//3006 3024//3024 3023//3023
f 3006//3006 3007//3007 3025//3025 3024//3024
f 3007//3007 3008//3008 3026//3026 3025//3025
f 3008//3008 3009//3009 3027//3027 3026//3026
f 3009//3009 3010//3010 3028//3028 3027//3027
f 3010//3010 3011//3011 3029//3029 3028//3028
f 3011//3011 3012//3012 3030//3030 3029//3029
f 3012//3012 3013//3013 3031//3031 3030//3030
f 3013//3013 3014//3014 3032//3032 3031//3031
f 3014//3014 3015//3015 3033//3033 3032//3032
f 3015//3015 3016//3016 3034//3034 3033//3033
f 3016//3016 3017//3017 3035//3035 3034//3034
f 3017//3017 3000//3000 3018//3018 3035//3035
f 3018//3018 3019//3019 3037//3037 3036//3036
f 3019//3019 3020//3020 3038//3038 3037//3037
f 3020//3020 3021//3021 3039//3039 3038//3038
f 3021//3021 3022//3022 3040//3040 3039//3039
f 3022//3022 3023//3023 3041//3041 3040//3040
f 3023//3023 3024//3024 3042//3042 3041//3041
f 3024//3024 3025//3025 3043//3043 3042//3042
f 3025//3025 3026//3026 3044//3044 3043//3043
f 3026//3026 3027//3027 3045//3045 3044//3044
f 3027//3027 3028//3028 3046//3046 3045//3045
f 3028//3028 3029//3029 3047//3047 3046//3046
f 3029//3029 3030//3030 3048//3048 3047//3047
f 3030//3030 3031//3031 3049//3049 3048//3048
f 3031//3031 3032//3032 3050//3050 3049//3049
f 3032//3032 3033//3033 3051//3051 3050//3050
f 3033//3033 3034//3034 3052//3052 3051//3051
f 3034//3034 3035//3035 3053//3053 3052//3052
f 3035//3035 3018//3018 3036//3036 3053//3053
f 3036//3036 3037//3037 3055//3055 3054//3054
f 3037//3037 3038//3038 3056//3056 3055//3055
f 3038//3038 3039//3039 3057//3057 3056//3056
f 3039//3039 3040//3040 3058//3058 3057//3057
f 3040//3040 3041//3041 3059//3059 3058//3058
f 3041//3041 3042//3042 3060//3060 3059//3059
f 3042//3042 3043//3043 3061//3061 3060//3060
f 3043//3043 3044//3044 3062//3062 3061//3061
f 3044//3044 3045//3045 3063//3063 3062//3062
f 3045//3045 3046//3046 3064//3064 3063//3063
f 3046//3046 3047//3047 3065//3065 3064//3064
f 3047//3047 3048//3048 3066//3066 3065//3065
f 3048//3048 3049//3049 3067//3067 3066//3066
f 3049//3049 3050//3050 3068//3068 3067//3067
f 3050//3050 3051//3051 3069//3069 3068//3068
f 3051//3051 3052//3052 3070//3070 3069//3069
f 3052//3052 3053//3053 3071//3071 3070//3070
f 3053//3053 3036//3036 3054//3054 3071//3071
f 3054//3054 3055//3055 3073//3073 3072//3072
f 3055//3055 3056//3056 3074//3074 3073//3073
f 3056//3056 3057//3057 3075//3075 3074//3074
f 3057//3057 3058//3058 3076//3076 3075//3075
f 3058//3058 3059//3059 3077//3077 3076//3076
f 3059//3059 3060//3060 3078//3078 3077//3077
f 3060//3060 3061//3061 3079//3079 3078//3078
f 3061//3061 3062//3062 3080//3080 3079//3079
f 3062//3062 3063//3063 3081//3081 3080//3080
f 3063//3063 3064//3064 3082//3082 3081//3081
f 3064//3064 3065//3065 3083//3083 3082//3082
f 3065//3065 3066//3066 3084//3084 3083//3083
f 3066//3066 3067//3067 3085//3085 3084//3084
f 3067//3067 3068//3068 3086//3086 3085//3085
f 3068//3068 3069//3069 3087//3087 3086//3086
f 3069//3069 3070//3070 3088//3088 3087//3087
f 3070//3070 3071//3071 3089//3089 3088//3088
f 3071//3071 3054//3054 3072//3072 3089//3089
f 3072//3072 3073//3073 3090//3090
f 3073//3073 3074//3074 3091//3091
f 3074//3074 3075//3075 3092//3092
f 3075//3075 3076//3076 3093//3093
f 3076//3076 3077//3077 3094//3094
f 3077//3077 3078//3078 3095//3095
f 3078//3078 3079//3079 3096//3096
f 3079//3079 3080//3080 3097//3097
f 3080//3080 3081//3081 3098//3098
f 3081//3081 3082//3082 3099//3099
f 3082//3082 3083//3083 3100//3100
f 3083//3083 3084//3084 3101//3101
f 3084//3084 3085//3085 3102//3102
f 3085//3085 3086//3086 3103//3103
f 3086//3086 3087//3087 3104//3104
f 3087//3087 3088//3088 3105//3105
f 3088//3088 3089//3089 3106//3106
f 3089//3089 3072//3072 3107//3107
f 3108//3108 3109//3109 3126//3126
f 3109//3109 3110//3110 3127//3127
f 3110//3110 3111//3111 3128//3128
f 3111//3111 3112//3112 3129//3129
f 3112//3112 3113//3113 3130//3130
f 3113//3113 3114//3114 3131//3131
f 3114//3114 3115//3115 3132//3132
f 3115//3115 3116//3116 3133//3133
f 3116//3116 3117//3117 3134//3134
f 3117//3117 3118//3118 3135//3135
f 3118//3118 3119//3119 3136//3136
f 3119//3119 3120//3120 3137//3137
f 3120//3120 3121//3121 3138//3138
f 3121//3121 3122//3122 3139//3139
f 3122//3122 3123//3123 3140//3140
f 3123//3123 3124//3124 3141//3141
f 3124//3124 3125//3125 3142//3142
f 3125//3125 3108//3108 3143//3143
f 3144//3144 3146//3146 3145//3145
f 3144//3144 3147//3147 3146//3146
f 3144//3144 3148//3148 3147//3147
f 3144//3144 3149//3149 3148//3148
f 3144//3144 3150//3150 3149//3149
f 3144//3144 3151//3151 3150//3150
f 3144//3144 3152//3152 3151//3151
f 3144//3144 3153//3153 3152//3152
f 3144//3144 3154//3154 3153//3153
f 3144//3144 3155//3155 3154//3154
f 3144//3144 3156//3156 3155//3155
f 3144//3144 3157//3157 3156//3156
f 3144//3144 3158//3158 3157//3157
f 3144//3144 3159//3159 3158//3158
f 3144//3144 3160//3160 3159//3159
f 3144//3144 3161//3161 3160//3160
f 3144//3144 3162//3162 3161//3161
f 3144//3144 3145//3145 3162//3162
f 3163//3163 3182//3182 3181//3181
f 3164//3164 3183//3183 3182//3182
f 3165//3165 3184//3184 3183//3183
f 3166//3166 3185//3185 3184//3184
f 3167//3167 3186//3186 3185//3185
f 3168//3168 3187//3187 3186//3186
f 3169//3169 3188//3188 3187//3187
f 3170//3170 3189//3189 3188//3188
f 3171//3171 3190//3190 3189//3189
f 3172//3172 3191//3191 3190//3190
f 3173//3173 3192//3192 3191//3191
f 3174//3174 3193//3193 3192//3192
f 3175//3175 3194//3194 3193//3193
f 3176//3176 3195//3195 3194//3194
f 3177//3177 3196//3196 3195//3195
f 3178//3178 3197//3197 3196//3196
f 3179//3179 3198//3198 3197//3197
f 3180//3180 3181//3181 3198//3198
f 3181//3181 3182//3182 3200//3200 3199//3199
f 3182//3182 3183//3183 3201//3201 3200//3200
f 3183//3183 3184//3184 3202//3202 3201//3201
f 3184//3184 3185//3185 3203//3203 3202//3202
f 3185//3185 3186//3186 3204//3204 3203//3203
f 3186//3186 3187//3187 3205//3205 3204//3204
f 3187//3187 3188//3188 3206//3206 3205//3205
f 3188//3188 3189//3189 3207//3207 3206//3206
f 3189//3189 3190//3190 3208//3208 3207//3207
f 3190//3190 3191//3191 3209//3209 3208//3208
f 3191//3191 3192//3192 3210//3210 3209//3209
f 3192//3192 3193//3193 3211//3211 3210//3210
f 3193//3193 3194//3194 3212//3212 3211//3211
f 3194//3194 3195//3195 3213//3213 3212//3212
f 3195//3195 3196//3196 3214//3214 3213//3213
f 3196//3196 3197//3197 3215//3215 3214//3214
f 3197//3197 3198//3198 3216//3216 3215//3215
f 3198//3198 3181//3181 3199//3199 3216//3216
f 3199//3199 3200//3200 3218//3218 3217//3217
f 3200//3200 3201//3201 3219//3219 3218//3218
f 3201//3201 3202//3202 3220//3220 3219//3219
f 3202//3202 3203//3203 3221//3221 3220//3220
f 3203//3203 3204//3204 3222//3222 3221//3221
f 3204//3204 3205//3205 3223//3223 3222//3222
f 3205//3205 3206//3206 3224//3224 3223//3223
f 3206//3206 3207//3207 3225//3225 3224//3224
f 3207//3207 3208//3208 3226//3226 3225//3225
f 3208//3208 3209//3209 3227//3227 3226//3226
f 3209//3209 3210//3210 3228//3228 3227//3227
f 3210//3210 3211//3211 3229//3229 3228//3228
f 3211//3211 3212//3212 3230//3230 3229//3229
f 3212//3212 3213//3213 3231//3231 3230//3230
f 3213//3213 3214//3214 3232//3232 3231//3231
f 3214//3214 3215//3215 3233//3233 3232//3232
f 3215//3215 3216//3216 3234//3234 3233//3233
f 3216//3216 3199//3199 3217//3217 3234//3234
f 3217//3217 3218//3218 3236//3236 3235//3235
f 3218//3218 3219//3219 3237//3237 3236//3236
f 3219//3219 3220//3220 3238//3238 3237//3237
f 3220//3220 3221//3221 3239//3239 3238//3238
f 3221//3221 3222//3222 3240//3240 3239//3239
f 3222//3222 3223//3223 3241//3241 3240//3240
f 3223//3223 3224//3224 3242//3242 3241//3241
f 3224//3224 3225//3225 3243//3243 3242//3242
f 3225//3225 3226//3226 3244//3244 3243//3243
f 3226//3226 3227//3227 3245//3245 3244//3244
f 3227//3227 3228//3228 3246//3246 3245//3245
f 3228//3228 3229//3229 3247//3247 3246//3246
f 3229//3229 3230//3230 3248//3248 3247//3247
f 3230//3230 3231//3231 3249//3249 3248//3248
f 3231//3231 3232//3232 3250//3250 3249//3249
f 3232//3232 3233//3233 3251//3251 3250//3250
f 3233//3233 3234//3234 3252//3252 3251//3251
f 3234//3234 3217//3217 3235//3235 3252//3252
f 3235//3235 3236//3236 3254//3254 3253//3253
f 3236//3236 3237//3237 3255//3255 3254//3254
f 3237//3237 3238//3238 3256//3256 3255//3255
f 3238//3238 3239//3239 3257//3257 3256//3256
f 3239//3239 3240//3240 3258//3258 3257//3257
f 3240//3240 3241//3241 3259//3259 3258//3258
f 3241//3241 3242//3242 3260//3260 3259//3259
f 3242//3242 3243//3243 3261//3261 3260//3260
f 3243//3243 3244//3244 3262//3262 3261//3261
f 3244//3244 3245//3245 3263//3263 3262//3262
f 3245//3245 3246//3246 3264//3264 3263//3263
f 3246//3246 3247//3247 3265//3265 3264//3264
f 3247//3247 3248//3248 3266//3266 3265//3265
f 3248//3248 3249//3249 3267//3267 3266//3266
f 3249//3249 3250//3250 3268//3268 3267//3267
f 3250//3250 3251//3251 3269//3269 3268//3268
f 3251//3251 3252//3252 3270//3270 3269//3269
f 3252//3252 3235//3235 3253//3253 3270//3270
f 3253//3253 3254//3254 3272//3272 3271//3271
f 3254//3254 3255//3255 3273//3273 3272//3272
f 3255//3255 3256//3256 3274//3274 3273//3273
f 3256//3256 3257//3257 3275//3275 3274//3274
f 3257//3257 3258//3258 3276//3276 3275//3275
f 3258//3258 3259//3259 3277//3277 3276//3276
f 3259//3259 3260//3260 3278//3278 3277//3277
f 3260//3260 3261//3261 3279//3279 3278//3278
f 3261//3261 3262//3262 3280//3280 3279//3279
f 3262//3262 3263//3263 3281//3281 3280//3280
f 3263//3263 3264//3264 3282//3282 3281//3281
f 3264//3264 3265//3265 3283//3283 3282//3282
f 3265//3265 3266//3266 3284//3284 3283//3283
f 3266//3266 3267//3267 3285//3285 3284//3284
f 3267//3267 3268//3268 3286//3286 3285//3285
f 3268//3268 3269//3269 3287//3287 3286//3286
f 3269//3269 3270//3270 3288//3288 3287//3287
f 3270//3270 3253//3253 3271//3271 3288//3288
f 3271//3271 3272//3272 3290//3290 3289//3289
f 3272//3272 3273//3273 3291//3291 3290//3290
f 3273//3273 3274//3274 3292//3292 3291//3291
f 3274//3274 3275//3275 3293//3293 3292//3292
f 3275//3275 3276//3276 3294//3294 3293//3293
f 3276//3276 3277//3277 3295//3295 3294//3294
f 3277//3277 3278//3278 3296//3296 3295//3295
f 3278//3278 3279//3279 3297//3297 3296//3296
f 3279//3279 3280//3280 3298//3298 3297//3297
f 3280//3280 3281//3281 3299//3299 3298//3298
f 3281//3281 3282//3282 3300//3300 3299//3299
f 3282//3282 3283//3283 3301//3301 3300//3300
f 3283//3283 3284//3284 3302//3302 3301//3301
f 3284//3284 3285//3285 3303//3303 3302//3302
f 3285//3285 3286//3286 3304//3304 3303//3303
f 3286//3286 3287//3287 3305//3305 3304//3304
f 3287//3287 3288//3288 3306//3306 3305//3305
f 3288//3288 3271//3271 3289//3289 3306//3306
f 3289//3289 3290//3290 3307//3307
f 3290//3290 3291//3291 3308//3308
f 3291//3291 3292//3292 3309//3309
f 3292//3292 3293//3293 3310//3310
f 3293//3293 3294//3294 3311//3311
f 3294//3294 3295//3295 3312//3312
f 3295//3295 3296//3296 3313//3313
f 3296//3296 3297//3297 3314//3314
f 3297//3297 3298//3298 3315//3315
f 3298//3298 3299//3299 3316//3316
f 3299//3299 3300//3300 3317//3317
f 3300//3300 3301//3301 3318//3318
f 3301//3301 3302//3302 3319//3319
f 3302//3302 3303//3303 3320//3320
f 3303//3303 3304//3304 3321//3321
f 3304//3304 3305//3305 3322//3322
f 3305//3305 3306//3306 3323//3323
f 3306//3306 3289//3289 3324//3324
f 3325//3325 3326//3326 3349//3349
f 3326//3326 3327//3327 3350//3350
f 3327//3327 3328//3328 3351//3351
f 3328//3328 3329//3329 3352//3352
f 3329//3329 3330//3330 3353//3353
f 3330//3330 3331//3331 3354//3354
f 3331//3331 3332//3332 3355//3355
f 3332//3332 3333//3333 3356//3356
f 3333//3333 3334//3334 3357//3357
f 3334//3334 3335//3335 3358//3358
f 3335//3335 3336//3336 3359//3359
f 3336//3336 3337//3337 3360//3360
f 3337//3337 3338//3338 3361//3361
f 3338//3338 3339//3339 3362//3362
f 3339//3339 3340//3340 3363//3363
f 3340//3340 3341//3341 3364//3364
f 3341//3341 3342//3342 3365//3365
f 3342//3342 3343//3343 3366//3366
f 3343//3343 3344//3344 3367//3367
f 3344//3344 3345//3345 3368//3368
f 3345//3345 3346//3346 3369//3369
f 3346//3346 3347//3347 3370//3370
f 3347//3347 3348//3348 3371//3371
f 3348//3348 3325//3325 3372//3372
f 3373//3373 3375//3375 3374//3374
f 3373//3373 3376//3376 3375//3375
f 3373//3373 3377//3377 3376//3376
f 3373//3373 3378//3378 3377//3377
f 3373//3373 3379//3379 3378//3378
f 3373//3373 3380//3380 3379//3379
f 3373//3373 3381//3381 3380//3380
f 3373//3373 3382//3382 3381//3381
f 3373//3373 3383//3383 3382//3382
f 3373//3373 3384//3384 3383//3383
f 3373//3373 3385//3385 3384//3384
f 3373//3373 3386//3386 3385//3385
f 3373//3373 3387//3387 3386//3386
f 3373//3373 3388//3388 3387//3387
f 3373//3373 3389//3389 3388//3388
f 3373//3373 3390//3390 3389//3389
f 3373//3373 3391//3391 3390//3390
f 3373//3373 3392//3392 3391//3391
f 3373//3373 3393//3393 3392//3392
f 3373//3373 3394//3394 3393//3393
f 3373//3373 3395//3395 3394//3394
f 3373//3373 3396//3396 3395//3395
f 3373//3373 3397//3397 3396//3396
f 3373//3373 3374//3374 3397//3397
f 3398//3398 3423//3423 3422//3422
f 3399//3399 3424//3424 3423//3423
f 3400//3400 3425//3425 3424//3424
f 3401//3401 3426//3426 3425//3425
f 3402//3402 3427//3427 3426//3426
f 3403//3403 3428//3428 3427//3427
f 3404//3404 3429//3429 3428//3428
f 3405//3405 3430//3430 3429//3429
f 3406//3406 3431//3431 3430//3430
f 3407//3407 3432//3432 3431//3431
f 3408//3408 3433//3433 3432//3432
f 3409//3409 3434//3434 3433//3433
f 3410//3410 3435//3435 3434//3434
f 3411//3411 3436//3436 3435//3435
f 3412//3412 3437//3437 3436//3436
f 3413//3413 3438//3438 3437//3437
f 3414//3414 3439//3439 3438//3438
f 3415//3415 3440//3440 3439//3439
f 3416//3416 3441//3441 3440//3440
f 3417//3417 3442//3442 3441//3441
f 3418//3418 3443//3443 3442//3442
f 3419//3419 3444//3444 3443//3443
f 3420//3420 3445//3445 3444//3444
f 3421//3421 3422//3422 3445//3445
f 3422//3422 3423//3423 3447//3447 3446//3446
f 3423//3423 3424//3424 3448//3448 3447//3447
f 3424//3424 3425//3425 3449//3449 3448//3448
f 3425//3425 3426//3426 3450//3450 3449//3449
f 3426//3426 3427//3427 3451//3451 3450//3450
f 3427//3427 3428//3428 3452//3452 3451//3451
f 3428//3428 3429//3429 3453//3453 3452//3452
f 3429//3429 3430//3430 3454//3454 3453//3453
f 3430//3430 3431//3431 3455//3455 3454//3454
f 3431//3431 3432//3432 3456//3456 3455//3455
f 3432//3432 3433//3433 3457//3457 3456//3456
f 3433//3433 3434//3434 3458//3458 3457//3457
f 3434//3434 3435//3435 3459//3459 3458//3458
f 3435//3435 3436//3436 3460//3460 3459//3459
f 3436//3436 3437//3437 3461//3461 3460//3460
f 3437//3437 3438//3438 3462//3462 3461//3461
f 3438//3438 3439//3439 3463//3463 3462//3462
f 3439//3439 3440//3440 3464//3464 3463//3463
f 3440//3440 3441//3441 3465//3465 3464//3464
f 3441//3441 3442//3442 3466//3466 3465//3465
f 3442//3442 3443//3443 3467//3467 3466//3466
f 3443//3443 3444//3444 3468//3468 3467//3467
f 3444//3444 3445//3445 3469//3469 3468//3468
f 3445//3445 3422//3422 3446//3446 3469//3469
f 3446//3446 3447//3447 3471//3471 3470//3470
f 3447//3447 3448//3448 3472//3472 3471//3471
f 3448//3448 3449//3449 3473//3473 3472//3472
f 3449//3449 3450//3450 3474//3474 3473//3473
f 3450//3450 3451//3451 3475//3475 3474//3474
f 3451//3451 3452//3452 3476//3476 3475//3475
f 3452//3452 3453//3453 3477//3477 3476//3476
f 3453//3453 3454//3454 3478//3478 3477//3477
f 3454//3454 3455//3455 3479//3479 3478//3478
f 3455//3455 3456//3456 3480//3480 3479//3479
f 3456//3456 3457//3457 3481//3481 3480//3480
f 3457//3457 3458//3458 3482//3482 3481//3481
f 3458//3458 3459//3459 3483//3483 3482//3482
f 3459//3459 3460//3460 3484//3484 3483//3483
f 3460//3460 3461//3461 3485//3485 3484//3484
f 3461//3461 3462//3462 3486//3486 3485//3485
f 3462//3462 3463//3463 3487//3487 3486//3486
f 3463//3463 3464//3464 3488//3488 3487//3487
f 3464//3464 3465//3465 3489//3489 3488//3488
f 3465//3465 3466//3466 3490//3490 3489//3489
f 3466//3466 3467//3467 3491//3491 3490//3490
f 3467//3467 3468//3468 3492//3492 3491//3491
f 3468//3468 3469//3469 3493//3493 3492//3492
f 3469//3469 3446//3446 3470//3470 3493//3493
f 3470//3470 3471//3471 3495//3495 3494//3494
f 3471//3471 3472//3472 3496//3496 3495//3495
f 3472//3472 3473//3473 3497//3497 3496//3496
f 3473//3473 3474//3474 3498//3498 3497//3497
f 3474//3474 3475//3475 3499//3499 3498//3498
f 3475//3475 3476//3476 3500//3500 3499//3499
f 3476//3476 3477//3477 3501//3501 3500//3500
f 3477//3477 3478//3478 3502//3502 3501//3501
f 3478//3478 3479//3479 3503//3503 3502//3502
f 3479//3479 3480//3480 3504//3504 3503//3503
f 3480//3480 3481//3481 3505//3505 3504//3504
f 3481//3481 3482//3482 3506//3506 3505//3505
f 3482//3482 3483//3483 3507//3507 3506//3506
f 3483//3483 3484//3484 3508//3508 3507//3507
f 3484//3484 3485//3485 3509//3509 3508//3508
f 3485//3485 3486//3486 3510//3510 3509//3509
f 3486//3486 3487//3487 3511//3511 3510//3510
f 3487//3487 3488//3488 3512//3512 3511//3511
f 3488//3488 3489//3489 3513//3513 3512//3512
f 3489//3489 3490//3490 3514//3514 3513//3513
f 3490//3490 3491//3491 3515//3515 3514//3514
f 3491//3491 3492//3492 3516//3516 3515//3515
f 3492//3492 3493//3493 3517//3517 3516//3516
f 3493//3493 3470//3470 3494//3494 3517//3517
f 3494//3494 3495//3495 3519//3519 3518//3518
f 3495//3495 3496//3496 3520//3520 3519//3519
f 3496//3496 3497//3497 3521//3521 3520//3520
f 3497//3497 3498//3498 3522//3522 3521//3521
f 3498//3498 3499//3499 3523//3523 3522//3522
f 3499//3499 3500//3500 3524//3524 3523//3523
f 3500//3500 3501//3501 3525//3525 3524//3524
f 3501//3501 3502//3502 3526//3526 3525//3525
f 3502//3502 3503//3503 3527//3527 3526//3526
f 3503//3503 3504//3504 3528//3528 3527//3527
f 3504//3504 3505//3505 3529//3529 3528//3528
f 3505//3505 3506//3506 3530//3530 3529//3529
f 3506//3506 3507//3507 3531//3531 3530//3530
f 3507//3507 3508//3508 3532//3532 3531//3531
f 3508//3508 3509//3509 3533//3533 3532//3532
f 3509//3509 3510//3510 3534//3534 3533//3533
f 3510//3510 3511//3511 3535//3535 3534//3534
f 3511//3511 3512//3512 3536//3536 3535//3535
f 3512//3512 3513//3513 3537//3537 3536//3536
f 3513//3513 3514//3514 3538//3538 3537//3537
f 3514//3514 3515//3515 3539//3539 3538//3538
f 3515//3515 3516//3516 3540//3540 3539//3539
f 3516//3516 3517//3517 3541//3541 3540//3540
f 3517//3517 3494//3494 3518//3518 3541//3541
f 3518//3518 3519//3519 3543//3543 3542//3542
f 3519//3519 3520//3520 3544//3544 3543//3543
f 3520//3520 3521//3521 3545//3545 3544//3544
f 3521//3521 3522//3522 3546//3546 3545//3545
f 3522//3522 3523//3523 3547//3547 3546//3546
f 3523//3523 3524//3524 3548//3548 3547//3547
f 3524//3524 3525//3525 3549//3549 3548//3548
f 3525//3525 3526//3526 3550//3550 3549//3549
f 3526//3526 3527//3527 3551//3551 3550//3550
f 3527//3527 3528//3528 3552//3552 3551//3551
f 3528//3528 3529//3529 3553//3553 3552//3552
f 3529//3529 3530//3530 3554//3554 3553//3553
f 3530//3530 3531//3531 3555//3555 3554//3554
f 3531//3531 3532//3532 3556//3556 3555//3555
f 3532//3532 3533//3533 3557//3557 3556//3556
f 3533//3533 3534//3534 3558//3558 3557//3557
f 3534//3534 3535//3535 3559//3559 3558//3558
f 3535//3535 3536//3536 3560//3560 3559//3559
f 3536//3536 3537//3537 3561//3561 3560//3560
f 3537//3537 3538//3538 3562//3562 3561//3561
f 3538//3538 3539//3539 3563//3563 3562//3562
f 3539//3539 3540//3540 3564//3564 3563//3563
f 3540//3540 3541//3541 3565//3565 3564//3564
f 3541//3541 3518//3518 3542//3542 3565//3565
f 3542//3542 3543//3543 3567//3567 3566//3566
f 3543//3543 3544//3544 3568//3568 3567//3567
f 3544//3544 3545//3545 3569//3569 3568//3568
f 3545//3545 3546//3546 3570//3570 3569//3569
f 3546//3546 3547//3547 3571//3571 3570//3570
f 3547//3547 3548//3548 3572//3572 3571//3571
f 3548//3548 3549//3549 3573//3573 3572//3572
f 3549//3549 3550//3550 3574//3574 3573//3573
f 3550//3550 3551//3551 3575//3575 3574//3574
f 3551//3551 3552//3552 3576//3576 3575//3575
f 3552//3552 3553//3553 3577//3577 3576//3576
f 3553//3553 3554//3554 3578//3578 3577//3577
f 3554//3554 3555//3555 3579//3579 3578//3578
f 3555//3555 3556//3556 3580//3580 3579//3579
f 3556//3556 3557//3557 3581//3581 3580//3580
f 3557//3557 3558//3558 3582//3582 3581//3581
f 3558//3558 3559//3559 3583//3583 3582//3582
f 3559//3559 3560//3560 3584//3584 3583//3583
f 3560//3560 3561//3561 3585//3585 3584//3584
f 3561//3561 3562//3562 3586//3586 3585//3585
f 3562//3562 3563//3563 3587//3587 3586//3586
f 3563//3563 3564//3564 3588//3588 3587//3587
f 3564//3564 3565//3565 3589//3589 3588//3588
f 3565//3565 3542//3542 3566//3566 3589//3589
f 3566//3566 3567//3567 3591//3591 3590//3590
f 3567//3567 3568//3568 3592//3592 3591//3591
f 3568//3568 3569//3569 3593//3593 3592//3592
f 3569//3569 3570//3570 3594//3594 3593//3593
f 3570//3570 3571//3571 3595//3595 3594//3594
f 3571//3571 3572//3572 3596//3596 3595//3595
f 3572//3572 3573//3573 3597//3597 3596//3596
f 3573//3573 3574//3574 3598//3598 3597//3597
f 3574//3574 3575//3575 3599//3599 3598//3598
f 3575//3575 3576//3576 3600//3600 3599//3599
f 3576//3576 3577//3577 3601//3601 3600//3600
f 3577//3577 3578//3578 3602//3602 3601//3601
f 3578//3578 3579//3579 3603//3603 3602//3602
f 3579//3579 3580//3580 3604//3604 3603//3603
f 3580//3580 3581//3581 3605//3605 3604//3604
f 3581//3581 3582//3582 3606//3606 3605//3605
f 3582//3582 3583//3583 3607//3607 3606//3606
f 3583//3583 3584//3584 3608//3608 3607//3607
f 3584//3584 3585//3585 3609//3609 3608//3608
f 3585//3585 3586//3586 3610//3610 3609//3609
f 3586//3586 3587//3587 3611//3611 3610//3610
f 3587//3587 3588//3588 3612//3612 3611//3611
f 3588//3588 3589//3589 3613//3613 3612//3612
f 3589//3589 3566//3566 3590//3590 3613//3613
f 3590//3590 3591//3591 3615//3615 3614//3614
f 3591//3591 3592//3592 3616//3616 3615//3615
f 3592//3592 3593//3593 3617//3617 3616//3616
f 3593//3593 3594//3594 3618//3618 3617//3617
f 3594//3594 3595//3595 3619//3619 3618//3618
f 3595//3595 3596//3596 3620//3620 3619//3619
f 3596//3596 3597//3597 3621//3621 3620//3620
f 3597//3597 3598//3598 3622//3622 3621//3621
f 3598//3598 3599//3599 3623//3623 3622//3622
f 3599//3599 3600//3600 3624//3624 3623//3623
f 3600//3600 3601//3601 3625//3625 3624//3624
f 3601//3601 3602//3602 3626//3626 3625//3625
f 3602//3602 3603//3603 3627//3627 3626//3626
f 3603//3603 3604//3604 3628//3628 3627//3627
f 3604//3604 3605//3605 3629//3629 3628//3628
f 3605//3605 3606//3606 3630//3630 3629//3629
f 3606//3606 3607//3607 3631//3631 3630//3630
f 3607//3607 3608//3608 3632//3632 3631//3631
f 3608//3608 3609//3609 3633//3633 3632//3632
f 3609//3609 3610//3610 3634//3634 3633//3633
f 3610//3610 3611//3611 3635//3635 3634//3634
f 3611//3611 3612//3612 3636//3636 3635//3635
f 3612//3612 3613//3613 3637//3637 3636//3636
f 3613//3613 3590//3590 3614//3614 3637//3637
f 3614//3614 3615//3615 3638//3638
f 3615//3615 3616//3616 3639//3639
f 3616//3616 3617//3617 3640//3640
f 3617//3617 3618//3618 3641//3641
f 3618//3618 3619//3619 3642//3642
f 3619//3619 3620//3620 3643//3643
f 3620//3620 3621//3621 3644//3644
f 3621//3621 3622//3622 3645//3645
f 3622//3622 3623//3623 3646//3646
f 3623//3623 3624//3624 3647//3647
f 3624//3624 3625//3625 3648//3648
f 3625//3625 3626//3626 3649//3649
f 3626//3626 3627//3627 3650//3650
f 3627//3627 3628//3628 3651//3651
f 3628//3628 3629//3629 3652//3652
f 3629//3629 3630//3630 3653//3653
f 3630//3630 3631//3631 3654//3654
f 3631//3631 3632//3632 3655//3655
f 3632//3632 3633//3633 3656//3656
f 3633//3633 3634//3634 3657//3657
f 3634//3634 3635//3635 3658//3658
f 3635//3635 3636//3636 3659//3659
f 3636//3636 3637//3637 3660//3660
f 3637//3637 3614//3614 3661//3661
